census_year,code,prefecture,gun,muni_name,zone
1980,01100,北海道,,札幌市,1
1980,01202,北海道,,函館市,2
1980,01203,北海道,,小樽市,3
1980,01204,北海道,,旭川市,4
1980,01205,北海道,,室蘭市,5
1980,01206,北海道,,釧路市,6
1980,01207,北海道,,帯広市,7
1980,01208,北海道,,北見市,8
1980,01209,北海道,,夕張市,9
1980,01210,北海道,,岩見沢市,10
1980,01211,北海道,,網走市,11
1980,01212,北海道,,留萌市,12
1980,01213,北海道,,苫小牧市,13
1980,01214,北海道,,稚内市,14
1980,01215,北海道,,美唄市,10
1980,01216,北海道,,芦別市,15
1980,01217,北海道,,江別市,1
1980,01218,北海道,,赤平市,15
1980,01219,北海道,,紋別市,16
1980,01220,北海道,,士別市,17
1980,01221,北海道,,名寄市,18
1980,01222,北海道,,三笠市,10
1980,01223,北海道,,根室市,19
1980,01224,北海道,,千歳市,20
1980,01225,北海道,,滝川市,21
1980,01226,北海道,,砂川市,21
1980,01227,北海道,,歌志内市,15
1980,01228,北海道,,深川市,22
1980,01229,北海道,,富良野市,23
1980,01230,北海道,,登別市,5
1980,01231,北海道,,恵庭市,20
1980,01233,北海道,,伊達市,24
1980,01301,北海道,石狩支庁,広島町,1
1980,01302,北海道,石狩支庁,石狩町,1
1980,01303,北海道,石狩支庁,当別町,1
1980,01304,北海道,石狩支庁,新篠津村,25
1980,01305,北海道,石狩支庁,厚田村,1
1980,01306,北海道,石狩支庁,浜益村,26
1980,01331,北海道,渡島支庁,松前町,27
1980,01332,北海道,渡島支庁,福島町,27
1980,01333,北海道,渡島支庁,知内町,2
1980,01334,北海道,渡島支庁,木古内町,2
1980,01335,北海道,渡島支庁,上磯町,2
1980,01336,北海道,渡島支庁,大野町,2
1980,01337,北海道,渡島支庁,七飯町,2
1980,01339,北海道,渡島支庁,戸井町,2
1980,01340,北海道,渡島支庁,尻岸内町,28
1980,01341,北海道,渡島支庁,椴法華村,28
1980,01342,北海道,渡島支庁,南茅部町,29
1980,01343,北海道,渡島支庁,鹿部村,30
1980,01344,北海道,渡島支庁,砂原町,30
1980,01345,北海道,渡島支庁,森町,30
1980,01346,北海道,渡島支庁,八雲町,31
1980,01347,北海道,渡島支庁,長万部町,32
1980,01361,北海道,檜山支庁,江差町,33
1980,01362,北海道,檜山支庁,上ノ国町,33
1980,01363,北海道,檜山支庁,厚沢部町,33
1980,01364,北海道,檜山支庁,乙部町,33
1980,01365,北海道,檜山支庁,熊石町,34
1980,01366,北海道,檜山支庁,大成町,34
1980,01367,北海道,檜山支庁,奥尻町,84
1980,01368,北海道,檜山支庁,瀬棚町,35
1980,01369,北海道,檜山支庁,北檜山町,35
1980,01370,北海道,檜山支庁,今金町,35
1980,01391,北海道,後志支庁,島牧村,36
1980,01392,北海道,後志支庁,寿都町,36
1980,01393,北海道,後志支庁,黒松内町,32
1980,01394,北海道,後志支庁,蘭越町,37
1980,01395,北海道,後志支庁,ニセコ町,37
1980,01396,北海道,後志支庁,真狩村,38
1980,01397,北海道,後志支庁,留寿都村,39
1980,01398,北海道,後志支庁,喜茂別町,39
1980,01399,北海道,後志支庁,京極町,37
1980,01400,北海道,後志支庁,倶知安町,37
1980,01401,北海道,後志支庁,共和町,40
1980,01402,北海道,後志支庁,岩内町,40
1980,01403,北海道,後志支庁,泊村,40
1980,01404,北海道,後志支庁,神恵内村,40
1980,01405,北海道,後志支庁,積丹町,3
1980,01406,北海道,後志支庁,古平町,3
1980,01407,北海道,後志支庁,仁木町,3
1980,01408,北海道,後志支庁,余市町,3
1980,01409,北海道,後志支庁,赤井川村,3
1980,01421,北海道,空知支庁,北村,10
1980,01422,北海道,空知支庁,栗沢町,10
1980,01423,北海道,空知支庁,南幌町,1
1980,01424,北海道,空知支庁,奈井江町,21
1980,01425,北海道,空知支庁,上砂川町,21
1980,01427,北海道,空知支庁,由仁町,41
1980,01428,北海道,空知支庁,長沼町,41
1980,01429,北海道,空知支庁,栗山町,41
1980,01430,北海道,空知支庁,月形町,42
1980,01431,北海道,空知支庁,浦臼町,42
1980,01432,北海道,空知支庁,新十津川町,21
1980,01433,北海道,空知支庁,妹背牛町,22
1980,01434,北海道,空知支庁,秩父別町,22
1980,01436,北海道,空知支庁,雨竜町,21
1980,01437,北海道,空知支庁,北竜町,22
1980,01438,北海道,空知支庁,沼田町,22
1980,01439,北海道,空知支庁,幌加内町,43
1980,01452,北海道,上川支庁,鷹栖町,4
1980,01453,北海道,上川支庁,東神楽町,4
1980,01454,北海道,上川支庁,当麻町,4
1980,01455,北海道,上川支庁,比布町,4
1980,01456,北海道,上川支庁,愛別町,44
1980,01457,北海道,上川支庁,上川町,44
1980,01458,北海道,上川支庁,東川町,4
1980,01459,北海道,上川支庁,美瑛町,45
1980,01460,北海道,上川支庁,上富良野町,23
1980,01461,北海道,上川支庁,中富良野町,23
1980,01462,北海道,上川支庁,南富良野町,46
1980,01463,北海道,上川支庁,占冠村,46
1980,01464,北海道,上川支庁,和寒町,47
1980,01465,北海道,上川支庁,剣淵町,17
1980,01466,北海道,上川支庁,朝日町,17
1980,01467,北海道,上川支庁,風連町,18
1980,01468,北海道,上川支庁,下川町,18
1980,01469,北海道,上川支庁,美深町,48
1980,01470,北海道,上川支庁,音威子府村,48
1980,01471,北海道,上川支庁,中川町,49
1980,01481,北海道,留萌支庁,増毛町,12
1980,01482,北海道,留萌支庁,小平町,12
1980,01483,北海道,留萌支庁,苫前町,50
1980,01484,北海道,留萌支庁,羽幌町,50
1980,01485,北海道,留萌支庁,初山別村,50
1980,01486,北海道,留萌支庁,遠別町,51
1980,01487,北海道,留萌支庁,天塩町,51
1980,01488,北海道,留萌支庁,幌延町,49
1980,01511,北海道,宗谷支庁,猿払村,52
1980,01512,北海道,宗谷支庁,浜頓別町,52
1980,01513,北海道,宗谷支庁,中頓別町,52
1980,01514,北海道,宗谷支庁,枝幸町,53
1980,01515,北海道,宗谷支庁,歌登町,53
1980,01516,北海道,宗谷支庁,豊富町,14
1980,01517,北海道,宗谷支庁,礼文町,85
1980,01518,北海道,宗谷支庁,利尻町,86
1980,01519,北海道,宗谷支庁,東利尻町,87
1980,01541,北海道,網走支庁,東藻琴村,11
1980,01542,北海道,網走支庁,女満別町,11
1980,01543,北海道,網走支庁,美幌町,54
1980,01544,北海道,網走支庁,津別町,54
1980,01545,北海道,網走支庁,斜里町,55
1980,01546,北海道,網走支庁,清里町,55
1980,01547,北海道,網走支庁,小清水町,56
1980,01548,北海道,網走支庁,端野町,8
1980,01549,北海道,網走支庁,訓子府町,8
1980,01550,北海道,網走支庁,置戸町,8
1980,01551,北海道,網走支庁,留辺蘂町,8
1980,01552,北海道,網走支庁,佐呂間町,57
1980,01553,北海道,網走支庁,常呂町,58
1980,01554,北海道,網走支庁,生田原町,59
1980,01555,北海道,網走支庁,遠軽町,59
1980,01556,北海道,網走支庁,丸瀬布町,59
1980,01557,北海道,網走支庁,白滝村,60
1980,01558,北海道,網走支庁,上湧別町,59
1980,01559,北海道,網走支庁,湧別町,59
1980,01560,北海道,網走支庁,滝上町,61
1980,01561,北海道,網走支庁,興部町,16
1980,01562,北海道,網走支庁,西興部村,16
1980,01563,北海道,網走支庁,雄武町,62
1980,01571,北海道,胆振支庁,豊浦町,24
1980,01572,北海道,胆振支庁,虻田町,24
1980,01573,北海道,胆振支庁,洞爺村,24
1980,01574,北海道,胆振支庁,大滝村,24
1980,01575,北海道,胆振支庁,壮瞥町,24
1980,01578,北海道,胆振支庁,白老町,5
1980,01579,北海道,胆振支庁,早来町,13
1980,01580,北海道,胆振支庁,追分町,63
1980,01581,北海道,胆振支庁,厚真町,13
1980,01582,北海道,胆振支庁,鵡川町,13
1980,01583,北海道,胆振支庁,穂別町,64
1980,01601,北海道,日高支庁,日高町,65
1980,01602,北海道,日高支庁,平取町,66
1980,01603,北海道,日高支庁,門別町,66
1980,01604,北海道,日高支庁,新冠町,67
1980,01605,北海道,日高支庁,静内町,67
1980,01606,北海道,日高支庁,三石町,67
1980,01607,北海道,日高支庁,浦河町,68
1980,01608,北海道,日高支庁,様似町,68
1980,01609,北海道,日高支庁,えりも町,69
1980,01631,北海道,十勝支庁,音更町,7
1980,01632,北海道,十勝支庁,士幌町,70
1980,01633,北海道,十勝支庁,上士幌町,70
1980,01634,北海道,十勝支庁,鹿追町,71
1980,01635,北海道,十勝支庁,新得町,72
1980,01636,北海道,十勝支庁,清水町,72
1980,01637,北海道,十勝支庁,芽室町,7
1980,01638,北海道,十勝支庁,中札内村,73
1980,01639,北海道,十勝支庁,更別村,74
1980,01640,北海道,十勝支庁,忠類村,75
1980,01641,北海道,十勝支庁,大樹町,75
1980,01642,北海道,十勝支庁,広尾町,75
1980,01643,北海道,十勝支庁,幕別町,7
1980,01644,北海道,十勝支庁,池田町,7
1980,01645,北海道,十勝支庁,豊頃町,76
1980,01646,北海道,十勝支庁,本別町,77
1980,01647,北海道,十勝支庁,足寄町,77
1980,01648,北海道,十勝支庁,陸別町,77
1980,01649,北海道,十勝支庁,浦幌町,76
1980,01661,北海道,釧路支庁,釧路町,6
1980,01662,北海道,釧路支庁,厚岸町,78
1980,01663,北海道,釧路支庁,浜中町,79
1980,01664,北海道,釧路支庁,標茶町,80
1980,01665,北海道,釧路支庁,弟子屈町,80
1980,01666,北海道,釧路支庁,阿寒町,6
1980,01667,北海道,釧路支庁,鶴居村,6
1980,01668,北海道,釧路支庁,白糠町,6
1980,01669,北海道,釧路支庁,音別町,6
1980,01691,北海道,根室支庁,別海町,81
1980,01692,北海道,根室支庁,中標津町,82
1980,01693,北海道,根室支庁,標津町,82
1980,01694,北海道,根室支庁,羅臼町,83
1980,01695,北海道,根室支庁,色丹村,NA
1980,01696,北海道,根室支庁,泊村,NA
1980,01698,北海道,根室支庁,留別村,NA
1980,02201,青森県,,青森市,88
1980,02202,青森県,,弘前市,89
1980,02203,青森県,,八戸市,90
1980,02204,青森県,,黒石市,89
1980,02205,青森県,,五所川原市,91
1980,02206,青森県,,十和田市,92
1980,02207,青森県,,三沢市,90
1980,02208,青森県,,むつ市,93
1980,02301,青森県,東津軽郡,平内町,88
1980,02302,青森県,東津軽郡,蟹田町,88
1980,02303,青森県,東津軽郡,今別町,94
1980,02304,青森県,東津軽郡,蓬田村,88
1980,02305,青森県,東津軽郡,平舘村,88
1980,02306,青森県,東津軽郡,三厩村,94
1980,02321,青森県,西津軽郡,鰺ヶ沢町,95
1980,02322,青森県,西津軽郡,木造町,91
1980,02323,青森県,西津軽郡,深浦町,95
1980,02324,青森県,西津軽郡,森田村,91
1980,02325,青森県,西津軽郡,岩崎村,95
1980,02326,青森県,西津軽郡,柏村,91
1980,02327,青森県,西津軽郡,稲垣村,91
1980,02328,青森県,西津軽郡,車力村,96
1980,02341,青森県,中津軽郡,岩木町,89
1980,02342,青森県,中津軽郡,相馬村,89
1980,02343,青森県,中津軽郡,西目屋村,89
1980,02361,青森県,南津軽郡,藤崎町,89
1980,02362,青森県,南津軽郡,大鰐町,89
1980,02363,青森県,南津軽郡,尾上町,89
1980,02364,青森県,南津軽郡,浪岡町,88
1980,02365,青森県,南津軽郡,平賀町,89
1980,02366,青森県,南津軽郡,常盤村,88
1980,02367,青森県,南津軽郡,田舎館村,89
1980,02368,青森県,南津軽郡,碇ヶ関村,89
1980,02381,青森県,北津軽郡,板柳町,97
1980,02382,青森県,北津軽郡,金木町,98
1980,02383,青森県,北津軽郡,中里町,98
1980,02384,青森県,北津軽郡,鶴田町,91
1980,02385,青森県,北津軽郡,市浦村,99
1980,02386,青森県,北津軽郡,小泊村,99
1980,02401,青森県,上北郡,野辺地町,100
1980,02402,青森県,上北郡,七戸町,92
1980,02403,青森県,上北郡,百石町,90
1980,02404,青森県,上北郡,十和田湖町,92
1980,02405,青森県,上北郡,六戸町,92
1980,02406,青森県,上北郡,横浜町,93
1980,02407,青森県,上北郡,上北町,90
1980,02408,青森県,上北郡,東北町,100
1980,02409,青森県,上北郡,天間林村,92
1980,02410,青森県,上北郡,下田町,90
1980,02411,青森県,上北郡,六ヶ所村,100
1980,02421,青森県,下北郡,川内町,101
1980,02422,青森県,下北郡,大畑町,93
1980,02423,青森県,下北郡,大間町,102
1980,02424,青森県,下北郡,東通村,93
1980,02425,青森県,下北郡,風間浦村,102
1980,02426,青森県,下北郡,佐井村,102
1980,02427,青森県,下北郡,脇野沢村,101
1980,02441,青森県,三戸郡,三戸町,103
1980,02442,青森県,三戸郡,五戸町,104
1980,02443,青森県,三戸郡,田子町,103
1980,02444,青森県,三戸郡,名川町,90
1980,02445,青森県,三戸郡,南部町,103
1980,02446,青森県,三戸郡,階上町,90
1980,02447,青森県,三戸郡,福地村,90
1980,02448,青森県,三戸郡,南郷村,90
1980,02449,青森県,三戸郡,倉石村,104
1980,02450,青森県,三戸郡,新郷村,104
1980,03201,岩手県,,盛岡市,105
1980,03202,岩手県,,宮古市,106
1980,03203,岩手県,,大船渡市,107
1980,03204,岩手県,,水沢市,108
1980,03205,岩手県,,花巻市,109
1980,03206,岩手県,,北上市,110
1980,03207,岩手県,,久慈市,111
1980,03208,岩手県,,遠野市,112
1980,03209,岩手県,,一関市,113
1980,03210,岩手県,,陸前高田市,107
1980,03211,岩手県,,釜石市,114
1980,03212,岩手県,,江刺市,108
1980,03213,岩手県,,二戸市,115
1980,03301,岩手県,岩手郡,雫石町,105
1980,03302,岩手県,岩手郡,葛巻町,116
1980,03303,岩手県,岩手郡,岩手町,105
1980,03304,岩手県,岩手郡,西根町,105
1980,03305,岩手県,岩手郡,滝沢村,105
1980,03306,岩手県,岩手郡,松尾村,105
1980,03307,岩手県,岩手郡,玉山村,105
1980,03321,岩手県,紫波郡,紫波町,105
1980,03322,岩手県,紫波郡,矢巾町,105
1980,03323,岩手県,紫波郡,都南村,105
1980,03341,岩手県,稗貫郡,大迫町,109
1980,03342,岩手県,稗貫郡,石鳥谷町,109
1980,03361,岩手県,和賀郡,東和町,109
1980,03362,岩手県,和賀郡,和賀町,110
1980,03363,岩手県,和賀郡,湯田町,110
1980,03364,岩手県,和賀郡,江釣子村,110
1980,03365,岩手県,和賀郡,沢内村,110
1980,03381,岩手県,胆沢郡,金ヶ崎町,108
1980,03382,岩手県,胆沢郡,前沢町,108
1980,03383,岩手県,胆沢郡,胆沢町,108
1980,03384,岩手県,胆沢郡,衣川村,113
1980,03401,岩手県,西磐井郡,花泉町,113
1980,03402,岩手県,西磐井郡,平泉町,113
1980,03421,岩手県,東磐井郡,大東町,117
1980,03422,岩手県,東磐井郡,藤沢町,117
1980,03423,岩手県,東磐井郡,千厩町,117
1980,03424,岩手県,東磐井郡,東山町,117
1980,03425,岩手県,東磐井郡,室根村,118
1980,03426,岩手県,東磐井郡,川崎村,117
1980,03441,岩手県,気仙郡,住田町,107
1980,03442,岩手県,気仙郡,三陸町,107
1980,03461,岩手県,上閉伊郡,大槌町,114
1980,03462,岩手県,上閉伊郡,宮守村,112
1980,03481,岩手県,下閉伊郡,田老町,106
1980,03482,岩手県,下閉伊郡,山田町,106
1980,03483,岩手県,下閉伊郡,岩泉町,119
1980,03484,岩手県,下閉伊郡,田野畑村,119
1980,03485,岩手県,下閉伊郡,普代村,111
1980,03486,岩手県,下閉伊郡,新里村,106
1980,03487,岩手県,下閉伊郡,川井村,120
1980,03501,岩手県,九戸郡,軽米町,115
1980,03502,岩手県,九戸郡,種市町,90
1980,03503,岩手県,九戸郡,野田村,111
1980,03504,岩手県,九戸郡,山形村,121
1980,03505,岩手県,九戸郡,大野村,111
1980,03506,岩手県,九戸郡,九戸村,115
1980,03521,岩手県,二戸郡,浄法寺町,122
1980,03523,岩手県,二戸郡,安代町,122
1980,03524,岩手県,二戸郡,一戸町,115
1980,04201,宮城県,,仙台市,123
1980,04202,宮城県,,石巻市,124
1980,04203,宮城県,,塩竈市,123
1980,04204,宮城県,,古川市,125
1980,04205,宮城県,,気仙沼市,118
1980,04206,宮城県,,白石市,126
1980,04207,宮城県,,名取市,123
1980,04208,宮城県,,角田市,126
1980,04209,宮城県,,多賀城市,123
1980,04210,宮城県,,泉市,123
1980,04211,宮城県,,岩沼市,123
1980,04301,宮城県,刈田郡,蔵王町,126
1980,04302,宮城県,刈田郡,七ヶ宿町,126
1980,04321,宮城県,柴田郡,大河原町,126
1980,04322,宮城県,柴田郡,村田町,126
1980,04323,宮城県,柴田郡,柴田町,126
1980,04324,宮城県,柴田郡,川崎町,127
1980,04341,宮城県,伊具郡,丸森町,126
1980,04361,宮城県,亘理郡,亘理町,123
1980,04362,宮城県,亘理郡,山元町,123
1980,04382,宮城県,名取郡,秋保町,123
1980,04401,宮城県,宮城郡,松島町,123
1980,04404,宮城県,宮城郡,七ヶ浜町,123
1980,04405,宮城県,宮城郡,宮城町,123
1980,04406,宮城県,宮城郡,利府町,123
1980,04421,宮城県,黒川郡,大和町,123
1980,04422,宮城県,黒川郡,大郷町,123
1980,04423,宮城県,黒川郡,富谷町,123
1980,04424,宮城県,黒川郡,大衡村,123
1980,04441,宮城県,加美郡,中新田町,128
1980,04442,宮城県,加美郡,小野田町,128
1980,04443,宮城県,加美郡,宮崎町,128
1980,04444,宮城県,加美郡,色麻町,128
1980,04461,宮城県,志田郡,松山町,125
1980,04462,宮城県,志田郡,三本木町,125
1980,04463,宮城県,志田郡,鹿島台町,129
1980,04481,宮城県,玉造郡,岩出山町,130
1980,04482,宮城県,玉造郡,鳴子町,130
1980,04501,宮城県,遠田郡,涌谷町,129
1980,04502,宮城県,遠田郡,田尻町,125
1980,04503,宮城県,遠田郡,小牛田町,125
1980,04504,宮城県,遠田郡,南郷町,129
1980,04521,宮城県,栗原郡,築館町,131
1980,04522,宮城県,栗原郡,若柳町,132
1980,04523,宮城県,栗原郡,栗駒町,131
1980,04524,宮城県,栗原郡,高清水町,131
1980,04525,宮城県,栗原郡,一迫町,131
1980,04526,宮城県,栗原郡,瀬峰町,125
1980,04527,宮城県,栗原郡,鶯沢町,131
1980,04528,宮城県,栗原郡,金成町,131
1980,04529,宮城県,栗原郡,志波姫町,131
1980,04530,宮城県,栗原郡,花山村,131
1980,04541,宮城県,登米郡,迫町,133
1980,04542,宮城県,登米郡,登米町,133
1980,04543,宮城県,登米郡,東和町,133
1980,04544,宮城県,登米郡,中田町,133
1980,04545,宮城県,登米郡,豊里町,134
1980,04546,宮城県,登米郡,米山町,133
1980,04547,宮城県,登米郡,石越町,132
1980,04548,宮城県,登米郡,南方町,133
1980,04561,宮城県,桃生郡,河北町,124
1980,04562,宮城県,桃生郡,矢本町,124
1980,04563,宮城県,桃生郡,雄勝町,124
1980,04564,宮城県,桃生郡,河南町,124
1980,04565,宮城県,桃生郡,桃生町,134
1980,04566,宮城県,桃生郡,鳴瀬町,124
1980,04567,宮城県,桃生郡,北上町,124
1980,04581,宮城県,牡鹿郡,女川町,124
1980,04582,宮城県,牡鹿郡,牡鹿町,135
1980,04601,宮城県,本吉郡,志津川町,136
1980,04602,宮城県,本吉郡,津山町,136
1980,04603,宮城県,本吉郡,本吉町,118
1980,04604,宮城県,本吉郡,唐桑町,118
1980,04605,宮城県,本吉郡,歌津町,136
1980,05201,秋田県,,秋田市,137
1980,05202,秋田県,,能代市,138
1980,05203,秋田県,,横手市,139
1980,05204,秋田県,,大館市,140
1980,05205,秋田県,,本荘市,141
1980,05206,秋田県,,男鹿市,142
1980,05207,秋田県,,湯沢市,143
1980,05208,秋田県,,大曲市,144
1980,05209,秋田県,,鹿角市,140
1980,05303,秋田県,鹿角郡,小坂町,140
1980,05321,秋田県,北秋田郡,鷹巣町,145
1980,05322,秋田県,北秋田郡,比内町,140
1980,05323,秋田県,北秋田郡,森吉町,145
1980,05324,秋田県,北秋田郡,阿仁町,145
1980,05325,秋田県,北秋田郡,田代町,140
1980,05326,秋田県,北秋田郡,合川町,145
1980,05327,秋田県,北秋田郡,上小阿仁村,145
1980,05341,秋田県,山本郡,琴丘町,138
1980,05342,秋田県,山本郡,二ツ井町,146
1980,05343,秋田県,山本郡,八森町,138
1980,05344,秋田県,山本郡,山本町,138
1980,05345,秋田県,山本郡,八竜町,138
1980,05346,秋田県,山本郡,藤里町,146
1980,05347,秋田県,山本郡,峰浜村,138
1980,05361,秋田県,南秋田郡,五城目町,137
1980,05362,秋田県,南秋田郡,昭和町,137
1980,05363,秋田県,南秋田郡,八郎潟町,137
1980,05364,秋田県,南秋田郡,飯田川町,137
1980,05365,秋田県,南秋田郡,天王町,137
1980,05366,秋田県,南秋田郡,井川町,137
1980,05367,秋田県,南秋田郡,若美町,142
1980,05368,秋田県,南秋田郡,大潟村,142
1980,05381,秋田県,河辺郡,河辺町,137
1980,05382,秋田県,河辺郡,雄和町,137
1980,05401,秋田県,由利郡,仁賀保町,141
1980,05402,秋田県,由利郡,金浦町,141
1980,05403,秋田県,由利郡,象潟町,141
1980,05404,秋田県,由利郡,矢島町,147
1980,05405,秋田県,由利郡,岩城町,137
1980,05406,秋田県,由利郡,由利町,141
1980,05407,秋田県,由利郡,西目町,141
1980,05408,秋田県,由利郡,鳥海村,147
1980,05409,秋田県,由利郡,東由利町,148
1980,05410,秋田県,由利郡,大内町,141
1980,05421,秋田県,仙北郡,神岡町,144
1980,05422,秋田県,仙北郡,西仙北町,149
1980,05423,秋田県,仙北郡,角館町,150
1980,05424,秋田県,仙北郡,六郷町,144
1980,05425,秋田県,仙北郡,中仙町,150
1980,05426,秋田県,仙北郡,田沢湖町,150
1980,05427,秋田県,仙北郡,協和町,149
1980,05428,秋田県,仙北郡,南外村,144
1980,05429,秋田県,仙北郡,仙北町,144
1980,05430,秋田県,仙北郡,西木村,150
1980,05431,秋田県,仙北郡,太田町,150
1980,05432,秋田県,仙北郡,千畑村,144
1980,05433,秋田県,仙北郡,仙南村,144
1980,05441,秋田県,平鹿郡,増田町,143
1980,05442,秋田県,平鹿郡,平鹿町,139
1980,05443,秋田県,平鹿郡,雄物川町,139
1980,05444,秋田県,平鹿郡,大森町,139
1980,05445,秋田県,平鹿郡,十文字町,143
1980,05446,秋田県,平鹿郡,山内村,139
1980,05447,秋田県,平鹿郡,大雄村,139
1980,05461,秋田県,雄勝郡,稲川町,143
1980,05462,秋田県,雄勝郡,雄勝町,143
1980,05463,秋田県,雄勝郡,羽後町,143
1980,05464,秋田県,雄勝郡,東成瀬村,143
1980,05465,秋田県,雄勝郡,皆瀬村,143
1980,06201,山形県,,山形市,151
1980,06202,山形県,,米沢市,152
1980,06203,山形県,,鶴岡市,153
1980,06204,山形県,,酒田市,154
1980,06205,山形県,,新庄市,155
1980,06206,山形県,,寒河江市,151
1980,06207,山形県,,上山市,151
1980,06208,山形県,,村山市,151
1980,06209,山形県,,長井市,156
1980,06210,山形県,,天童市,151
1980,06211,山形県,,東根市,151
1980,06212,山形県,,尾花沢市,157
1980,06213,山形県,,南陽市,152
1980,06301,山形県,東村山郡,山辺町,151
1980,06302,山形県,東村山郡,中山町,151
1980,06321,山形県,西村山郡,河北町,151
1980,06322,山形県,西村山郡,西川町,151
1980,06323,山形県,西村山郡,朝日町,151
1980,06324,山形県,西村山郡,大江町,151
1980,06341,山形県,北村山郡,大石田町,157
1980,06361,山形県,最上郡,金山町,155
1980,06362,山形県,最上郡,最上町,158
1980,06363,山形県,最上郡,舟形町,155
1980,06364,山形県,最上郡,真室川町,155
1980,06365,山形県,最上郡,大蔵村,155
1980,06366,山形県,最上郡,鮭川村,155
1980,06367,山形県,最上郡,戸沢村,155
1980,06381,山形県,東置賜郡,高畠町,152
1980,06382,山形県,東置賜郡,川西町,152
1980,06401,山形県,西置賜郡,小国町,159
1980,06402,山形県,西置賜郡,白鷹町,156
1980,06403,山形県,西置賜郡,飯豊町,156
1980,06421,山形県,東田川郡,立川町,154
1980,06422,山形県,東田川郡,余目町,154
1980,06423,山形県,東田川郡,藤島町,153
1980,06424,山形県,東田川郡,羽黒町,153
1980,06425,山形県,東田川郡,櫛引町,153
1980,06426,山形県,東田川郡,三川町,153
1980,06427,山形県,東田川郡,朝日村,153
1980,06441,山形県,西田川郡,温海町,160
1980,06461,山形県,飽海郡,遊佐町,154
1980,06462,山形県,飽海郡,八幡町,154
1980,06463,山形県,飽海郡,松山町,154
1980,06464,山形県,飽海郡,平田町,154
1980,07201,福島県,,福島市,161
1980,07202,福島県,,会津若松市,162
1980,07203,福島県,,郡山市,163
1980,07204,福島県,,いわき市,164
1980,07205,福島県,,白河市,165
1980,07206,福島県,,原町市,166
1980,07207,福島県,,須賀川市,167
1980,07208,福島県,,喜多方市,168
1980,07209,福島県,,相馬市,166
1980,07210,福島県,,二本松市,169
1980,07301,福島県,伊達郡,桑折町,161
1980,07302,福島県,伊達郡,伊達町,161
1980,07303,福島県,伊達郡,国見町,161
1980,07304,福島県,伊達郡,梁川町,161
1980,07305,福島県,伊達郡,保原町,161
1980,07306,福島県,伊達郡,霊山町,161
1980,07307,福島県,伊達郡,月舘町,161
1980,07308,福島県,伊達郡,川俣町,161
1980,07309,福島県,伊達郡,飯野町,161
1980,07321,福島県,安達郡,安達町,169
1980,07322,福島県,安達郡,大玉村,163
1980,07323,福島県,安達郡,本宮町,163
1980,07324,福島県,安達郡,白沢村,163
1980,07325,福島県,安達郡,岩代町,169
1980,07326,福島県,安達郡,東和町,169
1980,07341,福島県,岩瀬郡,長沼町,167
1980,07342,福島県,岩瀬郡,鏡石町,167
1980,07343,福島県,岩瀬郡,岩瀬村,167
1980,07344,福島県,岩瀬郡,天栄村,167
1980,07361,福島県,南会津郡,田島町,170
1980,07362,福島県,南会津郡,下郷町,170
1980,07363,福島県,南会津郡,舘岩村,171
1980,07364,福島県,南会津郡,檜枝岐村,171
1980,07365,福島県,南会津郡,伊南村,171
1980,07366,福島県,南会津郡,南郷村,171
1980,07367,福島県,南会津郡,只見町,172
1980,07381,福島県,北会津郡,北会津村,162
1980,07401,福島県,耶麻郡,熱塩加納村,168
1980,07402,福島県,耶麻郡,北塩原村,168
1980,07403,福島県,耶麻郡,塩川町,168
1980,07404,福島県,耶麻郡,山都町,168
1980,07405,福島県,耶麻郡,西会津町,173
1980,07406,福島県,耶麻郡,高郷村,173
1980,07407,福島県,耶麻郡,磐梯町,162
1980,07408,福島県,耶麻郡,猪苗代町,162
1980,07421,福島県,河沼郡,会津坂下町,173
1980,07422,福島県,河沼郡,湯川村,162
1980,07423,福島県,河沼郡,柳津町,174
1980,07424,福島県,河沼郡,河東町,162
1980,07441,福島県,大沼郡,会津高田町,162
1980,07442,福島県,大沼郡,本郷町,162
1980,07443,福島県,大沼郡,新鶴村,162
1980,07444,福島県,大沼郡,三島町,174
1980,07445,福島県,大沼郡,金山町,174
1980,07446,福島県,大沼郡,昭和村,175
1980,07461,福島県,西白河郡,西郷村,165
1980,07462,福島県,西白河郡,表郷村,165
1980,07463,福島県,西白河郡,東村,165
1980,07464,福島県,西白河郡,泉崎村,165
1980,07465,福島県,西白河郡,中島村,165
1980,07466,福島県,西白河郡,矢吹町,165
1980,07467,福島県,西白河郡,大信村,165
1980,07481,福島県,東白川郡,棚倉町,176
1980,07482,福島県,東白川郡,矢祭町,176
1980,07483,福島県,東白川郡,塙町,176
1980,07484,福島県,東白川郡,鮫川村,176
1980,07485,福島県,東白川郡,古殿町,177
1980,07501,福島県,石川郡,石川町,177
1980,07502,福島県,石川郡,玉川村,177
1980,07503,福島県,石川郡,平田村,178
1980,07504,福島県,石川郡,浅川町,177
1980,07521,福島県,田村郡,三春町,163
1980,07522,福島県,田村郡,小野町,179
1980,07523,福島県,田村郡,滝根町,179
1980,07524,福島県,田村郡,大越町,179
1980,07525,福島県,田村郡,都路村,180
1980,07526,福島県,田村郡,常葉町,179
1980,07527,福島県,田村郡,船引町,179
1980,07541,福島県,双葉郡,広野町,164
1980,07542,福島県,双葉郡,楢葉町,164
1980,07543,福島県,双葉郡,富岡町,164
1980,07544,福島県,双葉郡,川内村,164
1980,07545,福島県,双葉郡,大熊町,164
1980,07546,福島県,双葉郡,双葉町,164
1980,07547,福島県,双葉郡,浪江町,164
1980,07548,福島県,双葉郡,葛尾村,181
1980,07561,福島県,相馬郡,新地町,166
1980,07562,福島県,相馬郡,鹿島町,166
1980,07563,福島県,相馬郡,小高町,166
1980,07564,福島県,相馬郡,飯舘村,182
1980,08201,茨城県,,水戸市,183
1980,08202,茨城県,,日立市,184
1980,08203,茨城県,,土浦市,185
1980,08204,茨城県,,古河市,186
1980,08205,茨城県,,石岡市,187
1980,08206,茨城県,,下館市,188
1980,08207,茨城県,,結城市,189
1980,08208,茨城県,,龍ヶ崎市,190
1980,08209,茨城県,,那珂湊市,183
1980,08210,茨城県,,下妻市,191
1980,08211,茨城県,,水海道市,192
1980,08212,茨城県,,常陸太田市,184
1980,08213,茨城県,,勝田市,183
1980,08214,茨城県,,高萩市,184
1980,08215,茨城県,,北茨城市,184
1980,08216,茨城県,,笠間市,193
1980,08217,茨城県,,取手市,192
1980,08218,茨城県,,岩井市,194
1980,08301,茨城県,東茨城郡,常澄村,183
1980,08302,茨城県,東茨城郡,茨城町,183
1980,08303,茨城県,東茨城郡,小川町,187
1980,08304,茨城県,東茨城郡,美野里町,187
1980,08305,茨城県,東茨城郡,内原町,183
1980,08306,茨城県,東茨城郡,常北町,183
1980,08307,茨城県,東茨城郡,桂村,183
1980,08308,茨城県,東茨城郡,御前山村,195
1980,08309,茨城県,東茨城郡,大洗町,183
1980,08321,茨城県,西茨城郡,友部町,193
1980,08322,茨城県,西茨城郡,岩間町,193
1980,08323,茨城県,西茨城郡,七会村,193
1980,08324,茨城県,西茨城郡,岩瀬町,188
1980,08341,茨城県,那珂郡,東海村,183
1980,08342,茨城県,那珂郡,那珂町,183
1980,08343,茨城県,那珂郡,瓜連町,196
1980,08344,茨城県,那珂郡,大宮町,196
1980,08345,茨城県,那珂郡,山方町,196
1980,08346,茨城県,那珂郡,美和村,196
1980,08347,茨城県,那珂郡,緒川村,195
1980,08361,茨城県,久慈郡,金砂郷村,184
1980,08362,茨城県,久慈郡,水府村,184
1980,08363,茨城県,久慈郡,里美村,184
1980,08364,茨城県,久慈郡,大子町,196
1980,08381,茨城県,多賀郡,十王町,184
1980,08401,茨城県,鹿島郡,旭村,197
1980,08402,茨城県,鹿島郡,鉾田町,197
1980,08403,茨城県,鹿島郡,大洋村,198
1980,08404,茨城県,鹿島郡,大野村,198
1980,08405,茨城県,鹿島郡,鹿島町,198
1980,08406,茨城県,鹿島郡,神栖町,198
1980,08407,茨城県,鹿島郡,波崎町,198
1980,08421,茨城県,行方郡,麻生町,198
1980,08422,茨城県,行方郡,牛堀町,198
1980,08423,茨城県,行方郡,潮来町,198
1980,08424,茨城県,行方郡,北浦村,197
1980,08425,茨城県,行方郡,玉造町,187
1980,08441,茨城県,稲敷郡,江戸崎町,199
1980,08442,茨城県,稲敷郡,美浦村,199
1980,08443,茨城県,稲敷郡,阿見町,185
1980,08444,茨城県,稲敷郡,牛久町,200
1980,08445,茨城県,稲敷郡,茎崎村,200
1980,08446,茨城県,稲敷郡,新利根村,190
1980,08447,茨城県,稲敷郡,河内村,190
1980,08448,茨城県,稲敷郡,桜川村,199
1980,08449,茨城県,稲敷郡,東村,199
1980,08461,茨城県,新治郡,出島村,185
1980,08462,茨城県,新治郡,玉里村,187
1980,08463,茨城県,新治郡,八郷町,187
1980,08464,茨城県,新治郡,千代田村,185
1980,08465,茨城県,新治郡,新治村,185
1980,08466,茨城県,新治郡,桜村,185
1980,08481,茨城県,筑波郡,谷田部町,185
1980,08482,茨城県,筑波郡,伊奈村,192
1980,08483,茨城県,筑波郡,谷和原村,192
1980,08484,茨城県,筑波郡,豊里町,185
1980,08485,茨城県,筑波郡,筑波町,185
1980,08486,茨城県,筑波郡,大穂町,185
1980,08501,茨城県,真壁郡,関城町,188
1980,08502,茨城県,真壁郡,明野町,188
1980,08503,茨城県,真壁郡,真壁町,188
1980,08504,茨城県,真壁郡,大和村,188
1980,08505,茨城県,真壁郡,協和町,188
1980,08521,茨城県,結城郡,八千代町,191
1980,08522,茨城県,結城郡,千代川村,191
1980,08523,茨城県,結城郡,石下町,191
1980,08541,茨城県,猿島郡,総和町,186
1980,08542,茨城県,猿島郡,五霞村,201
1980,08543,茨城県,猿島郡,三和町,186
1980,08544,茨城県,猿島郡,猿島町,194
1980,08546,茨城県,猿島郡,境町,194
1980,08561,茨城県,北相馬郡,守谷町,192
1980,08563,茨城県,北相馬郡,藤代町,192
1980,08564,茨城県,北相馬郡,利根町,190
1980,09201,栃木県,,宇都宮市,202
1980,09202,栃木県,,足利市,203
1980,09203,栃木県,,栃木市,204
1980,09204,栃木県,,佐野市,205
1980,09205,栃木県,,鹿沼市,204
1980,09206,栃木県,,日光市,206
1980,09207,栃木県,,今市市,206
1980,09208,栃木県,,小山市,189
1980,09209,栃木県,,真岡市,207
1980,09210,栃木県,,大田原市,208
1980,09211,栃木県,,矢板市,202
1980,09212,栃木県,,黒磯市,208
1980,09301,栃木県,河内郡,上三川町,202
1980,09302,栃木県,河内郡,南河内町,189
1980,09303,栃木県,河内郡,上河内村,202
1980,09304,栃木県,河内郡,河内町,202
1980,09321,栃木県,上都賀郡,西方村,204
1980,09322,栃木県,上都賀郡,粟野町,204
1980,09323,栃木県,上都賀郡,足尾町,209
1980,09341,栃木県,芳賀郡,二宮町,207
1980,09342,栃木県,芳賀郡,益子町,207
1980,09343,栃木県,芳賀郡,茂木町,195
1980,09344,栃木県,芳賀郡,市貝町,207
1980,09345,栃木県,芳賀郡,芳賀町,207
1980,09361,栃木県,下都賀郡,壬生町,202
1980,09362,栃木県,下都賀郡,石橋町,202
1980,09363,栃木県,下都賀郡,国分寺町,189
1980,09364,栃木県,下都賀郡,野木町,186
1980,09365,栃木県,下都賀郡,大平町,204
1980,09366,栃木県,下都賀郡,藤岡町,205
1980,09367,栃木県,下都賀郡,岩舟町,204
1980,09368,栃木県,下都賀郡,都賀町,204
1980,09381,栃木県,塩谷郡,塩原町,208
1980,09382,栃木県,塩谷郡,栗山村,206
1980,09383,栃木県,塩谷郡,藤原町,206
1980,09384,栃木県,塩谷郡,塩谷町,202
1980,09385,栃木県,塩谷郡,氏家町,202
1980,09386,栃木県,塩谷郡,高根沢町,202
1980,09387,栃木県,塩谷郡,喜連川町,202
1980,09401,栃木県,那須郡,南那須町,210
1980,09402,栃木県,那須郡,烏山町,210
1980,09403,栃木県,那須郡,馬頭町,210
1980,09404,栃木県,那須郡,小川町,210
1980,09405,栃木県,那須郡,湯津上村,208
1980,09406,栃木県,那須郡,黒羽町,208
1980,09407,栃木県,那須郡,那須町,208
1980,09409,栃木県,那須郡,西那須野町,208
1980,09421,栃木県,安蘇郡,田沼町,205
1980,09422,栃木県,安蘇郡,葛生町,205
1980,10201,群馬県,,前橋市,211
1980,10202,群馬県,,高崎市,212
1980,10203,群馬県,,桐生市,213
1980,10204,群馬県,,伊勢崎市,214
1980,10205,群馬県,,太田市,203
1980,10206,群馬県,,沼田市,215
1980,10207,群馬県,,館林市,203
1980,10208,群馬県,,渋川市,211
1980,10209,群馬県,,藤岡市,216
1980,10210,群馬県,,富岡市,217
1980,10211,群馬県,,安中市,212
1980,10301,群馬県,勢多郡,北橘村,211
1980,10302,群馬県,勢多郡,赤城村,211
1980,10303,群馬県,勢多郡,富士見村,211
1980,10304,群馬県,勢多郡,大胡町,211
1980,10305,群馬県,勢多郡,宮城村,211
1980,10306,群馬県,勢多郡,粕川村,211
1980,10307,群馬県,勢多郡,新里村,213
1980,10308,群馬県,勢多郡,黒保根村,213
1980,10309,群馬県,勢多郡,東村,213
1980,10321,群馬県,群馬郡,榛名町,212
1980,10322,群馬県,群馬郡,倉淵村,212
1980,10323,群馬県,群馬郡,箕郷町,212
1980,10324,群馬県,群馬郡,群馬町,212
1980,10341,群馬県,北群馬郡,子持村,211
1980,10342,群馬県,北群馬郡,小野上村,211
1980,10343,群馬県,北群馬郡,伊香保町,211
1980,10344,群馬県,北群馬郡,榛東村,211
1980,10345,群馬県,北群馬郡,吉岡村,211
1980,10361,群馬県,多野郡,新町,216
1980,10362,群馬県,多野郡,鬼石町,216
1980,10363,群馬県,多野郡,吉井町,212
1980,10364,群馬県,多野郡,万場町,218
1980,10365,群馬県,多野郡,中里村,218
1980,10366,群馬県,多野郡,上野村,218
1980,10381,群馬県,甘楽郡,妙義町,217
1980,10382,群馬県,甘楽郡,下仁田町,217
1980,10383,群馬県,甘楽郡,南牧村,217
1980,10384,群馬県,甘楽郡,甘楽町,217
1980,10401,群馬県,碓氷郡,松井田町,212
1980,10421,群馬県,吾妻郡,中之条町,219
1980,10422,群馬県,吾妻郡,東村,211
1980,10423,群馬県,吾妻郡,吾妻町,219
1980,10424,群馬県,吾妻郡,長野原町,220
1980,10425,群馬県,吾妻郡,嬬恋村,220
1980,10426,群馬県,吾妻郡,草津町,220
1980,10427,群馬県,吾妻郡,六合村,220
1980,10428,群馬県,吾妻郡,高山村,219
1980,10441,群馬県,利根郡,白沢村,215
1980,10442,群馬県,利根郡,利根村,215
1980,10443,群馬県,利根郡,片品村,215
1980,10444,群馬県,利根郡,川場村,215
1980,10445,群馬県,利根郡,月夜野町,215
1980,10446,群馬県,利根郡,水上町,215
1980,10447,群馬県,利根郡,新治村,215
1980,10448,群馬県,利根郡,昭和村,215
1980,10461,群馬県,佐波郡,赤堀村,214
1980,10462,群馬県,佐波郡,東村,214
1980,10463,群馬県,佐波郡,境町,214
1980,10464,群馬県,佐波郡,玉村町,212
1980,10481,群馬県,新田郡,尾島町,203
1980,10482,群馬県,新田郡,新田町,203
1980,10483,群馬県,新田郡,藪塚本町,213
1980,10484,群馬県,新田郡,笠懸村,213
1980,10501,群馬県,山田郡,大間々町,213
1980,10521,群馬県,邑楽郡,板倉町,203
1980,10522,群馬県,邑楽郡,明和村,203
1980,10523,群馬県,邑楽郡,千代田村,203
1980,10524,群馬県,邑楽郡,大泉町,203
1980,10525,群馬県,邑楽郡,邑楽町,203
1980,11201,埼玉県,,川越市,221
1980,11202,埼玉県,,熊谷市,222
1980,11203,埼玉県,,川口市,223
1980,11204,埼玉県,,浦和市,224
1980,11205,埼玉県,,大宮市,224
1980,11206,埼玉県,,行田市,225
1980,11207,埼玉県,,秩父市,226
1980,11208,埼玉県,,所沢市,227
1980,11209,埼玉県,,飯能市,227
1980,11210,埼玉県,,加須市,228
1980,11211,埼玉県,,本庄市,216
1980,11212,埼玉県,,東松山市,221
1980,11213,埼玉県,,岩槻市,224
1980,11214,埼玉県,,春日部市,229
1980,11215,埼玉県,,狭山市,227
1980,11216,埼玉県,,羽生市,228
1980,11217,埼玉県,,鴻巣市,225
1980,11218,埼玉県,,深谷市,222
1980,11219,埼玉県,,上尾市,224
1980,11220,埼玉県,,与野市,224
1980,11221,埼玉県,,草加市,230
1980,11222,埼玉県,,越谷市,230
1980,11223,埼玉県,,蕨市,223
1980,11224,埼玉県,,戸田市,223
1980,11225,埼玉県,,入間市,227
1980,11226,埼玉県,,鳩ヶ谷市,223
1980,11227,埼玉県,,朝霞市,231
1980,11228,埼玉県,,志木市,231
1980,11229,埼玉県,,和光市,231
1980,11230,埼玉県,,新座市,231
1980,11231,埼玉県,,桶川市,224
1980,11232,埼玉県,,久喜市,224
1980,11233,埼玉県,,北本市,225
1980,11234,埼玉県,,八潮市,230
1980,11235,埼玉県,,富士見市,231
1980,11236,埼玉県,,上福岡市,231
1980,11237,埼玉県,,三郷市,230
1980,11238,埼玉県,,蓮田市,224
1980,11239,埼玉県,,坂戸市,221
1980,11301,埼玉県,北足立郡,伊奈町,224
1980,11304,埼玉県,北足立郡,吹上町,225
1980,11322,埼玉県,入間郡,大井町,231
1980,11324,埼玉県,入間郡,三芳町,231
1980,11326,埼玉県,入間郡,毛呂山町,221
1980,11327,埼玉県,入間郡,越生町,221
1980,11328,埼玉県,入間郡,鶴ヶ島町,221
1980,11329,埼玉県,入間郡,日高町,227
1980,11330,埼玉県,入間郡,名栗村,227
1980,11341,埼玉県,比企郡,滑川村,221
1980,11342,埼玉県,比企郡,嵐山町,221
1980,11343,埼玉県,比企郡,小川町,221
1980,11344,埼玉県,比企郡,都幾川村,221
1980,11345,埼玉県,比企郡,玉川村,221
1980,11346,埼玉県,比企郡,川島町,221
1980,11347,埼玉県,比企郡,吉見町,221
1980,11348,埼玉県,比企郡,鳩山村,221
1980,11361,埼玉県,秩父郡,横瀬村,226
1980,11362,埼玉県,秩父郡,皆野町,226
1980,11363,埼玉県,秩父郡,長瀞町,226
1980,11364,埼玉県,秩父郡,吉田町,226
1980,11365,埼玉県,秩父郡,小鹿野町,226
1980,11366,埼玉県,秩父郡,両神村,226
1980,11367,埼玉県,秩父郡,大滝村,226
1980,11368,埼玉県,秩父郡,荒川村,226
1980,11369,埼玉県,秩父郡,東秩父村,221
1980,11381,埼玉県,児玉郡,美里村,216
1980,11382,埼玉県,児玉郡,児玉町,216
1980,11383,埼玉県,児玉郡,神川村,216
1980,11384,埼玉県,児玉郡,神泉村,216
1980,11385,埼玉県,児玉郡,上里町,216
1980,11401,埼玉県,大里郡,大里村,222
1980,11402,埼玉県,大里郡,江南村,222
1980,11403,埼玉県,大里郡,妻沼町,222
1980,11405,埼玉県,大里郡,岡部町,222
1980,11406,埼玉県,大里郡,川本町,222
1980,11407,埼玉県,大里郡,花園村,222
1980,11408,埼玉県,大里郡,寄居町,222
1980,11421,埼玉県,北埼玉郡,騎西町,228
1980,11422,埼玉県,北埼玉郡,南河原村,225
1980,11423,埼玉県,北埼玉郡,川里村,225
1980,11424,埼玉県,北埼玉郡,北川辺町,186
1980,11425,埼玉県,北埼玉郡,大利根町,201
1980,11442,埼玉県,南埼玉郡,宮代町,229
1980,11445,埼玉県,南埼玉郡,白岡町,224
1980,11446,埼玉県,南埼玉郡,菖蒲町,224
1980,11461,埼玉県,北葛飾郡,栗橋町,201
1980,11462,埼玉県,北葛飾郡,鷲宮町,224
1980,11463,埼玉県,北葛飾郡,幸手町,201
1980,11464,埼玉県,北葛飾郡,杉戸町,229
1980,11465,埼玉県,北葛飾郡,松伏町,230
1980,11466,埼玉県,北葛飾郡,吉川町,230
1980,11468,埼玉県,北葛飾郡,庄和町,229
1980,12201,千葉県,,千葉市,232
1980,12202,千葉県,,銚子市,233
1980,12203,千葉県,,市川市,231
1980,12204,千葉県,,船橋市,234
1980,12205,千葉県,,館山市,235
1980,12206,千葉県,,木更津市,236
1980,12207,千葉県,,松戸市,237
1980,12208,千葉県,,野田市,237
1980,12209,千葉県,,佐原市,238
1980,12210,千葉県,,茂原市,239
1980,12211,千葉県,,成田市,238
1980,12212,千葉県,,佐倉市,234
1980,12213,千葉県,,東金市,232
1980,12214,千葉県,,八日市場市,240
1980,12215,千葉県,,旭市,233
1980,12216,千葉県,,習志野市,234
1980,12217,千葉県,,柏市,237
1980,12218,千葉県,,勝浦市,241
1980,12219,千葉県,,市原市,236
1980,12220,千葉県,,流山市,237
1980,12221,千葉県,,八千代市,234
1980,12222,千葉県,,我孫子市,237
1980,12223,千葉県,,鴨川市,235
1980,12224,千葉県,,鎌ヶ谷市,234
1980,12225,千葉県,,君津市,236
1980,12226,千葉県,,富津市,236
1980,12301,千葉県,東葛飾郡,浦安町,231
1980,12303,千葉県,東葛飾郡,関宿町,237
1980,12305,千葉県,東葛飾郡,沼南町,237
1980,12321,千葉県,印旛郡,四街道町,232
1980,12322,千葉県,印旛郡,酒々井町,234
1980,12323,千葉県,印旛郡,八街町,232
1980,12324,千葉県,印旛郡,富里村,238
1980,12325,千葉県,印旛郡,印旛村,234
1980,12326,千葉県,印旛郡,白井町,234
1980,12327,千葉県,印旛郡,印西町,242
1980,12328,千葉県,印旛郡,本埜村,242
1980,12329,千葉県,印旛郡,栄町,242
1980,12341,千葉県,香取郡,下総町,238
1980,12342,千葉県,香取郡,神崎町,238
1980,12343,千葉県,香取郡,大栄町,238
1980,12344,千葉県,香取郡,小見川町,243
1980,12345,千葉県,香取郡,山田町,243
1980,12346,千葉県,香取郡,栗源町,238
1980,12347,千葉県,香取郡,多古町,238
1980,12348,千葉県,香取郡,干潟町,233
1980,12349,千葉県,香取郡,東庄町,198
1980,12361,千葉県,海上郡,海上町,233
1980,12362,千葉県,海上郡,飯岡町,233
1980,12381,千葉県,匝瑳郡,光町,240
1980,12382,千葉県,匝瑳郡,野栄町,240
1980,12402,千葉県,山武郡,大網白里町,232
1980,12403,千葉県,山武郡,九十九里町,232
1980,12404,千葉県,山武郡,成東町,232
1980,12405,千葉県,山武郡,山武町,232
1980,12406,千葉県,山武郡,蓮沼村,232
1980,12407,千葉県,山武郡,松尾町,232
1980,12408,千葉県,山武郡,横芝町,232
1980,12409,千葉県,山武郡,芝山町,238
1980,12421,千葉県,長生郡,一宮町,239
1980,12422,千葉県,長生郡,睦沢村,239
1980,12423,千葉県,長生郡,長生村,239
1980,12424,千葉県,長生郡,白子町,239
1980,12426,千葉県,長生郡,長柄町,239
1980,12427,千葉県,長生郡,長南町,239
1980,12441,千葉県,夷隅郡,大多喜町,241
1980,12442,千葉県,夷隅郡,夷隅町,241
1980,12443,千葉県,夷隅郡,御宿町,241
1980,12444,千葉県,夷隅郡,大原町,241
1980,12445,千葉県,夷隅郡,岬町,241
1980,12461,千葉県,安房郡,富浦町,235
1980,12462,千葉県,安房郡,富山町,236
1980,12463,千葉県,安房郡,鋸南町,236
1980,12464,千葉県,安房郡,三芳村,235
1980,12465,千葉県,安房郡,白浜町,235
1980,12466,千葉県,安房郡,千倉町,235
1980,12467,千葉県,安房郡,丸山町,235
1980,12468,千葉県,安房郡,和田町,235
1980,12472,千葉県,安房郡,天津小湊町,235
1980,12481,千葉県,君津郡,袖ヶ浦町,236
1980,13101,東京都,,千代田区,231
1980,13102,東京都,,中央区,231
1980,13103,東京都,,港区,231
1980,13104,東京都,,新宿区,231
1980,13105,東京都,,文京区,231
1980,13106,東京都,,台東区,231
1980,13107,東京都,,墨田区,231
1980,13108,東京都,,江東区,231
1980,13109,東京都,,品川区,231
1980,13110,東京都,,目黒区,231
1980,13111,東京都,,大田区,231
1980,13112,東京都,,世田谷区,231
1980,13113,東京都,,渋谷区,231
1980,13114,東京都,,中野区,231
1980,13115,東京都,,杉並区,231
1980,13116,東京都,,豊島区,231
1980,13117,東京都,,北区,231
1980,13118,東京都,,荒川区,231
1980,13119,東京都,,板橋区,231
1980,13120,東京都,,練馬区,231
1980,13121,東京都,,足立区,231
1980,13122,東京都,,葛飾区,231
1980,13123,東京都,,江戸川区,231
1980,13201,東京都,,八王子市,244
1980,13202,東京都,,立川市,245
1980,13203,東京都,,武蔵野市,231
1980,13204,東京都,,三鷹市,231
1980,13205,東京都,,青梅市,245
1980,13206,東京都,,府中市,231
1980,13207,東京都,,昭島市,245
1980,13208,東京都,,調布市,231
1980,13209,東京都,,町田市,246
1980,13210,東京都,,小金井市,231
1980,13211,東京都,,小平市,231
1980,13212,東京都,,日野市,244
1980,13213,東京都,,東村山市,231
1980,13214,東京都,,国分寺市,231
1980,13215,東京都,,国立市,231
1980,13216,東京都,,田無市,231
1980,13217,東京都,,保谷市,231
1980,13218,東京都,,福生市,245
1980,13219,東京都,,狛江市,231
1980,13220,東京都,,東大和市,231
1980,13221,東京都,,清瀬市,231
1980,13222,東京都,,東久留米市,231
1980,13223,東京都,,武蔵村山市,245
1980,13224,東京都,,多摩市,231
1980,13225,東京都,,稲城市,247
1980,13226,東京都,,秋川市,245
1980,13302,東京都,西多摩郡,羽村町,245
1980,13303,東京都,西多摩郡,瑞穂町,245
1980,13305,東京都,西多摩郡,日の出町,245
1980,13306,東京都,西多摩郡,五日市町,245
1980,13307,東京都,西多摩郡,檜原村,245
1980,13308,東京都,西多摩郡,奥多摩町,245
1980,13361,東京都,大島支庁,大島町,640
1980,13362,東京都,大島支庁,利島村,641
1980,13363,東京都,大島支庁,新島本村,642
1980,13364,東京都,大島支庁,神津島村,643
1980,13381,東京都,三宅支庁,三宅村,644
1980,13382,東京都,三宅支庁,御蔵島村,645
1980,13401,東京都,八丈支庁,八丈町,646
1980,13402,東京都,八丈支庁,青ヶ島村,647
1980,13421,東京都,小笠原支庁,小笠原村,648
1980,14100,神奈川県,,横浜市,247
1980,14130,神奈川県,,川崎市,247
1980,14201,神奈川県,,横須賀市,247
1980,14203,神奈川県,,平塚市,248
1980,14204,神奈川県,,鎌倉市,247
1980,14205,神奈川県,,藤沢市,247
1980,14206,神奈川県,,小田原市,248
1980,14207,神奈川県,,茅ヶ崎市,247
1980,14208,神奈川県,,逗子市,247
1980,14209,神奈川県,,相模原市,246
1980,14210,神奈川県,,三浦市,247
1980,14211,神奈川県,,秦野市,248
1980,14212,神奈川県,,厚木市,246
1980,14213,神奈川県,,大和市,247
1980,14214,神奈川県,,伊勢原市,246
1980,14215,神奈川県,,海老名市,247
1980,14216,神奈川県,,座間市,247
1980,14217,神奈川県,,南足柄市,248
1980,14218,神奈川県,,綾瀬市,247
1980,14301,神奈川県,三浦郡,葉山町,247
1980,14321,神奈川県,高座郡,寒川町,247
1980,14341,神奈川県,中郡,大磯町,248
1980,14342,神奈川県,中郡,二宮町,248
1980,14361,神奈川県,足柄上郡,中井町,248
1980,14362,神奈川県,足柄上郡,大井町,248
1980,14363,神奈川県,足柄上郡,松田町,248
1980,14364,神奈川県,足柄上郡,山北町,248
1980,14366,神奈川県,足柄上郡,開成町,248
1980,14382,神奈川県,足柄下郡,箱根町,248
1980,14383,神奈川県,足柄下郡,真鶴町,249
1980,14384,神奈川県,足柄下郡,湯河原町,249
1980,14401,神奈川県,愛甲郡,愛川町,246
1980,14402,神奈川県,愛甲郡,清川村,246
1980,14421,神奈川県,津久井郡,城山町,246
1980,14422,神奈川県,津久井郡,津久井町,246
1980,14423,神奈川県,津久井郡,相模湖町,244
1980,14424,神奈川県,津久井郡,藤野町,244
1980,15201,新潟県,,新潟市,250
1980,15202,新潟県,,長岡市,251
1980,15204,新潟県,,三条市,252
1980,15205,新潟県,,柏崎市,253
1980,15206,新潟県,,新発田市,254
1980,15207,新潟県,,新津市,250
1980,15208,新潟県,,小千谷市,255
1980,15209,新潟県,,加茂市,252
1980,15210,新潟県,,十日町市,256
1980,15211,新潟県,,見附市,251
1980,15212,新潟県,,村上市,257
1980,15213,新潟県,,燕市,258
1980,15215,新潟県,,栃尾市,259
1980,15216,新潟県,,糸魚川市,260
1980,15217,新潟県,,新井市,261
1980,15218,新潟県,,五泉市,262
1980,15219,新潟県,,両津市,649
1980,15220,新潟県,,白根市,250
1980,15221,新潟県,,豊栄市,250
1980,15222,新潟県,,上越市,263
1980,15301,新潟県,北蒲原郡,安田町,264
1980,15302,新潟県,北蒲原郡,京ヶ瀬村,264
1980,15303,新潟県,北蒲原郡,水原町,264
1980,15304,新潟県,北蒲原郡,笹神村,264
1980,15306,新潟県,北蒲原郡,豊浦町,254
1980,15307,新潟県,北蒲原郡,聖籠町,254
1980,15308,新潟県,北蒲原郡,加治川村,254
1980,15309,新潟県,北蒲原郡,紫雲寺町,254
1980,15310,新潟県,北蒲原郡,中条町,257
1980,15311,新潟県,北蒲原郡,黒川村,257
1980,15321,新潟県,中蒲原郡,小須戸町,250
1980,15322,新潟県,中蒲原郡,村松町,262
1980,15323,新潟県,中蒲原郡,横越村,250
1980,15324,新潟県,中蒲原郡,亀田町,250
1980,15341,新潟県,西蒲原郡,岩室村,258
1980,15342,新潟県,西蒲原郡,弥彦村,258
1980,15343,新潟県,西蒲原郡,分水町,265
1980,15344,新潟県,西蒲原郡,吉田町,258
1980,15345,新潟県,西蒲原郡,巻町,258
1980,15346,新潟県,西蒲原郡,西川町,258
1980,15347,新潟県,西蒲原郡,黒埼町,250
1980,15348,新潟県,西蒲原郡,味方村,250
1980,15349,新潟県,西蒲原郡,潟東村,258
1980,15350,新潟県,西蒲原郡,月潟村,250
1980,15351,新潟県,西蒲原郡,中之口村,258
1980,15361,新潟県,南蒲原郡,田上町,252
1980,15362,新潟県,南蒲原郡,下田村,252
1980,15363,新潟県,南蒲原郡,栄村,252
1980,15364,新潟県,南蒲原郡,中之島村,251
1980,15381,新潟県,東蒲原郡,津川町,262
1980,15382,新潟県,東蒲原郡,鹿瀬町,262
1980,15383,新潟県,東蒲原郡,上川村,262
1980,15384,新潟県,東蒲原郡,三川村,262
1980,15401,新潟県,三島郡,越路町,251
1980,15402,新潟県,三島郡,三島町,251
1980,15403,新潟県,三島郡,与板町,251
1980,15404,新潟県,三島郡,和島村,265
1980,15405,新潟県,三島郡,出雲崎町,265
1980,15406,新潟県,三島郡,寺泊町,265
1980,15421,新潟県,古志郡,山古志村,255
1980,15441,新潟県,北魚沼郡,川口町,255
1980,15442,新潟県,北魚沼郡,堀之内町,266
1980,15443,新潟県,北魚沼郡,小出町,266
1980,15444,新潟県,北魚沼郡,湯之谷村,266
1980,15445,新潟県,北魚沼郡,広神村,266
1980,15446,新潟県,北魚沼郡,守門村,266
1980,15447,新潟県,北魚沼郡,入広瀬村,266
1980,15461,新潟県,南魚沼郡,湯沢町,267
1980,15462,新潟県,南魚沼郡,塩沢町,267
1980,15463,新潟県,南魚沼郡,六日町,267
1980,15464,新潟県,南魚沼郡,大和町,267
1980,15481,新潟県,中魚沼郡,川西町,256
1980,15482,新潟県,中魚沼郡,津南町,256
1980,15483,新潟県,中魚沼郡,中里村,256
1980,15501,新潟県,刈羽郡,高柳町,253
1980,15502,新潟県,刈羽郡,小国町,251
1980,15504,新潟県,刈羽郡,刈羽村,253
1980,15505,新潟県,刈羽郡,西山町,253
1980,15521,新潟県,東頸城郡,安塚町,268
1980,15522,新潟県,東頸城郡,浦川原村,268
1980,15523,新潟県,東頸城郡,松代町,269
1980,15524,新潟県,東頸城郡,松之山町,269
1980,15525,新潟県,東頸城郡,大島村,268
1980,15526,新潟県,東頸城郡,牧村,263
1980,15541,新潟県,中頸城郡,柿崎町,263
1980,15542,新潟県,中頸城郡,大潟町,263
1980,15543,新潟県,中頸城郡,頸城村,263
1980,15544,新潟県,中頸城郡,吉川町,263
1980,15545,新潟県,中頸城郡,妙高高原町,261
1980,15546,新潟県,中頸城郡,中郷村,261
1980,15547,新潟県,中頸城郡,妙高村,261
1980,15548,新潟県,中頸城郡,板倉町,261
1980,15549,新潟県,中頸城郡,清里村,263
1980,15550,新潟県,中頸城郡,三和村,263
1980,15561,新潟県,西頸城郡,名立町,260
1980,15562,新潟県,西頸城郡,能生町,260
1980,15563,新潟県,西頸城郡,青海町,260
1980,15581,新潟県,岩船郡,関川村,257
1980,15582,新潟県,岩船郡,荒川町,257
1980,15583,新潟県,岩船郡,神林村,257
1980,15584,新潟県,岩船郡,朝日村,257
1980,15585,新潟県,岩船郡,山北町,160
1980,15586,新潟県,岩船郡,粟島浦村,651
1980,15601,新潟県,佐渡郡,相川町,649
1980,15602,新潟県,佐渡郡,佐和田町,649
1980,15603,新潟県,佐渡郡,金井町,649
1980,15604,新潟県,佐渡郡,新穂村,649
1980,15605,新潟県,佐渡郡,畑野町,649
1980,15606,新潟県,佐渡郡,真野町,649
1980,15607,新潟県,佐渡郡,小木町,650
1980,15608,新潟県,佐渡郡,羽茂町,650
1980,15609,新潟県,佐渡郡,赤泊村,650
1980,16201,富山県,,富山市,270
1980,16202,富山県,,高岡市,271
1980,16203,富山県,,新湊市,271
1980,16204,富山県,,魚津市,272
1980,16205,富山県,,氷見市,271
1980,16206,富山県,,滑川市,270
1980,16207,富山県,,黒部市,272
1980,16208,富山県,,砺波市,273
1980,16209,富山県,,小矢部市,271
1980,16301,富山県,上新川郡,大沢野町,270
1980,16302,富山県,上新川郡,大山町,270
1980,16321,富山県,中新川郡,舟橋村,270
1980,16322,富山県,中新川郡,上市町,270
1980,16323,富山県,中新川郡,立山町,270
1980,16341,富山県,下新川郡,宇奈月町,272
1980,16342,富山県,下新川郡,入善町,272
1980,16343,富山県,下新川郡,朝日町,272
1980,16361,富山県,婦負郡,八尾町,270
1980,16362,富山県,婦負郡,婦中町,270
1980,16363,富山県,婦負郡,山田村,270
1980,16364,富山県,婦負郡,細入村,270
1980,16381,富山県,射水郡,小杉町,271
1980,16382,富山県,射水郡,大門町,271
1980,16383,富山県,射水郡,下村,271
1980,16384,富山県,射水郡,大島町,271
1980,16401,富山県,東礪波郡,城端町,273
1980,16402,富山県,東礪波郡,平村,274
1980,16403,富山県,東礪波郡,上平村,274
1980,16404,富山県,東礪波郡,利賀村,275
1980,16405,富山県,東礪波郡,庄川町,273
1980,16406,富山県,東礪波郡,井波町,273
1980,16407,富山県,東礪波郡,井口村,273
1980,16408,富山県,東礪波郡,福野町,273
1980,16421,富山県,西礪波郡,福光町,273
1980,16422,富山県,西礪波郡,福岡町,271
1980,17201,石川県,,金沢市,276
1980,17202,石川県,,七尾市,277
1980,17203,石川県,,小松市,278
1980,17204,石川県,,輪島市,279
1980,17205,石川県,,珠洲市,279
1980,17206,石川県,,加賀市,278
1980,17207,石川県,,羽咋市,280
1980,17208,石川県,,松任市,276
1980,17301,石川県,江沼郡,山中町,278
1980,17321,石川県,能美郡,根上町,278
1980,17322,石川県,能美郡,寺井町,278
1980,17323,石川県,能美郡,辰口町,278
1980,17324,石川県,能美郡,川北町,276
1980,17342,石川県,石川郡,美川町,276
1980,17343,石川県,石川郡,鶴来町,276
1980,17344,石川県,石川郡,野々市町,276
1980,17345,石川県,石川郡,河内村,276
1980,17346,石川県,石川郡,吉野谷村,276
1980,17347,石川県,石川郡,鳥越村,276
1980,17348,石川県,石川郡,尾口村,276
1980,17349,石川県,石川郡,白峰村,281
1980,17361,石川県,河北郡,津幡町,276
1980,17362,石川県,河北郡,高松町,276
1980,17363,石川県,河北郡,七塚町,276
1980,17364,石川県,河北郡,宇ノ気町,276
1980,17365,石川県,河北郡,内灘町,276
1980,17382,石川県,羽咋郡,富来町,282
1980,17383,石川県,羽咋郡,志雄町,280
1980,17384,石川県,羽咋郡,志賀町,282
1980,17385,石川県,羽咋郡,押水町,280
1980,17401,石川県,鹿島郡,田鶴浜町,277
1980,17402,石川県,鹿島郡,鳥屋町,277
1980,17403,石川県,鹿島郡,中島町,277
1980,17404,石川県,鹿島郡,鹿島町,277
1980,17405,石川県,鹿島郡,能登島町,652
1980,17406,石川県,鹿島郡,鹿西町,277
1980,17421,石川県,鳳至郡,穴水町,283
1980,17422,石川県,鳳至郡,門前町,283
1980,17423,石川県,鳳至郡,能都町,279
1980,17424,石川県,鳳至郡,柳田村,279
1980,17441,石川県,珠洲郡,内浦町,279
1980,18201,福井県,,福井市,284
1980,18202,福井県,,敦賀市,285
1980,18203,福井県,,武生市,286
1980,18204,福井県,,小浜市,287
1980,18205,福井県,,大野市,281
1980,18206,福井県,,勝山市,281
1980,18207,福井県,,鯖江市,286
1980,18302,福井県,足羽郡,美山町,284
1980,18321,福井県,吉田郡,松岡町,284
1980,18322,福井県,吉田郡,永平寺町,284
1980,18323,福井県,吉田郡,上志比村,284
1980,18342,福井県,大野郡,和泉村,281
1980,18361,福井県,坂井郡,三国町,284
1980,18362,福井県,坂井郡,芦原町,284
1980,18363,福井県,坂井郡,金津町,284
1980,18364,福井県,坂井郡,丸岡町,284
1980,18365,福井県,坂井郡,春江町,284
1980,18366,福井県,坂井郡,坂井町,284
1980,18381,福井県,今立郡,今立町,286
1980,18382,福井県,今立郡,池田町,288
1980,18401,福井県,南条郡,南条町,286
1980,18402,福井県,南条郡,今庄町,286
1980,18403,福井県,南条郡,河野村,286
1980,18421,福井県,丹生郡,朝日町,286
1980,18422,福井県,丹生郡,宮崎村,286
1980,18423,福井県,丹生郡,越前町,286
1980,18424,福井県,丹生郡,越廼村,284
1980,18425,福井県,丹生郡,織田町,286
1980,18426,福井県,丹生郡,清水町,284
1980,18441,福井県,三方郡,三方町,285
1980,18442,福井県,三方郡,美浜町,285
1980,18461,福井県,遠敷郡,上中町,287
1980,18462,福井県,遠敷郡,名田庄村,287
1980,18481,福井県,大飯郡,高浜町,287
1980,18482,福井県,大飯郡,大飯町,287
1980,19201,山梨県,,甲府市,289
1980,19202,山梨県,,富士吉田市,290
1980,19203,山梨県,,塩山市,291
1980,19204,山梨県,,都留市,290
1980,19205,山梨県,,山梨市,291
1980,19206,山梨県,,大月市,291
1980,19207,山梨県,,韮崎市,292
1980,19301,山梨県,東山梨郡,春日居町,293
1980,19302,山梨県,東山梨郡,牧丘町,291
1980,19303,山梨県,東山梨郡,三富村,291
1980,19304,山梨県,東山梨郡,勝沼町,291
1980,19305,山梨県,東山梨郡,大和村,291
1980,19321,山梨県,東八代郡,石和町,293
1980,19322,山梨県,東八代郡,御坂町,293
1980,19323,山梨県,東八代郡,一宮町,293
1980,19324,山梨県,東八代郡,八代町,293
1980,19325,山梨県,東八代郡,境川村,294
1980,19326,山梨県,東八代郡,中道町,294
1980,19327,山梨県,東八代郡,芦川村,293
1980,19328,山梨県,東八代郡,豊富村,295
1980,19341,山梨県,西八代郡,上九一色村,296
1980,19342,山梨県,西八代郡,三珠町,289
1980,19343,山梨県,西八代郡,市川大門町,289
1980,19344,山梨県,西八代郡,六郷町,289
1980,19345,山梨県,西八代郡,下部町,289
1980,19361,山梨県,南巨摩郡,増穂町,289
1980,19362,山梨県,南巨摩郡,鰍沢町,289
1980,19363,山梨県,南巨摩郡,中富町,297
1980,19364,山梨県,南巨摩郡,早川町,297
1980,19365,山梨県,南巨摩郡,身延町,297
1980,19366,山梨県,南巨摩郡,南部町,298
1980,19367,山梨県,南巨摩郡,富沢町,298
1980,19381,山梨県,中巨摩郡,竜王町,289
1980,19382,山梨県,中巨摩郡,敷島町,289
1980,19383,山梨県,中巨摩郡,玉穂村,289
1980,19384,山梨県,中巨摩郡,昭和町,289
1980,19385,山梨県,中巨摩郡,田富町,289
1980,19386,山梨県,中巨摩郡,八田村,289
1980,19387,山梨県,中巨摩郡,白根町,289
1980,19388,山梨県,中巨摩郡,芦安村,289
1980,19389,山梨県,中巨摩郡,若草町,289
1980,19390,山梨県,中巨摩郡,櫛形町,289
1980,19391,山梨県,中巨摩郡,甲西町,289
1980,19401,山梨県,北巨摩郡,双葉町,289
1980,19402,山梨県,北巨摩郡,明野村,292
1980,19403,山梨県,北巨摩郡,須玉町,292
1980,19404,山梨県,北巨摩郡,高根町,292
1980,19405,山梨県,北巨摩郡,長坂町,292
1980,19406,山梨県,北巨摩郡,大泉村,292
1980,19407,山梨県,北巨摩郡,小淵沢町,292
1980,19408,山梨県,北巨摩郡,白州町,292
1980,19409,山梨県,北巨摩郡,武川村,292
1980,19421,山梨県,南都留郡,秋山村,244
1980,19422,山梨県,南都留郡,道志村,299
1980,19423,山梨県,南都留郡,西桂町,290
1980,19424,山梨県,南都留郡,忍野村,290
1980,19425,山梨県,南都留郡,山中湖村,290
1980,19426,山梨県,南都留郡,河口湖町,290
1980,19427,山梨県,南都留郡,勝山村,290
1980,19428,山梨県,南都留郡,足和田村,290
1980,19429,山梨県,南都留郡,鳴沢村,290
1980,19441,山梨県,北都留郡,上野原町,244
1980,19442,山梨県,北都留郡,小菅村,300
1980,19443,山梨県,北都留郡,丹波山村,301
1980,20201,長野県,,長野市,302
1980,20202,長野県,,松本市,303
1980,20203,長野県,,上田市,304
1980,20204,長野県,,岡谷市,305
1980,20205,長野県,,飯田市,306
1980,20206,長野県,,諏訪市,305
1980,20207,長野県,,須坂市,302
1980,20208,長野県,,小諸市,307
1980,20209,長野県,,伊那市,308
1980,20210,長野県,,駒ヶ根市,309
1980,20211,長野県,,中野市,310
1980,20212,長野県,,大町市,311
1980,20213,長野県,,飯山市,310
1980,20214,長野県,,茅野市,305
1980,20215,長野県,,塩尻市,312
1980,20216,長野県,,更埴市,313
1980,20217,長野県,,佐久市,307
1980,20301,長野県,南佐久郡,臼田町,307
1980,20302,長野県,南佐久郡,佐久町,307
1980,20303,長野県,南佐久郡,小海町,307
1980,20304,長野県,南佐久郡,川上村,314
1980,20305,長野県,南佐久郡,南牧村,314
1980,20306,長野県,南佐久郡,南相木村,307
1980,20307,長野県,南佐久郡,北相木村,307
1980,20308,長野県,南佐久郡,八千穂村,307
1980,20321,長野県,北佐久郡,軽井沢町,307
1980,20322,長野県,北佐久郡,望月町,307
1980,20323,長野県,北佐久郡,御代田町,307
1980,20324,長野県,北佐久郡,立科町,315
1980,20325,長野県,北佐久郡,浅科村,307
1980,20326,長野県,北佐久郡,北御牧村,304
1980,20341,長野県,小県郡,丸子町,304
1980,20342,長野県,小県郡,長門町,304
1980,20343,長野県,小県郡,東部町,304
1980,20345,長野県,小県郡,真田町,304
1980,20346,長野県,小県郡,武石村,304
1980,20347,長野県,小県郡,和田村,304
1980,20349,長野県,小県郡,青木村,304
1980,20361,長野県,諏訪郡,下諏訪町,305
1980,20362,長野県,諏訪郡,富士見町,305
1980,20363,長野県,諏訪郡,原村,305
1980,20381,長野県,上伊那郡,高遠町,308
1980,20382,長野県,上伊那郡,辰野町,308
1980,20383,長野県,上伊那郡,箕輪町,308
1980,20384,長野県,上伊那郡,飯島町,309
1980,20385,長野県,上伊那郡,南箕輪村,308
1980,20386,長野県,上伊那郡,中川村,309
1980,20387,長野県,上伊那郡,長谷村,308
1980,20388,長野県,上伊那郡,宮田村,309
1980,20401,長野県,下伊那郡,鼎町,306
1980,20402,長野県,下伊那郡,松川町,309
1980,20403,長野県,下伊那郡,高森町,306
1980,20404,長野県,下伊那郡,阿南町,316
1980,20405,長野県,下伊那郡,上郷町,306
1980,20406,長野県,下伊那郡,清内路村,306
1980,20407,長野県,下伊那郡,阿智村,306
1980,20408,長野県,下伊那郡,浪合村,306
1980,20409,長野県,下伊那郡,平谷村,317
1980,20410,長野県,下伊那郡,根羽村,318
1980,20411,長野県,下伊那郡,下條村,306
1980,20412,長野県,下伊那郡,売木村,319
1980,20413,長野県,下伊那郡,天龍村,316
1980,20414,長野県,下伊那郡,泰阜村,316
1980,20415,長野県,下伊那郡,喬木村,306
1980,20416,長野県,下伊那郡,豊丘村,306
1980,20417,長野県,下伊那郡,大鹿村,320
1980,20418,長野県,下伊那郡,上村,321
1980,20419,長野県,下伊那郡,南信濃村,321
1980,20421,長野県,木曽郡,木曽福島町,322
1980,20422,長野県,木曽郡,上松町,322
1980,20423,長野県,木曽郡,南木曽町,322
1980,20424,長野県,木曽郡,楢川村,312
1980,20425,長野県,木曽郡,木祖村,322
1980,20426,長野県,木曽郡,日義村,322
1980,20427,長野県,木曽郡,開田村,322
1980,20428,長野県,木曽郡,三岳村,322
1980,20429,長野県,木曽郡,王滝村,322
1980,20430,長野県,木曽郡,大桑村,322
1980,20431,長野県,木曽郡,山口村,323
1980,20441,長野県,東筑摩郡,明科町,303
1980,20443,長野県,東筑摩郡,四賀村,303
1980,20444,長野県,東筑摩郡,本城村,324
1980,20445,長野県,東筑摩郡,坂北村,324
1980,20446,長野県,東筑摩郡,麻績村,324
1980,20447,長野県,東筑摩郡,坂井村,324
1980,20448,長野県,東筑摩郡,生坂村,303
1980,20449,長野県,東筑摩郡,波田町,303
1980,20450,長野県,東筑摩郡,山形村,303
1980,20451,長野県,東筑摩郡,朝日村,312
1980,20461,長野県,南安曇郡,豊科町,303
1980,20462,長野県,南安曇郡,穂高町,303
1980,20463,長野県,南安曇郡,奈川村,303
1980,20464,長野県,南安曇郡,安曇村,303
1980,20465,長野県,南安曇郡,梓川村,303
1980,20466,長野県,南安曇郡,三郷村,303
1980,20467,長野県,南安曇郡,堀金村,303
1980,20481,長野県,北安曇郡,池田町,311
1980,20482,長野県,北安曇郡,松川村,311
1980,20483,長野県,北安曇郡,八坂村,311
1980,20484,長野県,北安曇郡,美麻村,311
1980,20485,長野県,北安曇郡,白馬村,311
1980,20486,長野県,北安曇郡,小谷村,311
1980,20501,長野県,更級郡,上山田町,313
1980,20502,長野県,更級郡,大岡村,325
1980,20521,長野県,埴科郡,坂城町,313
1980,20522,長野県,埴科郡,戸倉町,313
1980,20541,長野県,上高井郡,小布施町,302
1980,20543,長野県,上高井郡,高山村,302
1980,20561,長野県,下高井郡,山ノ内町,310
1980,20562,長野県,下高井郡,木島平村,310
1980,20563,長野県,下高井郡,野沢温泉村,310
1980,20581,長野県,上水内郡,信州新町,325
1980,20582,長野県,上水内郡,豊野町,302
1980,20583,長野県,上水内郡,信濃町,302
1980,20584,長野県,上水内郡,牟礼村,302
1980,20585,長野県,上水内郡,三水村,302
1980,20586,長野県,上水内郡,戸隠村,302
1980,20587,長野県,上水内郡,鬼無里村,302
1980,20588,長野県,上水内郡,小川村,302
1980,20589,長野県,上水内郡,中条村,302
1980,20601,長野県,下水内郡,豊田村,310
1980,20602,長野県,下水内郡,栄村,256
1980,21201,岐阜県,,岐阜市,326
1980,21202,岐阜県,,大垣市,327
1980,21203,岐阜県,,高山市,328
1980,21204,岐阜県,,多治見市,329
1980,21205,岐阜県,,関市,330
1980,21206,岐阜県,,中津川市,323
1980,21207,岐阜県,,美濃市,330
1980,21208,岐阜県,,瑞浪市,329
1980,21209,岐阜県,,羽島市,331
1980,21210,岐阜県,,恵那市,323
1980,21211,岐阜県,,美濃加茂市,332
1980,21212,岐阜県,,土岐市,329
1980,21213,岐阜県,,各務原市,326
1980,21301,岐阜県,羽島郡,川島町,333
1980,21302,岐阜県,羽島郡,岐南町,326
1980,21303,岐阜県,羽島郡,笠松町,326
1980,21304,岐阜県,羽島郡,柳津町,326
1980,21321,岐阜県,海津郡,海津町,331
1980,21322,岐阜県,海津郡,平田町,331
1980,21323,岐阜県,海津郡,南濃町,331
1980,21341,岐阜県,養老郡,養老町,327
1980,21342,岐阜県,養老郡,上石津町,327
1980,21361,岐阜県,不破郡,垂井町,327
1980,21362,岐阜県,不破郡,関ヶ原町,327
1980,21381,岐阜県,安八郡,神戸町,327
1980,21382,岐阜県,安八郡,輪之内町,327
1980,21383,岐阜県,安八郡,安八町,327
1980,21384,岐阜県,安八郡,墨俣町,327
1980,21401,岐阜県,揖斐郡,揖斐川町,334
1980,21402,岐阜県,揖斐郡,谷汲村,326
1980,21403,岐阜県,揖斐郡,大野町,326
1980,21404,岐阜県,揖斐郡,池田町,327
1980,21405,岐阜県,揖斐郡,春日村,334
1980,21406,岐阜県,揖斐郡,久瀬村,334
1980,21407,岐阜県,揖斐郡,藤橋村,334
1980,21408,岐阜県,揖斐郡,坂内村,334
1980,21409,岐阜県,揖斐郡,徳山村,335
1980,21421,岐阜県,本巣郡,北方町,326
1980,21422,岐阜県,本巣郡,本巣町,326
1980,21423,岐阜県,本巣郡,穂積町,326
1980,21424,岐阜県,本巣郡,巣南町,326
1980,21425,岐阜県,本巣郡,真正町,326
1980,21426,岐阜県,本巣郡,糸貫町,326
1980,21427,岐阜県,本巣郡,根尾村,335
1980,21441,岐阜県,山県郡,高富町,326
1980,21442,岐阜県,山県郡,伊自良村,326
1980,21443,岐阜県,山県郡,美山町,336
1980,21461,岐阜県,武儀郡,洞戸村,336
1980,21462,岐阜県,武儀郡,板取村,336
1980,21463,岐阜県,武儀郡,武芸川町,330
1980,21464,岐阜県,武儀郡,武儀町,330
1980,21465,岐阜県,武儀郡,上之保村,330
1980,21481,岐阜県,郡上郡,八幡町,337
1980,21482,岐阜県,郡上郡,大和村,337
1980,21483,岐阜県,郡上郡,白鳥町,338
1980,21484,岐阜県,郡上郡,高鷲村,338
1980,21485,岐阜県,郡上郡,美並村,337
1980,21486,岐阜県,郡上郡,明方村,337
1980,21487,岐阜県,郡上郡,和良村,339
1980,21501,岐阜県,加茂郡,坂祝町,332
1980,21502,岐阜県,加茂郡,富加町,330
1980,21503,岐阜県,加茂郡,川辺町,332
1980,21504,岐阜県,加茂郡,七宗町,332
1980,21505,岐阜県,加茂郡,八百津町,332
1980,21506,岐阜県,加茂郡,白川町,340
1980,21507,岐阜県,加茂郡,東白川村,340
1980,21521,岐阜県,可児郡,御嵩町,332
1980,21522,岐阜県,可児郡,可児町,332
1980,21523,岐阜県,可児郡,兼山町,332
1980,21541,岐阜県,土岐郡,笠原町,329
1980,21561,岐阜県,恵那郡,坂下町,323
1980,21562,岐阜県,恵那郡,川上村,323
1980,21563,岐阜県,恵那郡,加子母村,341
1980,21564,岐阜県,恵那郡,付知町,323
1980,21565,岐阜県,恵那郡,福岡町,323
1980,21566,岐阜県,恵那郡,蛭川村,323
1980,21567,岐阜県,恵那郡,岩村町,323
1980,21568,岐阜県,恵那郡,山岡町,329
1980,21569,岐阜県,恵那郡,明智町,329
1980,21570,岐阜県,恵那郡,串原村,329
1980,21571,岐阜県,恵那郡,上矢作町,329
1980,21581,岐阜県,益田郡,萩原町,342
1980,21582,岐阜県,益田郡,小坂町,342
1980,21583,岐阜県,益田郡,下呂町,342
1980,21584,岐阜県,益田郡,金山町,339
1980,21585,岐阜県,益田郡,馬瀬村,342
1980,21601,岐阜県,大野郡,丹生川村,328
1980,21602,岐阜県,大野郡,清見村,328
1980,21603,岐阜県,大野郡,荘川村,338
1980,21604,岐阜県,大野郡,白川村,274
1980,21605,岐阜県,大野郡,宮村,328
1980,21606,岐阜県,大野郡,久々野町,328
1980,21607,岐阜県,大野郡,朝日村,328
1980,21608,岐阜県,大野郡,高根村,343
1980,21621,岐阜県,吉城郡,古川町,328
1980,21622,岐阜県,吉城郡,国府町,328
1980,21623,岐阜県,吉城郡,河合村,328
1980,21624,岐阜県,吉城郡,宮川村,328
1980,21625,岐阜県,吉城郡,神岡町,344
1980,21626,岐阜県,吉城郡,上宝村,344
1980,22201,静岡県,,静岡市,345
1980,22202,静岡県,,浜松市,346
1980,22203,静岡県,,沼津市,347
1980,22204,静岡県,,清水市,345
1980,22205,静岡県,,熱海市,249
1980,22206,静岡県,,三島市,347
1980,22207,静岡県,,富士宮市,298
1980,22208,静岡県,,伊東市,348
1980,22209,静岡県,,島田市,349
1980,22210,静岡県,,富士市,298
1980,22211,静岡県,,磐田市,350
1980,22212,静岡県,,焼津市,345
1980,22213,静岡県,,掛川市,351
1980,22214,静岡県,,藤枝市,345
1980,22215,静岡県,,御殿場市,352
1980,22216,静岡県,,袋井市,350
1980,22217,静岡県,,天竜市,346
1980,22218,静岡県,,浜北市,346
1980,22219,静岡県,,下田市,348
1980,22220,静岡県,,裾野市,347
1980,22221,静岡県,,湖西市,346
1980,22301,静岡県,賀茂郡,東伊豆町,348
1980,22302,静岡県,賀茂郡,河津町,348
1980,22304,静岡県,賀茂郡,南伊豆町,348
1980,22305,静岡県,賀茂郡,松崎町,353
1980,22306,静岡県,賀茂郡,西伊豆町,353
1980,22307,静岡県,賀茂郡,賀茂村,353
1980,22321,静岡県,田方郡,伊豆長岡町,347
1980,22322,静岡県,田方郡,修善寺町,347
1980,22323,静岡県,田方郡,戸田村,354
1980,22324,静岡県,田方郡,土肥町,353
1980,22325,静岡県,田方郡,函南町,347
1980,22326,静岡県,田方郡,韮山町,347
1980,22327,静岡県,田方郡,大仁町,347
1980,22328,静岡県,田方郡,天城湯ヶ島町,347
1980,22329,静岡県,田方郡,中伊豆町,347
1980,22341,静岡県,駿東郡,清水町,347
1980,22342,静岡県,駿東郡,長泉町,347
1980,22344,静岡県,駿東郡,小山町,352
1980,22361,静岡県,富士郡,芝川町,298
1980,22381,静岡県,庵原郡,富士川町,298
1980,22382,静岡県,庵原郡,蒲原町,298
1980,22383,静岡県,庵原郡,由比町,345
1980,22401,静岡県,志太郡,岡部町,345
1980,22402,静岡県,志太郡,大井川町,345
1980,22421,静岡県,榛原郡,御前崎町,355
1980,22422,静岡県,榛原郡,相良町,355
1980,22423,静岡県,榛原郡,榛原町,355
1980,22424,静岡県,榛原郡,吉田町,355
1980,22425,静岡県,榛原郡,金谷町,349
1980,22426,静岡県,榛原郡,川根町,349
1980,22427,静岡県,榛原郡,中川根町,349
1980,22428,静岡県,榛原郡,本川根町,349
1980,22442,静岡県,小笠郡,大須賀町,351
1980,22444,静岡県,小笠郡,浜岡町,351
1980,22445,静岡県,小笠郡,小笠町,351
1980,22446,静岡県,小笠郡,菊川町,351
1980,22447,静岡県,小笠郡,大東町,351
1980,22461,静岡県,周智郡,森町,350
1980,22462,静岡県,周智郡,春野町,356
1980,22481,静岡県,磐田郡,浅羽町,350
1980,22482,静岡県,磐田郡,福田町,350
1980,22483,静岡県,磐田郡,竜洋町,346
1980,22484,静岡県,磐田郡,豊田町,350
1980,22485,静岡県,磐田郡,豊岡村,346
1980,22486,静岡県,磐田郡,龍山村,346
1980,22487,静岡県,磐田郡,佐久間町,357
1980,22488,静岡県,磐田郡,水窪町,357
1980,22501,静岡県,浜名郡,可美村,346
1980,22502,静岡県,浜名郡,舞阪町,346
1980,22503,静岡県,浜名郡,新居町,346
1980,22505,静岡県,浜名郡,雄踏町,346
1980,22521,静岡県,引佐郡,細江町,346
1980,22522,静岡県,引佐郡,引佐町,346
1980,22523,静岡県,引佐郡,三ヶ日町,346
1980,23100,愛知県,,名古屋市,358
1980,23201,愛知県,,豊橋市,359
1980,23202,愛知県,,岡崎市,360
1980,23203,愛知県,,一宮市,333
1980,23204,愛知県,,瀬戸市,358
1980,23205,愛知県,,半田市,361
1980,23206,愛知県,,春日井市,358
1980,23207,愛知県,,豊川市,359
1980,23208,愛知県,,津島市,362
1980,23209,愛知県,,碧南市,363
1980,23210,愛知県,,刈谷市,363
1980,23211,愛知県,,豊田市,364
1980,23212,愛知県,,安城市,363
1980,23213,愛知県,,西尾市,360
1980,23214,愛知県,,蒲郡市,360
1980,23215,愛知県,,犬山市,358
1980,23216,愛知県,,常滑市,361
1980,23217,愛知県,,江南市,358
1980,23218,愛知県,,尾西市,333
1980,23219,愛知県,,小牧市,358
1980,23220,愛知県,,稲沢市,333
1980,23221,愛知県,,新城市,359
1980,23222,愛知県,,東海市,361
1980,23223,愛知県,,大府市,363
1980,23224,愛知県,,知多市,361
1980,23225,愛知県,,知立市,363
1980,23226,愛知県,,尾張旭市,358
1980,23227,愛知県,,高浜市,363
1980,23228,愛知県,,岩倉市,358
1980,23229,愛知県,,豊明市,358
1980,23302,愛知県,愛知郡,東郷町,358
1980,23303,愛知県,愛知郡,日進町,358
1980,23304,愛知県,愛知郡,長久手町,358
1980,23341,愛知県,西春日井郡,西枇杷島町,358
1980,23342,愛知県,西春日井郡,豊山町,358
1980,23343,愛知県,西春日井郡,師勝町,358
1980,23344,愛知県,西春日井郡,西春町,358
1980,23345,愛知県,西春日井郡,春日村,333
1980,23346,愛知県,西春日井郡,清洲町,358
1980,23347,愛知県,西春日井郡,新川町,358
1980,23361,愛知県,丹羽郡,大口町,358
1980,23362,愛知県,丹羽郡,扶桑町,358
1980,23381,愛知県,葉栗郡,木曽川町,333
1980,23401,愛知県,中島郡,祖父江町,333
1980,23402,愛知県,中島郡,平和町,362
1980,23421,愛知県,海部郡,七宝町,358
1980,23422,愛知県,海部郡,美和町,358
1980,23423,愛知県,海部郡,甚目寺町,358
1980,23424,愛知県,海部郡,大治町,358
1980,23425,愛知県,海部郡,蟹江町,358
1980,23426,愛知県,海部郡,十四山村,358
1980,23427,愛知県,海部郡,飛島村,358
1980,23428,愛知県,海部郡,弥富町,358
1980,23429,愛知県,海部郡,佐屋町,362
1980,23430,愛知県,海部郡,立田村,362
1980,23431,愛知県,海部郡,八開村,362
1980,23432,愛知県,海部郡,佐織町,362
1980,23441,愛知県,知多郡,阿久比町,361
1980,23442,愛知県,知多郡,東浦町,363
1980,23445,愛知県,知多郡,南知多町,361
1980,23446,愛知県,知多郡,美浜町,361
1980,23447,愛知県,知多郡,武豊町,361
1980,23481,愛知県,幡豆郡,一色町,360
1980,23482,愛知県,幡豆郡,吉良町,360
1980,23483,愛知県,幡豆郡,幡豆町,360
1980,23501,愛知県,額田郡,幸田町,360
1980,23502,愛知県,額田郡,額田町,360
1980,23521,愛知県,西加茂郡,三好町,364
1980,23522,愛知県,西加茂郡,藤岡町,364
1980,23523,愛知県,西加茂郡,小原村,364
1980,23541,愛知県,東加茂郡,足助町,364
1980,23543,愛知県,東加茂郡,下山村,360
1980,23544,愛知県,東加茂郡,旭町,364
1980,23561,愛知県,北設楽郡,設楽町,365
1980,23562,愛知県,北設楽郡,東栄町,365
1980,23563,愛知県,北設楽郡,豊根村,365
1980,23564,愛知県,北設楽郡,富山村,357
1980,23565,愛知県,北設楽郡,津具村,365
1980,23566,愛知県,北設楽郡,稲武町,318
1980,23581,愛知県,南設楽郡,鳳来町,359
1980,23582,愛知県,南設楽郡,作手村,359
1980,23601,愛知県,宝飯郡,音羽町,359
1980,23602,愛知県,宝飯郡,一宮町,359
1980,23603,愛知県,宝飯郡,小坂井町,359
1980,23604,愛知県,宝飯郡,御津町,359
1980,23621,愛知県,渥美郡,田原町,366
1980,23622,愛知県,渥美郡,赤羽根町,366
1980,23623,愛知県,渥美郡,渥美町,366
1980,24201,三重県,,津市,367
1980,24202,三重県,,四日市市,368
1980,24203,三重県,,伊勢市,369
1980,24204,三重県,,松阪市,370
1980,24205,三重県,,桑名市,368
1980,24206,三重県,,上野市,371
1980,24207,三重県,,鈴鹿市,368
1980,24208,三重県,,名張市,372
1980,24209,三重県,,尾鷲市,373
1980,24210,三重県,,亀山市,374
1980,24211,三重県,,鳥羽市,375
1980,24212,三重県,,熊野市,376
1980,24213,三重県,,久居市,367
1980,24301,三重県,桑名郡,多度町,368
1980,24302,三重県,桑名郡,長島町,377
1980,24303,三重県,桑名郡,木曽岬村,377
1980,24321,三重県,員弁郡,北勢町,368
1980,24322,三重県,員弁郡,員弁町,368
1980,24323,三重県,員弁郡,大安町,368
1980,24324,三重県,員弁郡,東員町,368
1980,24325,三重県,員弁郡,藤原町,368
1980,24341,三重県,三重郡,菰野町,368
1980,24342,三重県,三重郡,楠町,368
1980,24343,三重県,三重郡,朝日町,368
1980,24344,三重県,三重郡,川越町,368
1980,24361,三重県,鈴鹿郡,関町,374
1980,24381,三重県,安芸郡,河芸町,368
1980,24382,三重県,安芸郡,芸濃町,374
1980,24383,三重県,安芸郡,美里村,367
1980,24384,三重県,安芸郡,安濃町,367
1980,24402,三重県,一志郡,香良洲町,367
1980,24403,三重県,一志郡,一志町,367
1980,24404,三重県,一志郡,白山町,367
1980,24405,三重県,一志郡,嬉野町,367
1980,24406,三重県,一志郡,美杉村,367
1980,24407,三重県,一志郡,三雲村,370
1980,24421,三重県,飯南郡,飯南町,370
1980,24422,三重県,飯南郡,飯高町,370
1980,24441,三重県,多気郡,多気町,370
1980,24442,三重県,多気郡,明和町,369
1980,24443,三重県,多気郡,大台町,378
1980,24444,三重県,多気郡,勢和村,370
1980,24445,三重県,多気郡,宮川村,378
1980,24461,三重県,度会郡,玉城町,369
1980,24462,三重県,度会郡,二見町,369
1980,24463,三重県,度会郡,小俣町,369
1980,24464,三重県,度会郡,南勢町,379
1980,24465,三重県,度会郡,南島町,380
1980,24466,三重県,度会郡,大宮町,378
1980,24467,三重県,度会郡,紀勢町,373
1980,24468,三重県,度会郡,御薗村,369
1980,24469,三重県,度会郡,大内山村,373
1980,24470,三重県,度会郡,度会町,369
1980,24481,三重県,阿山郡,伊賀町,371
1980,24482,三重県,阿山郡,島ヶ原村,371
1980,24483,三重県,阿山郡,阿山町,371
1980,24484,三重県,阿山郡,大山田村,371
1980,24501,三重県,名賀郡,青山町,372
1980,24521,三重県,志摩郡,浜島町,375
1980,24522,三重県,志摩郡,大王町,375
1980,24523,三重県,志摩郡,志摩町,375
1980,24524,三重県,志摩郡,阿児町,375
1980,24525,三重県,志摩郡,磯部町,375
1980,24541,三重県,北牟婁郡,紀伊長島町,373
1980,24542,三重県,北牟婁郡,海山町,373
1980,24561,三重県,南牟婁郡,御浜町,376
1980,24562,三重県,南牟婁郡,紀宝町,376
1980,24563,三重県,南牟婁郡,紀和町,376
1980,24564,三重県,南牟婁郡,鵜殿村,376
1980,25201,滋賀県,,大津市,381
1980,25202,滋賀県,,彦根市,382
1980,25203,滋賀県,,長浜市,383
1980,25204,滋賀県,,近江八幡市,381
1980,25205,滋賀県,,八日市市,384
1980,25206,滋賀県,,草津市,381
1980,25207,滋賀県,,守山市,381
1980,25301,滋賀県,滋賀郡,志賀町,381
1980,25321,滋賀県,栗太郡,栗東町,381
1980,25342,滋賀県,野洲郡,中主町,381
1980,25343,滋賀県,野洲郡,野洲町,381
1980,25361,滋賀県,甲賀郡,石部町,381
1980,25362,滋賀県,甲賀郡,甲西町,381
1980,25363,滋賀県,甲賀郡,水口町,385
1980,25364,滋賀県,甲賀郡,土山町,385
1980,25365,滋賀県,甲賀郡,甲賀町,385
1980,25366,滋賀県,甲賀郡,甲南町,385
1980,25367,滋賀県,甲賀郡,信楽町,386
1980,25381,滋賀県,蒲生郡,安土町,381
1980,25382,滋賀県,蒲生郡,蒲生町,384
1980,25383,滋賀県,蒲生郡,日野町,384
1980,25384,滋賀県,蒲生郡,竜王町,381
1980,25401,滋賀県,神崎郡,永源寺町,384
1980,25402,滋賀県,神崎郡,五個荘町,382
1980,25403,滋賀県,神崎郡,能登川町,382
1980,25421,滋賀県,愛知郡,愛東町,384
1980,25422,滋賀県,愛知郡,湖東町,384
1980,25423,滋賀県,愛知郡,秦荘町,382
1980,25424,滋賀県,愛知郡,愛知川町,382
1980,25441,滋賀県,犬上郡,豊郷町,382
1980,25442,滋賀県,犬上郡,甲良町,382
1980,25443,滋賀県,犬上郡,多賀町,382
1980,25461,滋賀県,坂田郡,山東町,383
1980,25462,滋賀県,坂田郡,伊吹町,383
1980,25463,滋賀県,坂田郡,米原町,383
1980,25464,滋賀県,坂田郡,近江町,383
1980,25481,滋賀県,東浅井郡,浅井町,383
1980,25482,滋賀県,東浅井郡,虎姫町,383
1980,25483,滋賀県,東浅井郡,湖北町,383
1980,25484,滋賀県,東浅井郡,びわ町,383
1980,25501,滋賀県,伊香郡,高月町,383
1980,25502,滋賀県,伊香郡,木之本町,383
1980,25503,滋賀県,伊香郡,余呉町,383
1980,25504,滋賀県,伊香郡,西浅井町,383
1980,25521,滋賀県,高島郡,マキノ町,387
1980,25522,滋賀県,高島郡,今津町,387
1980,25523,滋賀県,高島郡,朽木村,387
1980,25524,滋賀県,高島郡,安曇川町,387
1980,25525,滋賀県,高島郡,高島町,387
1980,25526,滋賀県,高島郡,新旭町,387
1980,26100,京都府,,京都市,388
1980,26201,京都府,,福知山市,389
1980,26202,京都府,,舞鶴市,287
1980,26203,京都府,,綾部市,389
1980,26204,京都府,,宇治市,388
1980,26205,京都府,,宮津市,390
1980,26206,京都府,,亀岡市,388
1980,26207,京都府,,城陽市,388
1980,26208,京都府,,向日市,388
1980,26209,京都府,,長岡京市,388
1980,26210,京都府,,八幡市,391
1980,26303,京都府,乙訓郡,大山崎町,388
1980,26322,京都府,久世郡,久御山町,388
1980,26342,京都府,綴喜郡,田辺町,388
1980,26343,京都府,綴喜郡,井手町,388
1980,26344,京都府,綴喜郡,宇治田原町,388
1980,26361,京都府,相楽郡,山城町,392
1980,26362,京都府,相楽郡,木津町,392
1980,26363,京都府,相楽郡,加茂町,392
1980,26364,京都府,相楽郡,笠置町,392
1980,26365,京都府,相楽郡,和束町,392
1980,26366,京都府,相楽郡,精華町,392
1980,26367,京都府,相楽郡,南山城村,392
1980,26381,京都府,北桑田郡,京北町,393
1980,26382,京都府,北桑田郡,美山町,393
1980,26401,京都府,船井郡,園部町,388
1980,26402,京都府,船井郡,八木町,388
1980,26403,京都府,船井郡,丹波町,388
1980,26404,京都府,船井郡,日吉町,388
1980,26405,京都府,船井郡,瑞穂町,388
1980,26406,京都府,船井郡,和知町,389
1980,26421,京都府,天田郡,三和町,389
1980,26422,京都府,天田郡,夜久野町,389
1980,26441,京都府,加佐郡,大江町,389
1980,26461,京都府,与謝郡,加悦町,390
1980,26462,京都府,与謝郡,岩滝町,390
1980,26463,京都府,与謝郡,伊根町,390
1980,26464,京都府,与謝郡,野田川町,390
1980,26481,京都府,中郡,峰山町,394
1980,26482,京都府,中郡,大宮町,394
1980,26501,京都府,竹野郡,網野町,394
1980,26502,京都府,竹野郡,丹後町,394
1980,26503,京都府,竹野郡,弥栄町,394
1980,26521,京都府,熊野郡,久美浜町,395
1980,27100,大阪府,,大阪市,391
1980,27201,大阪府,,堺市,396
1980,27202,大阪府,,岸和田市,396
1980,27203,大阪府,,豊中市,391
1980,27204,大阪府,,池田市,391
1980,27205,大阪府,,吹田市,391
1980,27206,大阪府,,泉大津市,396
1980,27207,大阪府,,高槻市,391
1980,27208,大阪府,,貝塚市,396
1980,27209,大阪府,,守口市,391
1980,27210,大阪府,,枚方市,391
1980,27211,大阪府,,茨木市,391
1980,27212,大阪府,,八尾市,391
1980,27213,大阪府,,泉佐野市,396
1980,27214,大阪府,,富田林市,397
1980,27215,大阪府,,寝屋川市,391
1980,27216,大阪府,,河内長野市,396
1980,27217,大阪府,,松原市,391
1980,27218,大阪府,,大東市,391
1980,27219,大阪府,,和泉市,396
1980,27220,大阪府,,箕面市,391
1980,27221,大阪府,,柏原市,391
1980,27222,大阪府,,羽曳野市,391
1980,27223,大阪府,,門真市,391
1980,27224,大阪府,,摂津市,391
1980,27225,大阪府,,高石市,396
1980,27226,大阪府,,藤井寺市,391
1980,27227,大阪府,,東大阪市,391
1980,27228,大阪府,,泉南市,396
1980,27229,大阪府,,四條畷市,391
1980,27230,大阪府,,交野市,391
1980,27301,大阪府,三島郡,島本町,391
1980,27321,大阪府,豊能郡,豊能町,391
1980,27322,大阪府,豊能郡,能勢町,398
1980,27341,大阪府,泉北郡,忠岡町,396
1980,27361,大阪府,泉南郡,熊取町,396
1980,27362,大阪府,泉南郡,田尻町,396
1980,27366,大阪府,泉南郡,岬町,396
1980,27367,大阪府,泉南郡,阪南町,396
1980,27381,大阪府,南河内郡,太子町,397
1980,27382,大阪府,南河内郡,河南町,397
1980,27383,大阪府,南河内郡,千早赤阪村,397
1980,27384,大阪府,南河内郡,狭山町,396
1980,27385,大阪府,南河内郡,美原町,396
1980,28100,兵庫県,,神戸市,399
1980,28201,兵庫県,,姫路市,400
1980,28202,兵庫県,,尼崎市,398
1980,28203,兵庫県,,明石市,399
1980,28204,兵庫県,,西宮市,398
1980,28205,兵庫県,,洲本市,401
1980,28206,兵庫県,,芦屋市,398
1980,28207,兵庫県,,伊丹市,398
1980,28208,兵庫県,,相生市,400
1980,28209,兵庫県,,豊岡市,402
1980,28210,兵庫県,,加古川市,399
1980,28211,兵庫県,,龍野市,400
1980,28212,兵庫県,,赤穂市,400
1980,28213,兵庫県,,西脇市,403
1980,28214,兵庫県,,宝塚市,398
1980,28215,兵庫県,,三木市,399
1980,28216,兵庫県,,高砂市,399
1980,28217,兵庫県,,川西市,398
1980,28218,兵庫県,,小野市,404
1980,28219,兵庫県,,三田市,405
1980,28220,兵庫県,,加西市,404
1980,28301,兵庫県,川辺郡,猪名川町,398
1980,28321,兵庫県,美嚢郡,吉川町,399
1980,28341,兵庫県,加東郡,社町,404
1980,28342,兵庫県,加東郡,滝野町,404
1980,28343,兵庫県,加東郡,東条町,404
1980,28361,兵庫県,多可郡,中町,403
1980,28362,兵庫県,多可郡,加美町,403
1980,28363,兵庫県,多可郡,八千代町,403
1980,28364,兵庫県,多可郡,黒田庄町,403
1980,28381,兵庫県,加古郡,稲美町,399
1980,28382,兵庫県,加古郡,播磨町,399
1980,28421,兵庫県,飾磨郡,家島町,653
1980,28422,兵庫県,飾磨郡,夢前町,400
1980,28441,兵庫県,神崎郡,神崎町,400
1980,28442,兵庫県,神崎郡,市川町,400
1980,28443,兵庫県,神崎郡,福崎町,400
1980,28444,兵庫県,神崎郡,香寺町,400
1980,28445,兵庫県,神崎郡,大河内町,400
1980,28461,兵庫県,揖保郡,新宮町,400
1980,28462,兵庫県,揖保郡,揖保川町,400
1980,28463,兵庫県,揖保郡,御津町,400
1980,28464,兵庫県,揖保郡,太子町,400
1980,28481,兵庫県,赤穂郡,上郡町,400
1980,28501,兵庫県,佐用郡,佐用町,400
1980,28502,兵庫県,佐用郡,上月町,400
1980,28503,兵庫県,佐用郡,南光町,400
1980,28504,兵庫県,佐用郡,三日月町,400
1980,28521,兵庫県,宍粟郡,山崎町,406
1980,28522,兵庫県,宍粟郡,安富町,406
1980,28523,兵庫県,宍粟郡,一宮町,406
1980,28524,兵庫県,宍粟郡,波賀町,406
1980,28525,兵庫県,宍粟郡,千種町,406
1980,28541,兵庫県,城崎郡,城崎町,402
1980,28542,兵庫県,城崎郡,竹野町,402
1980,28543,兵庫県,城崎郡,香住町,402
1980,28544,兵庫県,城崎郡,日高町,402
1980,28561,兵庫県,出石郡,出石町,402
1980,28562,兵庫県,出石郡,但東町,402
1980,28581,兵庫県,美方郡,村岡町,407
1980,28582,兵庫県,美方郡,浜坂町,408
1980,28583,兵庫県,美方郡,美方町,407
1980,28584,兵庫県,美方郡,温泉町,408
1980,28601,兵庫県,養父郡,八鹿町,409
1980,28602,兵庫県,養父郡,養父町,409
1980,28603,兵庫県,養父郡,大屋町,409
1980,28604,兵庫県,養父郡,関宮町,409
1980,28621,兵庫県,朝来郡,生野町,410
1980,28622,兵庫県,朝来郡,和田山町,410
1980,28623,兵庫県,朝来郡,山東町,410
1980,28624,兵庫県,朝来郡,朝来町,410
1980,28641,兵庫県,氷上郡,柏原町,411
1980,28642,兵庫県,氷上郡,氷上町,411
1980,28643,兵庫県,氷上郡,青垣町,411
1980,28644,兵庫県,氷上郡,春日町,411
1980,28645,兵庫県,氷上郡,山南町,411
1980,28646,兵庫県,氷上郡,市島町,389
1980,28661,兵庫県,多紀郡,篠山町,405
1980,28664,兵庫県,多紀郡,西紀町,405
1980,28665,兵庫県,多紀郡,丹南町,405
1980,28666,兵庫県,多紀郡,今田町,405
1980,28681,兵庫県,津名郡,津名町,412
1980,28682,兵庫県,津名郡,淡路町,412
1980,28683,兵庫県,津名郡,北淡町,412
1980,28684,兵庫県,津名郡,一宮町,412
1980,28685,兵庫県,津名郡,五色町,401
1980,28686,兵庫県,津名郡,東浦町,412
1980,28701,兵庫県,三原郡,緑町,401
1980,28702,兵庫県,三原郡,西淡町,401
1980,28703,兵庫県,三原郡,三原町,401
1980,28704,兵庫県,三原郡,南淡町,401
1980,29201,奈良県,,奈良市,392
1980,29202,奈良県,,大和高田市,413
1980,29203,奈良県,,大和郡山市,392
1980,29204,奈良県,,天理市,414
1980,29205,奈良県,,橿原市,413
1980,29206,奈良県,,桜井市,415
1980,29207,奈良県,,五條市,416
1980,29208,奈良県,,御所市,413
1980,29209,奈良県,,生駒市,391
1980,29301,奈良県,添上郡,月ヶ瀬村,371
1980,29321,奈良県,山辺郡,都祁村,414
1980,29322,奈良県,山辺郡,山添村,371
1980,29342,奈良県,生駒郡,平群町,391
1980,29343,奈良県,生駒郡,三郷町,391
1980,29344,奈良県,生駒郡,斑鳩町,417
1980,29345,奈良県,生駒郡,安堵村,417
1980,29361,奈良県,磯城郡,川西町,414
1980,29362,奈良県,磯城郡,三宅町,414
1980,29363,奈良県,磯城郡,田原本町,414
1980,29381,奈良県,宇陀郡,大宇陀町,415
1980,29382,奈良県,宇陀郡,菟田野町,415
1980,29383,奈良県,宇陀郡,榛原町,415
1980,29384,奈良県,宇陀郡,室生村,415
1980,29385,奈良県,宇陀郡,曽爾村,372
1980,29386,奈良県,宇陀郡,御杖村,372
1980,29401,奈良県,高市郡,高取町,413
1980,29402,奈良県,高市郡,明日香村,413
1980,29421,奈良県,北葛城郡,新庄町,413
1980,29422,奈良県,北葛城郡,當麻町,413
1980,29423,奈良県,北葛城郡,香芝町,391
1980,29424,奈良県,北葛城郡,上牧町,391
1980,29425,奈良県,北葛城郡,王寺町,391
1980,29426,奈良県,北葛城郡,広陵町,413
1980,29427,奈良県,北葛城郡,河合町,391
1980,29441,奈良県,吉野郡,吉野町,418
1980,29442,奈良県,吉野郡,大淀町,418
1980,29443,奈良県,吉野郡,下市町,418
1980,29444,奈良県,吉野郡,黒滝村,418
1980,29445,奈良県,吉野郡,西吉野村,416
1980,29446,奈良県,吉野郡,天川村,419
1980,29447,奈良県,吉野郡,野迫川村,420
1980,29448,奈良県,吉野郡,大塔村,421
1980,29449,奈良県,吉野郡,十津川村,421
1980,29450,奈良県,吉野郡,下北山村,422
1980,29451,奈良県,吉野郡,上北山村,422
1980,29452,奈良県,吉野郡,川上村,418
1980,29453,奈良県,吉野郡,東吉野村,423
1980,30201,和歌山県,,和歌山市,424
1980,30202,和歌山県,,海南市,424
1980,30203,和歌山県,,橋本市,425
1980,30204,和歌山県,,有田市,426
1980,30205,和歌山県,,御坊市,427
1980,30206,和歌山県,,田辺市,428
1980,30207,和歌山県,,新宮市,376
1980,30301,和歌山県,海草郡,下津町,424
1980,30302,和歌山県,海草郡,野上町,424
1980,30303,和歌山県,海草郡,美里町,424
1980,30321,和歌山県,那賀郡,打田町,424
1980,30322,和歌山県,那賀郡,粉河町,424
1980,30323,和歌山県,那賀郡,那賀町,424
1980,30324,和歌山県,那賀郡,桃山町,424
1980,30325,和歌山県,那賀郡,貴志川町,424
1980,30326,和歌山県,那賀郡,岩出町,424
1980,30341,和歌山県,伊都郡,かつらぎ町,425
1980,30342,和歌山県,伊都郡,高野口町,425
1980,30343,和歌山県,伊都郡,九度山町,425
1980,30344,和歌山県,伊都郡,高野町,425
1980,30345,和歌山県,伊都郡,花園村,429
1980,30361,和歌山県,有田郡,湯浅町,426
1980,30362,和歌山県,有田郡,広川町,426
1980,30363,和歌山県,有田郡,吉備町,426
1980,30364,和歌山県,有田郡,金屋町,426
1980,30365,和歌山県,有田郡,清水町,429
1980,30381,和歌山県,日高郡,美浜町,427
1980,30382,和歌山県,日高郡,日高町,427
1980,30383,和歌山県,日高郡,由良町,427
1980,30384,和歌山県,日高郡,川辺町,427
1980,30385,和歌山県,日高郡,中津村,427
1980,30386,和歌山県,日高郡,美山村,430
1980,30387,和歌山県,日高郡,龍神村,430
1980,30388,和歌山県,日高郡,南部川村,428
1980,30389,和歌山県,日高郡,南部町,428
1980,30390,和歌山県,日高郡,印南町,427
1980,30401,和歌山県,西牟婁郡,白浜町,428
1980,30402,和歌山県,西牟婁郡,中辺路町,428
1980,30403,和歌山県,西牟婁郡,大塔村,428
1980,30404,和歌山県,西牟婁郡,上富田町,428
1980,30405,和歌山県,西牟婁郡,日置川町,428
1980,30406,和歌山県,西牟婁郡,すさみ町,431
1980,30407,和歌山県,西牟婁郡,串本町,432
1980,30421,和歌山県,東牟婁郡,那智勝浦町,432
1980,30422,和歌山県,東牟婁郡,太地町,432
1980,30423,和歌山県,東牟婁郡,古座町,432
1980,30424,和歌山県,東牟婁郡,古座川町,432
1980,30425,和歌山県,東牟婁郡,熊野川町,376
1980,30426,和歌山県,東牟婁郡,本宮町,376
1980,30427,和歌山県,東牟婁郡,北山村,376
1980,31201,鳥取県,,鳥取市,433
1980,31202,鳥取県,,米子市,434
1980,31203,鳥取県,,倉吉市,435
1980,31204,鳥取県,,境港市,434
1980,31301,鳥取県,岩美郡,国府町,433
1980,31302,鳥取県,岩美郡,岩美町,433
1980,31303,鳥取県,岩美郡,福部村,433
1980,31321,鳥取県,八頭郡,郡家町,433
1980,31322,鳥取県,八頭郡,船岡町,433
1980,31323,鳥取県,八頭郡,河原町,433
1980,31324,鳥取県,八頭郡,八東町,433
1980,31325,鳥取県,八頭郡,若桜町,433
1980,31326,鳥取県,八頭郡,用瀬町,436
1980,31327,鳥取県,八頭郡,佐治村,436
1980,31328,鳥取県,八頭郡,智頭町,436
1980,31341,鳥取県,気高郡,気高町,433
1980,31342,鳥取県,気高郡,鹿野町,433
1980,31343,鳥取県,気高郡,青谷町,433
1980,31361,鳥取県,東伯郡,羽合町,435
1980,31362,鳥取県,東伯郡,泊村,435
1980,31363,鳥取県,東伯郡,東郷町,435
1980,31364,鳥取県,東伯郡,三朝町,435
1980,31365,鳥取県,東伯郡,関金町,435
1980,31366,鳥取県,東伯郡,北条町,435
1980,31367,鳥取県,東伯郡,大栄町,437
1980,31368,鳥取県,東伯郡,東伯町,437
1980,31369,鳥取県,東伯郡,赤碕町,437
1980,31381,鳥取県,西伯郡,西伯町,434
1980,31382,鳥取県,西伯郡,会見町,434
1980,31383,鳥取県,西伯郡,岸本町,434
1980,31384,鳥取県,西伯郡,日吉津村,434
1980,31385,鳥取県,西伯郡,淀江町,434
1980,31386,鳥取県,西伯郡,大山町,434
1980,31387,鳥取県,西伯郡,名和町,434
1980,31388,鳥取県,西伯郡,中山町,437
1980,31401,鳥取県,日野郡,日南町,438
1980,31402,鳥取県,日野郡,日野町,438
1980,31403,鳥取県,日野郡,江府町,438
1980,31404,鳥取県,日野郡,溝口町,434
1980,32201,島根県,,松江市,439
1980,32202,島根県,,浜田市,440
1980,32203,島根県,,出雲市,441
1980,32204,島根県,,益田市,442
1980,32205,島根県,,大田市,443
1980,32206,島根県,,安来市,444
1980,32207,島根県,,江津市,443
1980,32208,島根県,,平田市,441
1980,32301,島根県,八束郡,鹿島町,439
1980,32302,島根県,八束郡,島根町,439
1980,32303,島根県,八束郡,美保関町,439
1980,32304,島根県,八束郡,東出雲町,439
1980,32305,島根県,八束郡,八雲村,439
1980,32306,島根県,八束郡,玉湯町,439
1980,32307,島根県,八束郡,宍道町,441
1980,32308,島根県,八束郡,八束町,654
1980,32321,島根県,能義郡,広瀬町,444
1980,32322,島根県,能義郡,伯太町,444
1980,32341,島根県,仁多郡,仁多町,445
1980,32342,島根県,仁多郡,横田町,445
1980,32361,島根県,大原郡,大東町,446
1980,32362,島根県,大原郡,加茂町,446
1980,32363,島根県,大原郡,木次町,446
1980,32381,島根県,飯石郡,三刀屋町,446
1980,32382,島根県,飯石郡,吉田村,446
1980,32383,島根県,飯石郡,掛合町,446
1980,32384,島根県,飯石郡,頓原町,447
1980,32385,島根県,飯石郡,赤来町,447
1980,32401,島根県,簸川郡,斐川町,441
1980,32402,島根県,簸川郡,佐田町,441
1980,32403,島根県,簸川郡,多伎町,441
1980,32404,島根県,簸川郡,湖陵町,441
1980,32405,島根県,簸川郡,大社町,441
1980,32421,島根県,邇摩郡,温泉津町,443
1980,32422,島根県,邇摩郡,仁摩町,443
1980,32441,島根県,邑智郡,川本町,443
1980,32442,島根県,邑智郡,邑智町,443
1980,32443,島根県,邑智郡,大和村,448
1980,32444,島根県,邑智郡,羽須美村,449
1980,32445,島根県,邑智郡,瑞穂町,450
1980,32446,島根県,邑智郡,石見町,450
1980,32447,島根県,邑智郡,桜江町,443
1980,32462,島根県,那賀郡,金城町,440
1980,32463,島根県,那賀郡,旭町,440
1980,32464,島根県,那賀郡,弥栄村,440
1980,32465,島根県,那賀郡,三隅町,440
1980,32481,島根県,美濃郡,美都町,442
1980,32482,島根県,美濃郡,匹見町,451
1980,32501,島根県,鹿足郡,津和野町,442
1980,32502,島根県,鹿足郡,日原町,442
1980,32503,島根県,鹿足郡,柿木村,452
1980,32504,島根県,鹿足郡,六日市町,452
1980,32521,島根県,隠岐郡,西郷町,655
1980,32522,島根県,隠岐郡,布施村,655
1980,32523,島根県,隠岐郡,五箇村,655
1980,32524,島根県,隠岐郡,都万村,655
1980,32525,島根県,隠岐郡,海士町,656
1980,32526,島根県,隠岐郡,西ノ島町,657
1980,32527,島根県,隠岐郡,知夫村,658
1980,33201,岡山県,,岡山市,453
1980,33202,岡山県,,倉敷市,454
1980,33203,岡山県,,津山市,455
1980,33204,岡山県,,玉野市,456
1980,33205,岡山県,,笠岡市,454
1980,33207,岡山県,,井原市,457
1980,33208,岡山県,,総社市,454
1980,33209,岡山県,,高梁市,458
1980,33210,岡山県,,新見市,459
1980,33211,岡山県,,備前市,453
1980,33301,岡山県,御津郡,御津町,453
1980,33303,岡山県,御津郡,建部町,460
1980,33305,岡山県,御津郡,加茂川町,461
1980,33321,岡山県,赤磐郡,瀬戸町,453
1980,33322,岡山県,赤磐郡,山陽町,453
1980,33323,岡山県,赤磐郡,赤坂町,453
1980,33324,岡山県,赤磐郡,熊山町,453
1980,33325,岡山県,赤磐郡,吉井町,462
1980,33342,岡山県,和気郡,日生町,453
1980,33344,岡山県,和気郡,吉永町,453
1980,33345,岡山県,和気郡,佐伯町,453
1980,33346,岡山県,和気郡,和気町,453
1980,33361,岡山県,邑久郡,牛窓町,453
1980,33362,岡山県,邑久郡,邑久町,453
1980,33363,岡山県,邑久郡,長船町,453
1980,33401,岡山県,児島郡,灘崎町,456
1980,33423,岡山県,都窪郡,早島町,453
1980,33427,岡山県,都窪郡,山手村,454
1980,33428,岡山県,都窪郡,清音村,454
1980,33441,岡山県,浅口郡,船穂町,454
1980,33442,岡山県,浅口郡,金光町,454
1980,33443,岡山県,浅口郡,鴨方町,454
1980,33444,岡山県,浅口郡,寄島町,454
1980,33445,岡山県,浅口郡,里庄町,454
1980,33461,岡山県,小田郡,矢掛町,457
1980,33462,岡山県,小田郡,美星町,457
1980,33481,岡山県,後月郡,芳井町,457
1980,33503,岡山県,吉備郡,真備町,454
1980,33521,岡山県,上房郡,有漢町,458
1980,33522,岡山県,上房郡,北房町,463
1980,33523,岡山県,上房郡,賀陽町,461
1980,33541,岡山県,川上郡,成羽町,458
1980,33542,岡山県,川上郡,川上町,458
1980,33543,岡山県,川上郡,備中町,458
1980,33561,岡山県,阿哲郡,大佐町,459
1980,33562,岡山県,阿哲郡,神郷町,459
1980,33563,岡山県,阿哲郡,哲多町,459
1980,33564,岡山県,阿哲郡,哲西町,464
1980,33581,岡山県,真庭郡,勝山町,463
1980,33582,岡山県,真庭郡,落合町,463
1980,33583,岡山県,真庭郡,湯原町,465
1980,33584,岡山県,真庭郡,久世町,463
1980,33585,岡山県,真庭郡,美甘村,463
1980,33586,岡山県,真庭郡,新庄村,463
1980,33587,岡山県,真庭郡,川上村,465
1980,33588,岡山県,真庭郡,八束村,465
1980,33589,岡山県,真庭郡,中和村,465
1980,33601,岡山県,苫田郡,加茂町,455
1980,33602,岡山県,苫田郡,富村,463
1980,33603,岡山県,苫田郡,奥津町,455
1980,33604,岡山県,苫田郡,上齋原村,455
1980,33605,岡山県,苫田郡,阿波村,455
1980,33606,岡山県,苫田郡,鏡野町,455
1980,33621,岡山県,勝田郡,勝田町,466
1980,33622,岡山県,勝田郡,勝央町,466
1980,33623,岡山県,勝田郡,奈義町,455
1980,33624,岡山県,勝田郡,勝北町,455
1980,33641,岡山県,英田郡,大原町,467
1980,33642,岡山県,英田郡,東粟倉村,467
1980,33643,岡山県,英田郡,西粟倉村,467
1980,33644,岡山県,英田郡,美作町,466
1980,33645,岡山県,英田郡,作東町,466
1980,33646,岡山県,英田郡,英田町,466
1980,33661,岡山県,久米郡,中央町,455
1980,33662,岡山県,久米郡,旭町,468
1980,33663,岡山県,久米郡,久米南町,460
1980,33664,岡山県,久米郡,久米町,455
1980,33665,岡山県,久米郡,柵原町,462
1980,34100,広島県,,広島市,469
1980,34202,広島県,,呉市,470
1980,34203,広島県,,竹原市,471
1980,34204,広島県,,三原市,471
1980,34205,広島県,,尾道市,472
1980,34206,広島県,,因島市,659
1980,34207,広島県,,福山市,472
1980,34208,広島県,,府中市,472
1980,34209,広島県,,三次市,473
1980,34210,広島県,,庄原市,474
1980,34211,広島県,,大竹市,475
1980,34212,広島県,,東広島市,476
1980,34302,広島県,安芸郡,府中町,469
1980,34304,広島県,安芸郡,海田町,469
1980,34307,広島県,安芸郡,熊野町,469
1980,34309,広島県,安芸郡,坂町,469
1980,34310,広島県,安芸郡,江田島町,477
1980,34311,広島県,安芸郡,音戸町,470
1980,34312,広島県,安芸郡,倉橋町,470
1980,34313,広島県,安芸郡,下蒲刈町,661
1980,34314,広島県,安芸郡,蒲刈町,662
1980,34321,広島県,佐伯郡,五日市町,469
1980,34322,広島県,佐伯郡,廿日市町,469
1980,34323,広島県,佐伯郡,大野町,469
1980,34324,広島県,佐伯郡,湯来町,469
1980,34325,広島県,佐伯郡,佐伯町,469
1980,34326,広島県,佐伯郡,吉和村,478
1980,34327,広島県,佐伯郡,宮島町,663
1980,34328,広島県,佐伯郡,能美町,477
1980,34329,広島県,佐伯郡,沖美町,477
1980,34330,広島県,佐伯郡,大柿町,477
1980,34361,広島県,山県郡,加計町,479
1980,34362,広島県,山県郡,筒賀村,479
1980,34363,広島県,山県郡,戸河内町,479
1980,34364,広島県,山県郡,芸北町,480
1980,34365,広島県,山県郡,大朝町,481
1980,34366,広島県,山県郡,千代田町,481
1980,34367,広島県,山県郡,豊平町,482
1980,34381,広島県,高田郡,吉田町,483
1980,34382,広島県,高田郡,八千代町,483
1980,34383,広島県,高田郡,美土里町,483
1980,34384,広島県,高田郡,高宮町,483
1980,34385,広島県,高田郡,甲田町,483
1980,34386,広島県,高田郡,向原町,483
1980,34402,広島県,賀茂郡,黒瀬町,470
1980,34405,広島県,賀茂郡,福富町,476
1980,34406,広島県,賀茂郡,豊栄町,476
1980,34407,広島県,賀茂郡,大和町,476
1980,34408,広島県,賀茂郡,河内町,476
1980,34421,広島県,豊田郡,本郷町,471
1980,34422,広島県,豊田郡,安芸津町,471
1980,34423,広島県,豊田郡,安浦町,470
1980,34424,広島県,豊田郡,川尻町,470
1980,34425,広島県,豊田郡,豊浜町,664
1980,34426,広島県,豊田郡,豊町,664
1980,34427,広島県,豊田郡,大崎町,665
1980,34428,広島県,豊田郡,東野町,665
1980,34429,広島県,豊田郡,木江町,665
1980,34430,広島県,豊田郡,瀬戸田町,659
1980,34441,広島県,御調郡,御調町,472
1980,34442,広島県,御調郡,久井町,471
1980,34444,広島県,御調郡,向島町,472
1980,34461,広島県,世羅郡,甲山町,484
1980,34462,広島県,世羅郡,世羅町,484
1980,34463,広島県,世羅郡,世羅西町,484
1980,34481,広島県,沼隈郡,内海町,666
1980,34482,広島県,沼隈郡,沼隈町,472
1980,34501,広島県,深安郡,神辺町,472
1980,34524,広島県,芦品郡,新市町,472
1980,34541,広島県,神石郡,油木町,485
1980,34542,広島県,神石郡,神石町,464
1980,34543,広島県,神石郡,豊松村,485
1980,34544,広島県,神石郡,三和町,485
1980,34561,広島県,甲奴郡,上下町,486
1980,34562,広島県,甲奴郡,総領町,486
1980,34563,広島県,甲奴郡,甲奴町,486
1980,34581,広島県,双三郡,君田村,473
1980,34582,広島県,双三郡,布野村,473
1980,34583,広島県,双三郡,作木村,473
1980,34584,広島県,双三郡,吉舎町,473
1980,34585,広島県,双三郡,三良坂町,473
1980,34586,広島県,双三郡,三和町,487
1980,34601,広島県,比婆郡,西城町,474
1980,34602,広島県,比婆郡,東城町,464
1980,34603,広島県,比婆郡,口和町,474
1980,34604,広島県,比婆郡,高野町,488
1980,34605,広島県,比婆郡,比和町,474
1980,35201,山口県,,下関市,489
1980,35202,山口県,,宇部市,490
1980,35203,山口県,,山口市,491
1980,35204,山口県,,萩市,492
1980,35205,山口県,,徳山市,493
1980,35206,山口県,,防府市,491
1980,35207,山口県,,下松市,493
1980,35208,山口県,,岩国市,475
1980,35209,山口県,,小野田市,490
1980,35210,山口県,,光市,493
1980,35211,山口県,,長門市,494
1980,35212,山口県,,柳井市,493
1980,35213,山口県,,美祢市,495
1980,35214,山口県,,新南陽市,493
1980,35301,山口県,大島郡,久賀町,496
1980,35302,山口県,大島郡,大島町,496
1980,35303,山口県,大島郡,東和町,496
1980,35304,山口県,大島郡,橘町,496
1980,35321,山口県,玖珂郡,和木町,475
1980,35322,山口県,玖珂郡,由宇町,475
1980,35323,山口県,玖珂郡,玖珂町,475
1980,35324,山口県,玖珂郡,本郷村,475
1980,35325,山口県,玖珂郡,周東町,475
1980,35326,山口県,玖珂郡,錦町,475
1980,35327,山口県,玖珂郡,大畠町,493
1980,35328,山口県,玖珂郡,美川町,475
1980,35329,山口県,玖珂郡,美和町,475
1980,35341,山口県,熊毛郡,上関町,497
1980,35342,山口県,熊毛郡,大和町,493
1980,35343,山口県,熊毛郡,田布施町,493
1980,35344,山口県,熊毛郡,平生町,493
1980,35345,山口県,熊毛郡,熊毛町,493
1980,35361,山口県,都濃郡,鹿野町,493
1980,35381,山口県,佐波郡,徳地町,491
1980,35401,山口県,吉敷郡,秋穂町,491
1980,35402,山口県,吉敷郡,小郡町,491
1980,35403,山口県,吉敷郡,阿知須町,490
1980,35421,山口県,厚狭郡,楠町,490
1980,35422,山口県,厚狭郡,山陽町,490
1980,35441,山口県,豊浦郡,菊川町,489
1980,35442,山口県,豊浦郡,豊田町,489
1980,35443,山口県,豊浦郡,豊浦町,489
1980,35444,山口県,豊浦郡,豊北町,489
1980,35461,山口県,美祢郡,美東町,495
1980,35462,山口県,美祢郡,秋芳町,495
1980,35481,山口県,大津郡,三隅町,494
1980,35482,山口県,大津郡,日置町,494
1980,35483,山口県,大津郡,油谷町,494
1980,35501,山口県,阿武郡,川上村,492
1980,35502,山口県,阿武郡,阿武町,492
1980,35503,山口県,阿武郡,田万川町,498
1980,35504,山口県,阿武郡,阿東町,491
1980,35505,山口県,阿武郡,むつみ村,491
1980,35506,山口県,阿武郡,須佐町,498
1980,35507,山口県,阿武郡,旭村,492
1980,35508,山口県,阿武郡,福栄村,492
1980,36201,徳島県,,徳島市,499
1980,36202,徳島県,,鳴門市,499
1980,36203,徳島県,,小松島市,500
1980,36204,徳島県,,阿南市,500
1980,36301,徳島県,勝浦郡,勝浦町,501
1980,36302,徳島県,勝浦郡,上勝町,501
1980,36321,徳島県,名東郡,佐那河内村,499
1980,36341,徳島県,名西郡,石井町,499
1980,36342,徳島県,名西郡,神山町,502
1980,36361,徳島県,那賀郡,那賀川町,500
1980,36362,徳島県,那賀郡,羽ノ浦町,500
1980,36363,徳島県,那賀郡,鷲敷町,500
1980,36364,徳島県,那賀郡,相生町,500
1980,36365,徳島県,那賀郡,上那賀町,503
1980,36366,徳島県,那賀郡,木沢村,503
1980,36367,徳島県,那賀郡,木頭村,503
1980,36381,徳島県,海部郡,由岐町,504
1980,36382,徳島県,海部郡,日和佐町,504
1980,36383,徳島県,海部郡,牟岐町,504
1980,36384,徳島県,海部郡,海南町,505
1980,36385,徳島県,海部郡,海部町,505
1980,36386,徳島県,海部郡,宍喰町,505
1980,36401,徳島県,板野郡,松茂町,499
1980,36402,徳島県,板野郡,北島町,499
1980,36403,徳島県,板野郡,藍住町,499
1980,36404,徳島県,板野郡,板野町,499
1980,36405,徳島県,板野郡,上板町,499
1980,36406,徳島県,板野郡,吉野町,499
1980,36407,徳島県,板野郡,土成町,499
1980,36421,徳島県,阿波郡,市場町,506
1980,36422,徳島県,阿波郡,阿波町,506
1980,36441,徳島県,麻植郡,鴨島町,506
1980,36442,徳島県,麻植郡,川島町,506
1980,36443,徳島県,麻植郡,山川町,506
1980,36444,徳島県,麻植郡,美郷村,506
1980,36461,徳島県,美馬郡,脇町,507
1980,36462,徳島県,美馬郡,美馬町,507
1980,36463,徳島県,美馬郡,半田町,507
1980,36464,徳島県,美馬郡,貞光町,507
1980,36465,徳島県,美馬郡,一宇村,508
1980,36466,徳島県,美馬郡,穴吹町,507
1980,36467,徳島県,美馬郡,木屋平村,509
1980,36481,徳島県,三好郡,三野町,510
1980,36482,徳島県,三好郡,三好町,510
1980,36483,徳島県,三好郡,池田町,510
1980,36484,徳島県,三好郡,山城町,510
1980,36485,徳島県,三好郡,井川町,510
1980,36486,徳島県,三好郡,三加茂町,510
1980,36487,徳島県,三好郡,東祖谷山村,511
1980,36488,徳島県,三好郡,西祖谷山村,511
1980,37201,香川県,,高松市,512
1980,37202,香川県,,丸亀市,513
1980,37203,香川県,,坂出市,513
1980,37204,香川県,,善通寺市,513
1980,37205,香川県,,観音寺市,514
1980,37301,香川県,大川郡,引田町,515
1980,37302,香川県,大川郡,白鳥町,515
1980,37303,香川県,大川郡,大内町,515
1980,37304,香川県,大川郡,津田町,512
1980,37305,香川県,大川郡,大川町,512
1980,37306,香川県,大川郡,志度町,512
1980,37307,香川県,大川郡,寒川町,512
1980,37308,香川県,大川郡,長尾町,512
1980,37321,香川県,小豆郡,内海町,667
1980,37322,香川県,小豆郡,土庄町,667
1980,37323,香川県,小豆郡,池田町,667
1980,37341,香川県,木田郡,三木町,512
1980,37342,香川県,木田郡,牟礼町,512
1980,37343,香川県,木田郡,庵治町,512
1980,37361,香川県,香川郡,塩江町,512
1980,37362,香川県,香川郡,香川町,512
1980,37363,香川県,香川郡,香南町,512
1980,37364,香川県,香川郡,直島町,668
1980,37381,香川県,綾歌郡,綾上町,512
1980,37382,香川県,綾歌郡,綾南町,512
1980,37383,香川県,綾歌郡,国分寺町,512
1980,37384,香川県,綾歌郡,綾歌町,513
1980,37385,香川県,綾歌郡,飯山町,513
1980,37386,香川県,綾歌郡,宇多津町,513
1980,37401,香川県,仲多度郡,琴南町,513
1980,37402,香川県,仲多度郡,満濃町,513
1980,37403,香川県,仲多度郡,琴平町,513
1980,37404,香川県,仲多度郡,多度津町,513
1980,37405,香川県,仲多度郡,仲南町,513
1980,37421,香川県,三豊郡,高瀬町,514
1980,37422,香川県,三豊郡,山本町,514
1980,37423,香川県,三豊郡,三野町,514
1980,37424,香川県,三豊郡,大野原町,514
1980,37425,香川県,三豊郡,豊中町,514
1980,37426,香川県,三豊郡,詫間町,514
1980,37427,香川県,三豊郡,仁尾町,514
1980,37428,香川県,三豊郡,豊浜町,514
1980,37429,香川県,三豊郡,財田町,514
1980,38201,愛媛県,,松山市,516
1980,38202,愛媛県,,今治市,517
1980,38203,愛媛県,,宇和島市,518
1980,38204,愛媛県,,八幡浜市,519
1980,38205,愛媛県,,新居浜市,520
1980,38206,愛媛県,,西条市,521
1980,38207,愛媛県,,大洲市,522
1980,38208,愛媛県,,川之江市,520
1980,38209,愛媛県,,伊予三島市,520
1980,38210,愛媛県,,伊予市,516
1980,38211,愛媛県,,北条市,516
1980,38212,愛媛県,,東予市,521
1980,38301,愛媛県,宇摩郡,新宮村,520
1980,38302,愛媛県,宇摩郡,土居町,520
1980,38303,愛媛県,宇摩郡,別子山村,520
1980,38321,愛媛県,周桑郡,小松町,521
1980,38323,愛媛県,周桑郡,丹原町,521
1980,38341,愛媛県,越智郡,朝倉村,517
1980,38342,愛媛県,越智郡,玉川町,517
1980,38343,愛媛県,越智郡,波方町,517
1980,38344,愛媛県,越智郡,大西町,517
1980,38345,愛媛県,越智郡,菊間町,517
1980,38346,愛媛県,越智郡,吉海町,669
1980,38347,愛媛県,越智郡,宮窪町,669
1980,38348,愛媛県,越智郡,伯方町,670
1980,38349,愛媛県,越智郡,魚島村,671
1980,38350,愛媛県,越智郡,弓削町,672
1980,38351,愛媛県,越智郡,生名村,673
1980,38352,愛媛県,越智郡,岩城村,674
1980,38353,愛媛県,越智郡,上浦町,660
1980,38354,愛媛県,越智郡,大三島町,660
1980,38355,愛媛県,越智郡,関前村,675
1980,38361,愛媛県,温泉郡,重信町,516
1980,38362,愛媛県,温泉郡,川内町,516
1980,38363,愛媛県,温泉郡,中島町,676
1980,38381,愛媛県,上浮穴郡,久万町,523
1980,38382,愛媛県,上浮穴郡,面河村,523
1980,38383,愛媛県,上浮穴郡,美川村,523
1980,38384,愛媛県,上浮穴郡,柳谷村,523
1980,38385,愛媛県,上浮穴郡,小田町,524
1980,38401,愛媛県,伊予郡,松前町,516
1980,38402,愛媛県,伊予郡,砥部町,516
1980,38403,愛媛県,伊予郡,広田村,524
1980,38404,愛媛県,伊予郡,中山町,516
1980,38405,愛媛県,伊予郡,双海町,516
1980,38421,愛媛県,喜多郡,長浜町,522
1980,38422,愛媛県,喜多郡,内子町,522
1980,38423,愛媛県,喜多郡,五十崎町,522
1980,38424,愛媛県,喜多郡,肱川町,522
1980,38425,愛媛県,喜多郡,河辺村,522
1980,38441,愛媛県,西宇和郡,保内町,519
1980,38442,愛媛県,西宇和郡,伊方町,519
1980,38443,愛媛県,西宇和郡,瀬戸町,525
1980,38444,愛媛県,西宇和郡,三崎町,525
1980,38445,愛媛県,西宇和郡,三瓶町,519
1980,38461,愛媛県,東宇和郡,明浜町,526
1980,38462,愛媛県,東宇和郡,宇和町,526
1980,38463,愛媛県,東宇和郡,野村町,527
1980,38464,愛媛県,東宇和郡,城川町,527
1980,38481,愛媛県,北宇和郡,吉田町,518
1980,38482,愛媛県,北宇和郡,三間町,518
1980,38483,愛媛県,北宇和郡,広見町,518
1980,38484,愛媛県,北宇和郡,松野町,518
1980,38485,愛媛県,北宇和郡,日吉村,527
1980,38486,愛媛県,北宇和郡,津島町,528
1980,38501,愛媛県,南宇和郡,内海村,528
1980,38502,愛媛県,南宇和郡,御荘町,529
1980,38503,愛媛県,南宇和郡,城辺町,529
1980,38504,愛媛県,南宇和郡,一本松町,529
1980,38505,愛媛県,南宇和郡,西海町,529
1980,39201,高知県,,高知市,530
1980,39202,高知県,,室戸市,531
1980,39203,高知県,,安芸市,531
1980,39204,高知県,,南国市,530
1980,39205,高知県,,土佐市,530
1980,39206,高知県,,須崎市,532
1980,39207,高知県,,中村市,533
1980,39208,高知県,,宿毛市,534
1980,39209,高知県,,土佐清水市,535
1980,39301,高知県,安芸郡,東洋町,505
1980,39302,高知県,安芸郡,奈半利町,531
1980,39303,高知県,安芸郡,田野町,531
1980,39304,高知県,安芸郡,安田町,531
1980,39305,高知県,安芸郡,北川村,531
1980,39306,高知県,安芸郡,馬路村,531
1980,39307,高知県,安芸郡,芸西村,531
1980,39321,高知県,香美郡,赤岡町,530
1980,39322,高知県,香美郡,香我美町,530
1980,39323,高知県,香美郡,土佐山田町,536
1980,39324,高知県,香美郡,野市町,530
1980,39325,高知県,香美郡,夜須町,530
1980,39326,高知県,香美郡,香北町,536
1980,39327,高知県,香美郡,吉川村,530
1980,39328,高知県,香美郡,物部村,536
1980,39341,高知県,長岡郡,本山町,537
1980,39344,高知県,長岡郡,大豊町,537
1980,39361,高知県,土佐郡,鏡村,530
1980,39362,高知県,土佐郡,土佐山村,530
1980,39363,高知県,土佐郡,土佐町,537
1980,39364,高知県,土佐郡,大川村,537
1980,39365,高知県,土佐郡,本川村,537
1980,39381,高知県,吾川郡,伊野町,530
1980,39382,高知県,吾川郡,池川町,538
1980,39383,高知県,吾川郡,春野町,530
1980,39384,高知県,吾川郡,吾川村,539
1980,39385,高知県,吾川郡,吾北村,540
1980,39401,高知県,高岡郡,中土佐町,532
1980,39402,高知県,高岡郡,佐川町,539
1980,39403,高知県,高岡郡,越知町,539
1980,39404,高知県,高岡郡,窪川町,541
1980,39405,高知県,高岡郡,檮原町,542
1980,39406,高知県,高岡郡,大野見村,532
1980,39407,高知県,高岡郡,東津野村,542
1980,39408,高知県,高岡郡,葉山村,532
1980,39409,高知県,高岡郡,仁淀村,539
1980,39410,高知県,高岡郡,日高村,530
1980,39421,高知県,幡多郡,佐賀町,533
1980,39422,高知県,幡多郡,大正町,541
1980,39423,高知県,幡多郡,大方町,533
1980,39424,高知県,幡多郡,大月町,534
1980,39425,高知県,幡多郡,十和村,541
1980,39426,高知県,幡多郡,西土佐村,543
1980,39427,高知県,幡多郡,三原村,534
1980,40100,福岡県,,北九州市,544
1980,40130,福岡県,,福岡市,545
1980,40202,福岡県,,大牟田市,546
1980,40203,福岡県,,久留米市,547
1980,40204,福岡県,,直方市,548
1980,40205,福岡県,,飯塚市,549
1980,40206,福岡県,,田川市,550
1980,40207,福岡県,,柳川市,546
1980,40208,福岡県,,山田市,549
1980,40209,福岡県,,甘木市,551
1980,40210,福岡県,,八女市,552
1980,40211,福岡県,,筑後市,547
1980,40212,福岡県,,大川市,547
1980,40213,福岡県,,行橋市,544
1980,40214,福岡県,,豊前市,553
1980,40215,福岡県,,中間市,544
1980,40216,福岡県,,小郡市,551
1980,40217,福岡県,,筑紫野市,545
1980,40218,福岡県,,春日市,545
1980,40219,福岡県,,大野城市,545
1980,40302,福岡県,筑紫郡,太宰府町,545
1980,40305,福岡県,筑紫郡,那珂川町,545
1980,40341,福岡県,糟屋郡,宇美町,545
1980,40342,福岡県,糟屋郡,篠栗町,545
1980,40343,福岡県,糟屋郡,志免町,545
1980,40344,福岡県,糟屋郡,須恵町,545
1980,40345,福岡県,糟屋郡,新宮町,545
1980,40347,福岡県,糟屋郡,古賀町,545
1980,40348,福岡県,糟屋郡,久山町,545
1980,40349,福岡県,糟屋郡,粕屋町,545
1980,40361,福岡県,宗像郡,宗像町,545
1980,40362,福岡県,宗像郡,福間町,545
1980,40363,福岡県,宗像郡,津屋崎町,545
1980,40364,福岡県,宗像郡,玄海町,545
1980,40365,福岡県,宗像郡,大島村,677
1980,40381,福岡県,遠賀郡,芦屋町,544
1980,40382,福岡県,遠賀郡,水巻町,544
1980,40383,福岡県,遠賀郡,岡垣町,544
1980,40384,福岡県,遠賀郡,遠賀町,544
1980,40401,福岡県,鞍手郡,小竹町,548
1980,40402,福岡県,鞍手郡,鞍手町,544
1980,40403,福岡県,鞍手郡,宮田町,548
1980,40404,福岡県,鞍手郡,若宮町,548
1980,40421,福岡県,嘉穂郡,桂川町,549
1980,40422,福岡県,嘉穂郡,稲築町,549
1980,40423,福岡県,嘉穂郡,碓井町,549
1980,40424,福岡県,嘉穂郡,嘉穂町,549
1980,40425,福岡県,嘉穂郡,筑穂町,549
1980,40426,福岡県,嘉穂郡,穂波町,549
1980,40427,福岡県,嘉穂郡,庄内町,549
1980,40428,福岡県,嘉穂郡,頴田町,549
1980,40441,福岡県,朝倉郡,杷木町,554
1980,40442,福岡県,朝倉郡,朝倉町,551
1980,40443,福岡県,朝倉郡,三輪町,551
1980,40444,福岡県,朝倉郡,夜須町,545
1980,40445,福岡県,朝倉郡,小石原村,554
1980,40446,福岡県,朝倉郡,宝珠山村,554
1980,40461,福岡県,糸島郡,前原町,555
1980,40462,福岡県,糸島郡,二丈町,555
1980,40463,福岡県,糸島郡,志摩町,555
1980,40481,福岡県,浮羽郡,吉井町,556
1980,40482,福岡県,浮羽郡,田主丸町,556
1980,40483,福岡県,浮羽郡,浮羽町,556
1980,40501,福岡県,三井郡,北野町,547
1980,40503,福岡県,三井郡,大刀洗町,551
1980,40521,福岡県,三潴郡,城島町,547
1980,40522,福岡県,三潴郡,大木町,547
1980,40523,福岡県,三潴郡,三潴町,547
1980,40541,福岡県,八女郡,黒木町,552
1980,40542,福岡県,八女郡,上陽町,552
1980,40543,福岡県,八女郡,立花町,552
1980,40544,福岡県,八女郡,広川町,547
1980,40545,福岡県,八女郡,矢部村,552
1980,40546,福岡県,八女郡,星野村,552
1980,40561,福岡県,山門郡,瀬高町,546
1980,40562,福岡県,山門郡,大和町,546
1980,40563,福岡県,山門郡,三橋町,546
1980,40564,福岡県,山門郡,山川町,546
1980,40581,福岡県,三池郡,高田町,546
1980,40601,福岡県,田川郡,香春町,550
1980,40602,福岡県,田川郡,添田町,550
1980,40603,福岡県,田川郡,金田町,550
1980,40604,福岡県,田川郡,糸田町,550
1980,40605,福岡県,田川郡,川崎町,550
1980,40606,福岡県,田川郡,赤池町,548
1980,40607,福岡県,田川郡,方城町,550
1980,40608,福岡県,田川郡,大任町,550
1980,40609,福岡県,田川郡,赤村,550
1980,40621,福岡県,京都郡,苅田町,544
1980,40622,福岡県,京都郡,犀川町,544
1980,40623,福岡県,京都郡,勝山町,544
1980,40624,福岡県,京都郡,豊津町,544
1980,40641,福岡県,築上郡,椎田町,544
1980,40642,福岡県,築上郡,吉富町,553
1980,40643,福岡県,築上郡,築城町,544
1980,40644,福岡県,築上郡,新吉富村,553
1980,40645,福岡県,築上郡,大平村,553
1980,41201,佐賀県,,佐賀市,557
1980,41202,佐賀県,,唐津市,558
1980,41203,佐賀県,,鳥栖市,559
1980,41204,佐賀県,,多久市,557
1980,41205,佐賀県,,伊万里市,560
1980,41206,佐賀県,,武雄市,560
1980,41207,佐賀県,,鹿島市,561
1980,41301,佐賀県,佐賀郡,諸富町,547
1980,41302,佐賀県,佐賀郡,川副町,557
1980,41303,佐賀県,佐賀郡,東与賀町,557
1980,41304,佐賀県,佐賀郡,久保田町,557
1980,41305,佐賀県,佐賀郡,大和町,557
1980,41306,佐賀県,佐賀郡,富士町,562
1980,41321,佐賀県,神埼郡,神埼町,559
1980,41322,佐賀県,神埼郡,千代田町,557
1980,41323,佐賀県,神埼郡,三田川町,559
1980,41324,佐賀県,神埼郡,東脊振村,559
1980,41325,佐賀県,神埼郡,脊振村,559
1980,41326,佐賀県,神埼郡,三瀬村,562
1980,41341,佐賀県,三養基郡,基山町,559
1980,41342,佐賀県,三養基郡,中原町,559
1980,41343,佐賀県,三養基郡,北茂安町,547
1980,41344,佐賀県,三養基郡,三根町,547
1980,41345,佐賀県,三養基郡,上峰村,559
1980,41361,佐賀県,小城郡,小城町,557
1980,41362,佐賀県,小城郡,三日月町,557
1980,41363,佐賀県,小城郡,牛津町,557
1980,41364,佐賀県,小城郡,芦刈町,557
1980,41381,佐賀県,東松浦郡,浜玉町,558
1980,41382,佐賀県,東松浦郡,七山村,563
1980,41383,佐賀県,東松浦郡,厳木町,558
1980,41384,佐賀県,東松浦郡,相知町,558
1980,41385,佐賀県,東松浦郡,北波多村,558
1980,41386,佐賀県,東松浦郡,肥前町,558
1980,41387,佐賀県,東松浦郡,玄海町,558
1980,41388,佐賀県,東松浦郡,鎮西町,558
1980,41389,佐賀県,東松浦郡,呼子町,558
1980,41401,佐賀県,西松浦郡,有田町,560
1980,41402,佐賀県,西松浦郡,西有田町,560
1980,41421,佐賀県,杵島郡,山内町,560
1980,41422,佐賀県,杵島郡,北方町,560
1980,41423,佐賀県,杵島郡,大町町,560
1980,41424,佐賀県,杵島郡,江北町,560
1980,41425,佐賀県,杵島郡,白石町,564
1980,41426,佐賀県,杵島郡,福富町,564
1980,41427,佐賀県,杵島郡,有明町,564
1980,41441,佐賀県,藤津郡,太良町,561
1980,41442,佐賀県,藤津郡,塩田町,561
1980,41443,佐賀県,藤津郡,嬉野町,561
1980,42201,長崎県,,長崎市,565
1980,42202,長崎県,,佐世保市,566
1980,42203,長崎県,,島原市,567
1980,42204,長崎県,,諫早市,568
1980,42205,長崎県,,大村市,569
1980,42206,長崎県,,福江市,678
1980,42207,長崎県,,平戸市,680
1980,42208,長崎県,,松浦市,566
1980,42301,長崎県,西彼杵郡,香焼町,565
1980,42302,長崎県,西彼杵郡,伊王島町,681
1980,42303,長崎県,西彼杵郡,高島町,682
1980,42304,長崎県,西彼杵郡,野母崎町,565
1980,42305,長崎県,西彼杵郡,三和町,565
1980,42306,長崎県,西彼杵郡,多良見町,565
1980,42307,長崎県,西彼杵郡,長与町,565
1980,42308,長崎県,西彼杵郡,時津町,565
1980,42309,長崎県,西彼杵郡,琴海町,565
1980,42310,長崎県,西彼杵郡,西彼町,570
1980,42311,長崎県,西彼杵郡,西海町,570
1980,42312,長崎県,西彼杵郡,大島町,683
1980,42313,長崎県,西彼杵郡,崎戸町,684
1980,42314,長崎県,西彼杵郡,大瀬戸町,571
1980,42315,長崎県,西彼杵郡,外海町,571
1980,42321,長崎県,東彼杵郡,東彼杵町,569
1980,42322,長崎県,東彼杵郡,川棚町,569
1980,42323,長崎県,東彼杵郡,波佐見町,569
1980,42341,長崎県,北高来郡,森山町,568
1980,42342,長崎県,北高来郡,飯盛町,568
1980,42343,長崎県,北高来郡,高来町,568
1980,42344,長崎県,北高来郡,小長井町,568
1980,42361,長崎県,南高来郡,有明町,567
1980,42362,長崎県,南高来郡,国見町,567
1980,42363,長崎県,南高来郡,瑞穂町,567
1980,42364,長崎県,南高来郡,吾妻町,568
1980,42365,長崎県,南高来郡,愛野町,568
1980,42366,長崎県,南高来郡,千々石町,572
1980,42367,長崎県,南高来郡,小浜町,572
1980,42368,長崎県,南高来郡,南串山町,572
1980,42369,長崎県,南高来郡,加津佐町,573
1980,42370,長崎県,南高来郡,口之津町,573
1980,42371,長崎県,南高来郡,南有馬町,574
1980,42372,長崎県,南高来郡,北有馬町,574
1980,42373,長崎県,南高来郡,西有家町,574
1980,42374,長崎県,南高来郡,有家町,574
1980,42375,長崎県,南高来郡,布津町,567
1980,42376,長崎県,南高来郡,深江町,567
1980,42381,長崎県,北松浦郡,大島村,685
1980,42382,長崎県,北松浦郡,生月町,686
1980,42383,長崎県,北松浦郡,小値賀町,687
1980,42384,長崎県,北松浦郡,宇久町,688
1980,42385,長崎県,北松浦郡,田平町,566
1980,42386,長崎県,北松浦郡,福島町,689
1980,42387,長崎県,北松浦郡,鷹島町,690
1980,42388,長崎県,北松浦郡,江迎町,566
1980,42389,長崎県,北松浦郡,鹿町町,566
1980,42390,長崎県,北松浦郡,小佐々町,566
1980,42391,長崎県,北松浦郡,佐々町,566
1980,42392,長崎県,北松浦郡,吉井町,566
1980,42393,長崎県,北松浦郡,世知原町,566
1980,42401,長崎県,南松浦郡,富江町,678
1980,42402,長崎県,南松浦郡,玉之浦町,678
1980,42403,長崎県,南松浦郡,三井楽町,679
1980,42404,長崎県,南松浦郡,岐宿町,678
1980,42405,長崎県,南松浦郡,奈留町,691
1980,42406,長崎県,南松浦郡,若松町,692
1980,42407,長崎県,南松浦郡,上五島町,692
1980,42408,長崎県,南松浦郡,新魚目町,692
1980,42409,長崎県,南松浦郡,有川町,692
1980,42410,長崎県,南松浦郡,奈良尾町,692
1980,42421,長崎県,壱岐郡,郷ノ浦町,693
1980,42422,長崎県,壱岐郡,勝本町,693
1980,42423,長崎県,壱岐郡,芦辺町,693
1980,42424,長崎県,壱岐郡,石田町,693
1980,42441,長崎県,対馬支庁,厳原町,694
1980,42442,長崎県,対馬支庁,美津島町,694
1980,42443,長崎県,対馬支庁,豊玉町,695
1980,42444,長崎県,対馬支庁,峰町,695
1980,42445,長崎県,対馬支庁,上県町,696
1980,42446,長崎県,対馬支庁,上対馬町,696
1980,43201,熊本県,,熊本市,575
1980,43202,熊本県,,八代市,576
1980,43203,熊本県,,人吉市,577
1980,43204,熊本県,,荒尾市,546
1980,43205,熊本県,,水俣市,578
1980,43206,熊本県,,玉名市,579
1980,43207,熊本県,,本渡市,697
1980,43208,熊本県,,山鹿市,580
1980,43209,熊本県,,牛深市,698
1980,43210,熊本県,,菊池市,581
1980,43211,熊本県,,宇土市,575
1980,43301,熊本県,飽託郡,北部町,575
1980,43302,熊本県,飽託郡,河内町,582
1980,43303,熊本県,飽託郡,飽田町,575
1980,43304,熊本県,飽託郡,天明町,575
1980,43321,熊本県,宇土郡,三角町,583
1980,43322,熊本県,宇土郡,不知火町,575
1980,43341,熊本県,下益城郡,城南町,575
1980,43342,熊本県,下益城郡,富合町,575
1980,43343,熊本県,下益城郡,松橋町,575
1980,43344,熊本県,下益城郡,小川町,576
1980,43345,熊本県,下益城郡,豊野村,575
1980,43346,熊本県,下益城郡,中央町,584
1980,43347,熊本県,下益城郡,砥用町,584
1980,43361,熊本県,玉名郡,岱明町,579
1980,43362,熊本県,玉名郡,横島町,579
1980,43363,熊本県,玉名郡,天水町,579
1980,43364,熊本県,玉名郡,玉東町,579
1980,43365,熊本県,玉名郡,菊水町,579
1980,43366,熊本県,玉名郡,三加和町,585
1980,43367,熊本県,玉名郡,南関町,585
1980,43368,熊本県,玉名郡,長洲町,546
1980,43381,熊本県,鹿本郡,鹿北町,580
1980,43382,熊本県,鹿本郡,菊鹿町,580
1980,43383,熊本県,鹿本郡,鹿本町,580
1980,43384,熊本県,鹿本郡,鹿央町,580
1980,43385,熊本県,鹿本郡,植木町,580
1980,43401,熊本県,菊池郡,七城町,581
1980,43402,熊本県,菊池郡,旭志村,586
1980,43403,熊本県,菊池郡,大津町,586
1980,43404,熊本県,菊池郡,菊陽町,575
1980,43405,熊本県,菊池郡,合志町,575
1980,43406,熊本県,菊池郡,泗水町,581
1980,43407,熊本県,菊池郡,西合志町,575
1980,43421,熊本県,阿蘇郡,一の宮町,587
1980,43422,熊本県,阿蘇郡,阿蘇町,587
1980,43423,熊本県,阿蘇郡,南小国町,588
1980,43424,熊本県,阿蘇郡,小国町,588
1980,43425,熊本県,阿蘇郡,産山村,589
1980,43426,熊本県,阿蘇郡,波野村,587
1980,43427,熊本県,阿蘇郡,蘇陽町,590
1980,43428,熊本県,阿蘇郡,高森町,591
1980,43429,熊本県,阿蘇郡,白水村,591
1980,43430,熊本県,阿蘇郡,久木野村,591
1980,43431,熊本県,阿蘇郡,長陽村,587
1980,43432,熊本県,阿蘇郡,西原村,586
1980,43441,熊本県,上益城郡,御船町,575
1980,43442,熊本県,上益城郡,嘉島町,575
1980,43443,熊本県,上益城郡,益城町,575
1980,43444,熊本県,上益城郡,甲佐町,584
1980,43445,熊本県,上益城郡,矢部町,592
1980,43446,熊本県,上益城郡,清和村,592
1980,43461,熊本県,八代郡,坂本村,576
1980,43462,熊本県,八代郡,千丁町,576
1980,43463,熊本県,八代郡,鏡町,576
1980,43464,熊本県,八代郡,竜北町,576
1980,43465,熊本県,八代郡,宮原町,576
1980,43466,熊本県,八代郡,東陽村,576
1980,43467,熊本県,八代郡,泉村,593
1980,43481,熊本県,葦北郡,田浦町,578
1980,43482,熊本県,葦北郡,芦北町,578
1980,43484,熊本県,葦北郡,津奈木町,578
1980,43501,熊本県,球磨郡,錦町,577
1980,43502,熊本県,球磨郡,上村,577
1980,43503,熊本県,球磨郡,免田町,577
1980,43504,熊本県,球磨郡,岡原村,577
1980,43505,熊本県,球磨郡,多良木町,577
1980,43506,熊本県,球磨郡,湯前町,577
1980,43507,熊本県,球磨郡,水上村,577
1980,43508,熊本県,球磨郡,須恵村,577
1980,43509,熊本県,球磨郡,深田村,577
1980,43510,熊本県,球磨郡,相良村,577
1980,43511,熊本県,球磨郡,五木村,593
1980,43512,熊本県,球磨郡,山江村,577
1980,43513,熊本県,球磨郡,球磨村,577
1980,43521,熊本県,天草郡,大矢野町,583
1980,43522,熊本県,天草郡,松島町,699
1980,43523,熊本県,天草郡,有明町,697
1980,43524,熊本県,天草郡,姫戸町,699
1980,43525,熊本県,天草郡,龍ヶ岳町,699
1980,43526,熊本県,天草郡,御所浦町,702
1980,43527,熊本県,天草郡,倉岳町,700
1980,43528,熊本県,天草郡,栖本町,697
1980,43529,熊本県,天草郡,新和町,697
1980,43530,熊本県,天草郡,五和町,697
1980,43531,熊本県,天草郡,苓北町,701
1980,43532,熊本県,天草郡,天草町,701
1980,43533,熊本県,天草郡,河浦町,698
1980,44201,大分県,,大分市,594
1980,44202,大分県,,別府市,595
1980,44203,大分県,,中津市,553
1980,44204,大分県,,日田市,596
1980,44205,大分県,,佐伯市,597
1980,44206,大分県,,臼杵市,598
1980,44207,大分県,,津久見市,598
1980,44208,大分県,,竹田市,599
1980,44209,大分県,,豊後高田市,600
1980,44210,大分県,,杵築市,595
1980,44211,大分県,,宇佐市,600
1980,44301,大分県,西国東郡,大田村,600
1980,44302,大分県,西国東郡,真玉町,600
1980,44303,大分県,西国東郡,香々地町,601
1980,44321,大分県,東国東郡,国見町,601
1980,44322,大分県,東国東郡,姫島村,703
1980,44323,大分県,東国東郡,国東町,602
1980,44324,大分県,東国東郡,武蔵町,602
1980,44325,大分県,東国東郡,安岐町,602
1980,44341,大分県,速見郡,日出町,595
1980,44342,大分県,速見郡,山香町,595
1980,44361,大分県,大分郡,野津原町,594
1980,44362,大分県,大分郡,挾間町,594
1980,44363,大分県,大分郡,庄内町,594
1980,44364,大分県,大分郡,湯布院町,603
1980,44381,大分県,北海部郡,佐賀関町,594
1980,44401,大分県,南海部郡,上浦町,597
1980,44402,大分県,南海部郡,弥生町,597
1980,44403,大分県,南海部郡,本匠村,597
1980,44404,大分県,南海部郡,宇目町,604
1980,44405,大分県,南海部郡,直川村,597
1980,44406,大分県,南海部郡,鶴見町,597
1980,44407,大分県,南海部郡,米水津村,597
1980,44408,大分県,南海部郡,蒲江町,605
1980,44421,大分県,大野郡,野津町,598
1980,44422,大分県,大野郡,三重町,594
1980,44423,大分県,大野郡,清川村,594
1980,44424,大分県,大野郡,緒方町,594
1980,44425,大分県,大野郡,朝地町,599
1980,44426,大分県,大野郡,大野町,599
1980,44427,大分県,大野郡,千歳村,594
1980,44428,大分県,大野郡,犬飼町,594
1980,44441,大分県,直入郡,荻町,599
1980,44442,大分県,直入郡,久住町,606
1980,44443,大分県,直入郡,直入町,606
1980,44461,大分県,玖珠郡,九重町,603
1980,44462,大分県,玖珠郡,玖珠町,603
1980,44481,大分県,日田郡,前津江村,596
1980,44482,大分県,日田郡,中津江村,596
1980,44483,大分県,日田郡,上津江村,596
1980,44484,大分県,日田郡,大山町,596
1980,44485,大分県,日田郡,天瀬町,596
1980,44501,大分県,下毛郡,三光村,553
1980,44502,大分県,下毛郡,本耶馬溪町,553
1980,44503,大分県,下毛郡,耶馬溪町,553
1980,44504,大分県,下毛郡,山国町,553
1980,44521,大分県,宇佐郡,院内町,600
1980,44522,大分県,宇佐郡,安心院町,600
1980,45201,宮崎県,,宮崎市,607
1980,45202,宮崎県,,都城市,608
1980,45203,宮崎県,,延岡市,609
1980,45204,宮崎県,,日南市,610
1980,45205,宮崎県,,小林市,611
1980,45206,宮崎県,,日向市,609
1980,45207,宮崎県,,串間市,610
1980,45208,宮崎県,,西都市,612
1980,45209,宮崎県,,えびの市,613
1980,45301,宮崎県,宮崎郡,清武町,607
1980,45302,宮崎県,宮崎郡,田野町,607
1980,45303,宮崎県,宮崎郡,佐土原町,607
1980,45321,宮崎県,南那珂郡,北郷町,610
1980,45322,宮崎県,南那珂郡,南郷町,610
1980,45341,宮崎県,北諸県郡,三股町,608
1980,45342,宮崎県,北諸県郡,山之口町,608
1980,45343,宮崎県,北諸県郡,高城町,608
1980,45344,宮崎県,北諸県郡,山田町,608
1980,45345,宮崎県,北諸県郡,高崎町,608
1980,45361,宮崎県,西諸県郡,高原町,611
1980,45362,宮崎県,西諸県郡,野尻町,611
1980,45363,宮崎県,西諸県郡,須木村,611
1980,45381,宮崎県,東諸県郡,高岡町,607
1980,45382,宮崎県,東諸県郡,国富町,607
1980,45383,宮崎県,東諸県郡,綾町,607
1980,45401,宮崎県,児湯郡,高鍋町,612
1980,45402,宮崎県,児湯郡,新富町,612
1980,45403,宮崎県,児湯郡,西米良村,614
1980,45404,宮崎県,児湯郡,木城町,612
1980,45405,宮崎県,児湯郡,川南町,612
1980,45406,宮崎県,児湯郡,都農町,612
1980,45421,宮崎県,東臼杵郡,門川町,609
1980,45422,宮崎県,東臼杵郡,東郷町,609
1980,45423,宮崎県,東臼杵郡,南郷村,615
1980,45424,宮崎県,東臼杵郡,西郷村,616
1980,45425,宮崎県,東臼杵郡,北郷村,617
1980,45426,宮崎県,東臼杵郡,北方町,609
1980,45427,宮崎県,東臼杵郡,北川町,609
1980,45428,宮崎県,東臼杵郡,北浦町,618
1980,45429,宮崎県,東臼杵郡,諸塚村,616
1980,45430,宮崎県,東臼杵郡,椎葉村,614
1980,45441,宮崎県,西臼杵郡,高千穂町,619
1980,45442,宮崎県,西臼杵郡,日之影町,619
1980,45443,宮崎県,西臼杵郡,五ヶ瀬町,619
1980,46201,鹿児島県,,鹿児島市,620
1980,46202,鹿児島県,,川内市,621
1980,46203,鹿児島県,,鹿屋市,622
1980,46204,鹿児島県,,枕崎市,623
1980,46205,鹿児島県,,串木野市,624
1980,46206,鹿児島県,,阿久根市,625
1980,46207,鹿児島県,,名瀬市,704
1980,46208,鹿児島県,,出水市,625
1980,46209,鹿児島県,,大口市,626
1980,46210,鹿児島県,,指宿市,627
1980,46211,鹿児島県,,加世田市,628
1980,46212,鹿児島県,,国分市,629
1980,46213,鹿児島県,,西之表市,708
1980,46214,鹿児島県,,垂水市,630
1980,46301,鹿児島県,鹿児島郡,吉田町,620
1980,46302,鹿児島県,鹿児島郡,桜島町,620
1980,46303,鹿児島県,鹿児島郡,三島村,710
1980,46304,鹿児島県,鹿児島郡,十島村,711
1980,46321,鹿児島県,揖宿郡,喜入町,620
1980,46322,鹿児島県,揖宿郡,山川町,627
1980,46323,鹿児島県,揖宿郡,頴娃町,631
1980,46324,鹿児島県,揖宿郡,開聞町,627
1980,46341,鹿児島県,川辺郡,笠沙町,628
1980,46342,鹿児島県,川辺郡,大浦町,628
1980,46343,鹿児島県,川辺郡,坊津町,623
1980,46344,鹿児島県,川辺郡,知覧町,631
1980,46345,鹿児島県,川辺郡,川辺町,628
1980,46361,鹿児島県,日置郡,市来町,624
1980,46362,鹿児島県,日置郡,東市来町,624
1980,46363,鹿児島県,日置郡,伊集院町,620
1980,46364,鹿児島県,日置郡,松元町,620
1980,46365,鹿児島県,日置郡,郡山町,620
1980,46366,鹿児島県,日置郡,日吉町,620
1980,46367,鹿児島県,日置郡,吹上町,620
1980,46368,鹿児島県,日置郡,金峰町,628
1980,46381,鹿児島県,薩摩郡,樋脇町,621
1980,46382,鹿児島県,薩摩郡,入来町,621
1980,46383,鹿児島県,薩摩郡,東郷町,621
1980,46384,鹿児島県,薩摩郡,宮之城町,632
1980,46385,鹿児島県,薩摩郡,鶴田町,632
1980,46386,鹿児島県,薩摩郡,薩摩町,632
1980,46387,鹿児島県,薩摩郡,祁答院町,632
1980,46388,鹿児島県,薩摩郡,里村,712
1980,46389,鹿児島県,薩摩郡,上甑村,712
1980,46390,鹿児島県,薩摩郡,下甑村,713
1980,46391,鹿児島県,薩摩郡,鹿島村,714
1980,46401,鹿児島県,出水郡,野田町,625
1980,46402,鹿児島県,出水郡,高尾野町,625
1980,46403,鹿児島県,出水郡,東町,633
1980,46404,鹿児島県,出水郡,長島町,633
1980,46421,鹿児島県,伊佐郡,菱刈町,626
1980,46441,鹿児島県,姶良郡,加治木町,620
1980,46442,鹿児島県,姶良郡,姶良町,620
1980,46443,鹿児島県,姶良郡,蒲生町,620
1980,46444,鹿児島県,姶良郡,溝辺町,620
1980,46445,鹿児島県,姶良郡,横川町,613
1980,46446,鹿児島県,姶良郡,栗野町,613
1980,46447,鹿児島県,姶良郡,吉松町,613
1980,46448,鹿児島県,姶良郡,牧園町,629
1980,46449,鹿児島県,姶良郡,霧島町,629
1980,46450,鹿児島県,姶良郡,隼人町,629
1980,46451,鹿児島県,姶良郡,福山町,629
1980,46461,鹿児島県,曽於郡,大隅町,634
1980,46462,鹿児島県,曽於郡,輝北町,635
1980,46463,鹿児島県,曽於郡,財部町,608
1980,46464,鹿児島県,曽於郡,末吉町,634
1980,46465,鹿児島県,曽於郡,松山町,634
1980,46466,鹿児島県,曽於郡,志布志町,636
1980,46467,鹿児島県,曽於郡,有明町,636
1980,46468,鹿児島県,曽於郡,大崎町,636
1980,46481,鹿児島県,肝属郡,串良町,622
1980,46482,鹿児島県,肝属郡,東串良町,622
1980,46483,鹿児島県,肝属郡,内之浦町,637
1980,46484,鹿児島県,肝属郡,高山町,622
1980,46485,鹿児島県,肝属郡,吾平町,622
1980,46486,鹿児島県,肝属郡,大根占町,638
1980,46487,鹿児島県,肝属郡,根占町,638
1980,46488,鹿児島県,肝属郡,田代町,638
1980,46489,鹿児島県,肝属郡,佐多町,639
1980,46501,鹿児島県,熊毛郡,中種子町,709
1980,46502,鹿児島県,熊毛郡,南種子町,709
1980,46503,鹿児島県,熊毛郡,上屋久町,715
1980,46504,鹿児島県,熊毛郡,屋久町,715
1980,46523,鹿児島県,大島郡,大和村,704
1980,46524,鹿児島県,大島郡,宇検村,705
1980,46525,鹿児島県,大島郡,瀬戸内町,706
1980,46526,鹿児島県,大島郡,住用村,704
1980,46527,鹿児島県,大島郡,龍郷町,704
1980,46528,鹿児島県,大島郡,笠利町,707
1980,46529,鹿児島県,大島郡,喜界町,716
1980,46530,鹿児島県,大島郡,徳之島町,717
1980,46531,鹿児島県,大島郡,天城町,717
1980,46532,鹿児島県,大島郡,伊仙町,717
1980,46533,鹿児島県,大島郡,和泊町,718
1980,46534,鹿児島県,大島郡,知名町,718
1980,46535,鹿児島県,大島郡,与論町,719
1980,47201,沖縄県,,那覇市,720
1980,47202,沖縄県,,石川市,721
1980,47203,沖縄県,,具志川市,721
1980,47205,沖縄県,,宜野湾市,721
1980,47206,沖縄県,,平良市,724
1980,47207,沖縄県,,石垣市,725
1980,47208,沖縄県,,浦添市,720
1980,47209,沖縄県,,名護市,722
1980,47210,沖縄県,,糸満市,720
1980,47211,沖縄県,,沖縄市,721
1980,47301,沖縄県,国頭郡,国頭村,722
1980,47302,沖縄県,国頭郡,大宜味村,722
1980,47303,沖縄県,国頭郡,東村,722
1980,47306,沖縄県,国頭郡,今帰仁村,722
1980,47308,沖縄県,国頭郡,本部町,722
1980,47311,沖縄県,国頭郡,恩納村,721
1980,47313,沖縄県,国頭郡,宜野座村,723
1980,47314,沖縄県,国頭郡,金武町,723
1980,47315,沖縄県,国頭郡,伊江村,726
1980,47322,沖縄県,中頭郡,与那城村,721
1980,47323,沖縄県,中頭郡,勝連町,721
1980,47324,沖縄県,中頭郡,読谷村,721
1980,47325,沖縄県,中頭郡,嘉手納町,721
1980,47326,沖縄県,中頭郡,北谷町,721
1980,47327,沖縄県,中頭郡,北中城村,721
1980,47328,沖縄県,中頭郡,中城村,721
1980,47329,沖縄県,中頭郡,西原町,720
1980,47341,沖縄県,島尻郡,豊見城村,720
1980,47343,沖縄県,島尻郡,東風平町,720
1980,47344,沖縄県,島尻郡,具志頭村,720
1980,47345,沖縄県,島尻郡,玉城村,720
1980,47346,沖縄県,島尻郡,知念村,720
1980,47347,沖縄県,島尻郡,佐敷町,720
1980,47348,沖縄県,島尻郡,与那原町,720
1980,47349,沖縄県,島尻郡,大里村,720
1980,47350,沖縄県,島尻郡,南風原町,720
1980,47351,沖縄県,島尻郡,仲里村,727
1980,47352,沖縄県,島尻郡,具志川村,727
1980,47353,沖縄県,島尻郡,渡嘉敷村,728
1980,47354,沖縄県,島尻郡,座間味村,729
1980,47355,沖縄県,島尻郡,粟国村,730
1980,47356,沖縄県,島尻郡,渡名喜村,731
1980,47357,沖縄県,島尻郡,南大東村,732
1980,47358,沖縄県,島尻郡,北大東村,733
1980,47359,沖縄県,島尻郡,伊平屋村,734
1980,47360,沖縄県,島尻郡,伊是名村,735
1980,47371,沖縄県,宮古郡,城辺町,724
1980,47372,沖縄県,宮古郡,下地町,724
1980,47373,沖縄県,宮古郡,上野村,724
1980,47374,沖縄県,宮古郡,伊良部村,736
1980,47375,沖縄県,宮古郡,多良間村,737
1980,47381,沖縄県,八重山郡,竹富町,738
1980,47382,沖縄県,八重山郡,与那国町,739
1985,01100,北海道,,札幌市,1
1985,01202,北海道,,函館市,2
1985,01203,北海道,,小樽市,3
1985,01204,北海道,,旭川市,4
1985,01205,北海道,,室蘭市,5
1985,01206,北海道,,釧路市,6
1985,01207,北海道,,帯広市,7
1985,01208,北海道,,北見市,8
1985,01209,北海道,,夕張市,9
1985,01210,北海道,,岩見沢市,10
1985,01211,北海道,,網走市,11
1985,01212,北海道,,留萌市,12
1985,01213,北海道,,苫小牧市,13
1985,01214,北海道,,稚内市,14
1985,01215,北海道,,美唄市,10
1985,01216,北海道,,芦別市,15
1985,01217,北海道,,江別市,1
1985,01218,北海道,,赤平市,15
1985,01219,北海道,,紋別市,16
1985,01220,北海道,,士別市,17
1985,01221,北海道,,名寄市,18
1985,01222,北海道,,三笠市,10
1985,01223,北海道,,根室市,19
1985,01224,北海道,,千歳市,20
1985,01225,北海道,,滝川市,21
1985,01226,北海道,,砂川市,21
1985,01227,北海道,,歌志内市,15
1985,01228,北海道,,深川市,22
1985,01229,北海道,,富良野市,23
1985,01230,北海道,,登別市,5
1985,01231,北海道,,恵庭市,20
1985,01233,北海道,,伊達市,24
1985,01301,北海道,石狩支庁,広島町,1
1985,01302,北海道,石狩支庁,石狩町,1
1985,01303,北海道,石狩支庁,当別町,1
1985,01304,北海道,石狩支庁,新篠津村,25
1985,01305,北海道,石狩支庁,厚田村,1
1985,01306,北海道,石狩支庁,浜益村,26
1985,01331,北海道,渡島支庁,松前町,27
1985,01332,北海道,渡島支庁,福島町,27
1985,01333,北海道,渡島支庁,知内町,2
1985,01334,北海道,渡島支庁,木古内町,2
1985,01335,北海道,渡島支庁,上磯町,2
1985,01336,北海道,渡島支庁,大野町,2
1985,01337,北海道,渡島支庁,七飯町,2
1985,01339,北海道,渡島支庁,戸井町,2
1985,01340,北海道,渡島支庁,恵山町,28
1985,01341,北海道,渡島支庁,椴法華村,28
1985,01342,北海道,渡島支庁,南茅部町,29
1985,01343,北海道,渡島支庁,鹿部町,30
1985,01344,北海道,渡島支庁,砂原町,30
1985,01345,北海道,渡島支庁,森町,30
1985,01346,北海道,渡島支庁,八雲町,31
1985,01347,北海道,渡島支庁,長万部町,32
1985,01361,北海道,檜山支庁,江差町,33
1985,01362,北海道,檜山支庁,上ノ国町,33
1985,01363,北海道,檜山支庁,厚沢部町,33
1985,01364,北海道,檜山支庁,乙部町,33
1985,01365,北海道,檜山支庁,熊石町,34
1985,01366,北海道,檜山支庁,大成町,34
1985,01367,北海道,檜山支庁,奥尻町,79
1985,01368,北海道,檜山支庁,瀬棚町,35
1985,01369,北海道,檜山支庁,北檜山町,35
1985,01370,北海道,檜山支庁,今金町,35
1985,01391,北海道,後志支庁,島牧村,36
1985,01392,北海道,後志支庁,寿都町,36
1985,01393,北海道,後志支庁,黒松内町,32
1985,01394,北海道,後志支庁,蘭越町,37
1985,01395,北海道,後志支庁,ニセコ町,37
1985,01396,北海道,後志支庁,真狩村,38
1985,01397,北海道,後志支庁,留寿都村,39
1985,01398,北海道,後志支庁,喜茂別町,39
1985,01399,北海道,後志支庁,京極町,37
1985,01400,北海道,後志支庁,倶知安町,37
1985,01401,北海道,後志支庁,共和町,40
1985,01402,北海道,後志支庁,岩内町,40
1985,01403,北海道,後志支庁,泊村,40
1985,01404,北海道,後志支庁,神恵内村,40
1985,01405,北海道,後志支庁,積丹町,3
1985,01406,北海道,後志支庁,古平町,3
1985,01407,北海道,後志支庁,仁木町,3
1985,01408,北海道,後志支庁,余市町,3
1985,01409,北海道,後志支庁,赤井川村,3
1985,01421,北海道,空知支庁,北村,10
1985,01422,北海道,空知支庁,栗沢町,10
1985,01423,北海道,空知支庁,南幌町,1
1985,01424,北海道,空知支庁,奈井江町,21
1985,01425,北海道,空知支庁,上砂川町,21
1985,01427,北海道,空知支庁,由仁町,41
1985,01428,北海道,空知支庁,長沼町,41
1985,01429,北海道,空知支庁,栗山町,41
1985,01430,北海道,空知支庁,月形町,42
1985,01431,北海道,空知支庁,浦臼町,42
1985,01432,北海道,空知支庁,新十津川町,21
1985,01433,北海道,空知支庁,妹背牛町,22
1985,01434,北海道,空知支庁,秩父別町,22
1985,01436,北海道,空知支庁,雨竜町,21
1985,01437,北海道,空知支庁,北竜町,22
1985,01438,北海道,空知支庁,沼田町,22
1985,01439,北海道,空知支庁,幌加内町,43
1985,01452,北海道,上川支庁,鷹栖町,4
1985,01453,北海道,上川支庁,東神楽町,4
1985,01454,北海道,上川支庁,当麻町,4
1985,01455,北海道,上川支庁,比布町,4
1985,01456,北海道,上川支庁,愛別町,44
1985,01457,北海道,上川支庁,上川町,44
1985,01458,北海道,上川支庁,東川町,4
1985,01459,北海道,上川支庁,美瑛町,4
1985,01460,北海道,上川支庁,上富良野町,23
1985,01461,北海道,上川支庁,中富良野町,23
1985,01462,北海道,上川支庁,南富良野町,45
1985,01463,北海道,上川支庁,占冠村,45
1985,01464,北海道,上川支庁,和寒町,46
1985,01465,北海道,上川支庁,剣淵町,17
1985,01466,北海道,上川支庁,朝日町,17
1985,01467,北海道,上川支庁,風連町,18
1985,01468,北海道,上川支庁,下川町,18
1985,01469,北海道,上川支庁,美深町,47
1985,01470,北海道,上川支庁,音威子府村,47
1985,01471,北海道,上川支庁,中川町,48
1985,01481,北海道,留萌支庁,増毛町,12
1985,01482,北海道,留萌支庁,小平町,12
1985,01483,北海道,留萌支庁,苫前町,49
1985,01484,北海道,留萌支庁,羽幌町,49
1985,01485,北海道,留萌支庁,初山別村,49
1985,01486,北海道,留萌支庁,遠別町,50
1985,01487,北海道,留萌支庁,天塩町,51
1985,01488,北海道,留萌支庁,幌延町,51
1985,01511,北海道,宗谷支庁,猿払村,52
1985,01512,北海道,宗谷支庁,浜頓別町,52
1985,01513,北海道,宗谷支庁,中頓別町,52
1985,01514,北海道,宗谷支庁,枝幸町,53
1985,01515,北海道,宗谷支庁,歌登町,53
1985,01516,北海道,宗谷支庁,豊富町,14
1985,01517,北海道,宗谷支庁,礼文町,80
1985,01518,北海道,宗谷支庁,利尻町,81
1985,01519,北海道,宗谷支庁,東利尻町,81
1985,01541,北海道,網走支庁,東藻琴村,11
1985,01542,北海道,網走支庁,女満別町,11
1985,01543,北海道,網走支庁,美幌町,11
1985,01544,北海道,網走支庁,津別町,11
1985,01545,北海道,網走支庁,斜里町,54
1985,01546,北海道,網走支庁,清里町,54
1985,01547,北海道,網走支庁,小清水町,54
1985,01548,北海道,網走支庁,端野町,8
1985,01549,北海道,網走支庁,訓子府町,8
1985,01550,北海道,網走支庁,置戸町,8
1985,01551,北海道,網走支庁,留辺蘂町,8
1985,01552,北海道,網走支庁,佐呂間町,55
1985,01553,北海道,網走支庁,常呂町,56
1985,01554,北海道,網走支庁,生田原町,57
1985,01555,北海道,網走支庁,遠軽町,57
1985,01556,北海道,網走支庁,丸瀬布町,57
1985,01557,北海道,網走支庁,白滝村,58
1985,01558,北海道,網走支庁,上湧別町,57
1985,01559,北海道,網走支庁,湧別町,57
1985,01560,北海道,網走支庁,滝上町,59
1985,01561,北海道,網走支庁,興部町,16
1985,01562,北海道,網走支庁,西興部村,60
1985,01563,北海道,網走支庁,雄武町,16
1985,01571,北海道,胆振支庁,豊浦町,24
1985,01572,北海道,胆振支庁,虻田町,24
1985,01573,北海道,胆振支庁,洞爺村,24
1985,01574,北海道,胆振支庁,大滝村,24
1985,01575,北海道,胆振支庁,壮瞥町,24
1985,01578,北海道,胆振支庁,白老町,5
1985,01579,北海道,胆振支庁,早来町,13
1985,01580,北海道,胆振支庁,追分町,20
1985,01581,北海道,胆振支庁,厚真町,13
1985,01582,北海道,胆振支庁,鵡川町,13
1985,01583,北海道,胆振支庁,穂別町,61
1985,01601,北海道,日高支庁,日高町,62
1985,01602,北海道,日高支庁,平取町,63
1985,01603,北海道,日高支庁,門別町,63
1985,01604,北海道,日高支庁,新冠町,64
1985,01605,北海道,日高支庁,静内町,64
1985,01606,北海道,日高支庁,三石町,64
1985,01607,北海道,日高支庁,浦河町,65
1985,01608,北海道,日高支庁,様似町,65
1985,01609,北海道,日高支庁,えりも町,66
1985,01631,北海道,十勝支庁,音更町,7
1985,01632,北海道,十勝支庁,士幌町,67
1985,01633,北海道,十勝支庁,上士幌町,67
1985,01634,北海道,十勝支庁,鹿追町,68
1985,01635,北海道,十勝支庁,新得町,69
1985,01636,北海道,十勝支庁,清水町,69
1985,01637,北海道,十勝支庁,芽室町,7
1985,01638,北海道,十勝支庁,中札内村,7
1985,01639,北海道,十勝支庁,更別村,70
1985,01640,北海道,十勝支庁,忠類村,71
1985,01641,北海道,十勝支庁,大樹町,71
1985,01642,北海道,十勝支庁,広尾町,71
1985,01643,北海道,十勝支庁,幕別町,7
1985,01644,北海道,十勝支庁,池田町,7
1985,01645,北海道,十勝支庁,豊頃町,72
1985,01646,北海道,十勝支庁,本別町,73
1985,01647,北海道,十勝支庁,足寄町,73
1985,01648,北海道,十勝支庁,陸別町,73
1985,01649,北海道,十勝支庁,浦幌町,72
1985,01661,北海道,釧路支庁,釧路町,6
1985,01662,北海道,釧路支庁,厚岸町,74
1985,01663,北海道,釧路支庁,浜中町,75
1985,01664,北海道,釧路支庁,標茶町,76
1985,01665,北海道,釧路支庁,弟子屈町,76
1985,01666,北海道,釧路支庁,阿寒町,6
1985,01667,北海道,釧路支庁,鶴居村,6
1985,01668,北海道,釧路支庁,白糠町,6
1985,01669,北海道,釧路支庁,音別町,6
1985,01691,北海道,根室支庁,別海町,77
1985,01692,北海道,根室支庁,中標津町,77
1985,01693,北海道,根室支庁,標津町,77
1985,01694,北海道,根室支庁,羅臼町,78
1985,01695,北海道,根室支庁,色丹村,NA
1985,01696,北海道,根室支庁,泊村,NA
1985,01698,北海道,根室支庁,留別村,NA
1985,02201,青森県,,青森市,82
1985,02202,青森県,,弘前市,83
1985,02203,青森県,,八戸市,84
1985,02204,青森県,,黒石市,83
1985,02205,青森県,,五所川原市,85
1985,02206,青森県,,十和田市,86
1985,02207,青森県,,三沢市,86
1985,02208,青森県,,むつ市,87
1985,02301,青森県,東津軽郡,平内町,82
1985,02302,青森県,東津軽郡,蟹田町,82
1985,02303,青森県,東津軽郡,今別町,88
1985,02304,青森県,東津軽郡,蓬田村,82
1985,02305,青森県,東津軽郡,平舘村,82
1985,02306,青森県,東津軽郡,三厩村,88
1985,02321,青森県,西津軽郡,鰺ヶ沢町,89
1985,02322,青森県,西津軽郡,木造町,85
1985,02323,青森県,西津軽郡,深浦町,89
1985,02324,青森県,西津軽郡,森田村,85
1985,02325,青森県,西津軽郡,岩崎村,89
1985,02326,青森県,西津軽郡,柏村,85
1985,02327,青森県,西津軽郡,稲垣村,85
1985,02328,青森県,西津軽郡,車力村,90
1985,02341,青森県,中津軽郡,岩木町,83
1985,02342,青森県,中津軽郡,相馬村,83
1985,02343,青森県,中津軽郡,西目屋村,83
1985,02361,青森県,南津軽郡,藤崎町,83
1985,02362,青森県,南津軽郡,大鰐町,83
1985,02363,青森県,南津軽郡,尾上町,83
1985,02364,青森県,南津軽郡,浪岡町,83
1985,02365,青森県,南津軽郡,平賀町,83
1985,02366,青森県,南津軽郡,常盤村,83
1985,02367,青森県,南津軽郡,田舎館村,83
1985,02368,青森県,南津軽郡,碇ヶ関村,83
1985,02381,青森県,北津軽郡,板柳町,91
1985,02382,青森県,北津軽郡,金木町,92
1985,02383,青森県,北津軽郡,中里町,92
1985,02384,青森県,北津軽郡,鶴田町,85
1985,02385,青森県,北津軽郡,市浦村,92
1985,02386,青森県,北津軽郡,小泊村,92
1985,02401,青森県,上北郡,野辺地町,93
1985,02402,青森県,上北郡,七戸町,86
1985,02403,青森県,上北郡,百石町,84
1985,02404,青森県,上北郡,十和田湖町,86
1985,02405,青森県,上北郡,六戸町,86
1985,02406,青森県,上北郡,横浜町,94
1985,02407,青森県,上北郡,上北町,86
1985,02408,青森県,上北郡,東北町,93
1985,02409,青森県,上北郡,天間林村,86
1985,02410,青森県,上北郡,下田町,86
1985,02411,青森県,上北郡,六ヶ所村,93
1985,02421,青森県,下北郡,川内町,87
1985,02422,青森県,下北郡,大畑町,87
1985,02423,青森県,下北郡,大間町,95
1985,02424,青森県,下北郡,東通村,87
1985,02425,青森県,下北郡,風間浦村,95
1985,02426,青森県,下北郡,佐井村,95
1985,02427,青森県,下北郡,脇野沢村,87
1985,02441,青森県,三戸郡,三戸町,96
1985,02442,青森県,三戸郡,五戸町,97
1985,02443,青森県,三戸郡,田子町,96
1985,02444,青森県,三戸郡,名川町,84
1985,02445,青森県,三戸郡,南部町,96
1985,02446,青森県,三戸郡,階上町,84
1985,02447,青森県,三戸郡,福地村,84
1985,02448,青森県,三戸郡,南郷村,84
1985,02449,青森県,三戸郡,倉石村,97
1985,02450,青森県,三戸郡,新郷村,97
1985,03201,岩手県,,盛岡市,98
1985,03202,岩手県,,宮古市,99
1985,03203,岩手県,,大船渡市,100
1985,03204,岩手県,,水沢市,101
1985,03205,岩手県,,花巻市,102
1985,03206,岩手県,,北上市,103
1985,03207,岩手県,,久慈市,104
1985,03208,岩手県,,遠野市,105
1985,03209,岩手県,,一関市,106
1985,03210,岩手県,,陸前高田市,100
1985,03211,岩手県,,釜石市,107
1985,03212,岩手県,,江刺市,101
1985,03213,岩手県,,二戸市,108
1985,03301,岩手県,岩手郡,雫石町,98
1985,03302,岩手県,岩手郡,葛巻町,109
1985,03303,岩手県,岩手郡,岩手町,98
1985,03304,岩手県,岩手郡,西根町,98
1985,03305,岩手県,岩手郡,滝沢村,98
1985,03306,岩手県,岩手郡,松尾村,98
1985,03307,岩手県,岩手郡,玉山村,98
1985,03321,岩手県,紫波郡,紫波町,98
1985,03322,岩手県,紫波郡,矢巾町,98
1985,03323,岩手県,紫波郡,都南村,98
1985,03341,岩手県,稗貫郡,大迫町,102
1985,03342,岩手県,稗貫郡,石鳥谷町,102
1985,03361,岩手県,和賀郡,東和町,102
1985,03362,岩手県,和賀郡,和賀町,103
1985,03363,岩手県,和賀郡,湯田町,103
1985,03364,岩手県,和賀郡,江釣子村,103
1985,03365,岩手県,和賀郡,沢内村,103
1985,03381,岩手県,胆沢郡,金ヶ崎町,101
1985,03382,岩手県,胆沢郡,前沢町,101
1985,03383,岩手県,胆沢郡,胆沢町,101
1985,03384,岩手県,胆沢郡,衣川村,106
1985,03401,岩手県,西磐井郡,花泉町,106
1985,03402,岩手県,西磐井郡,平泉町,106
1985,03421,岩手県,東磐井郡,大東町,106
1985,03422,岩手県,東磐井郡,藤沢町,110
1985,03423,岩手県,東磐井郡,千厩町,110
1985,03424,岩手県,東磐井郡,東山町,106
1985,03425,岩手県,東磐井郡,室根村,110
1985,03426,岩手県,東磐井郡,川崎村,106
1985,03441,岩手県,気仙郡,住田町,100
1985,03442,岩手県,気仙郡,三陸町,100
1985,03461,岩手県,上閉伊郡,大槌町,107
1985,03462,岩手県,上閉伊郡,宮守村,105
1985,03481,岩手県,下閉伊郡,田老町,99
1985,03482,岩手県,下閉伊郡,山田町,99
1985,03483,岩手県,下閉伊郡,岩泉町,111
1985,03484,岩手県,下閉伊郡,田野畑村,111
1985,03485,岩手県,下閉伊郡,普代村,104
1985,03486,岩手県,下閉伊郡,新里村,99
1985,03487,岩手県,下閉伊郡,川井村,99
1985,03501,岩手県,九戸郡,軽米町,108
1985,03502,岩手県,九戸郡,種市町,84
1985,03503,岩手県,九戸郡,野田村,104
1985,03504,岩手県,九戸郡,山形村,104
1985,03505,岩手県,九戸郡,大野村,104
1985,03506,岩手県,九戸郡,九戸村,108
1985,03521,岩手県,二戸郡,浄法寺町,108
1985,03523,岩手県,二戸郡,安代町,112
1985,03524,岩手県,二戸郡,一戸町,108
1985,04201,宮城県,,仙台市,113
1985,04202,宮城県,,石巻市,114
1985,04203,宮城県,,塩竈市,113
1985,04204,宮城県,,古川市,115
1985,04205,宮城県,,気仙沼市,110
1985,04206,宮城県,,白石市,116
1985,04207,宮城県,,名取市,113
1985,04208,宮城県,,角田市,116
1985,04209,宮城県,,多賀城市,113
1985,04210,宮城県,,泉市,113
1985,04211,宮城県,,岩沼市,113
1985,04301,宮城県,刈田郡,蔵王町,116
1985,04302,宮城県,刈田郡,七ヶ宿町,116
1985,04321,宮城県,柴田郡,大河原町,116
1985,04322,宮城県,柴田郡,村田町,116
1985,04323,宮城県,柴田郡,柴田町,116
1985,04324,宮城県,柴田郡,川崎町,117
1985,04341,宮城県,伊具郡,丸森町,116
1985,04361,宮城県,亘理郡,亘理町,113
1985,04362,宮城県,亘理郡,山元町,113
1985,04382,宮城県,名取郡,秋保町,113
1985,04401,宮城県,宮城郡,松島町,113
1985,04404,宮城県,宮城郡,七ヶ浜町,113
1985,04405,宮城県,宮城郡,宮城町,113
1985,04406,宮城県,宮城郡,利府町,113
1985,04421,宮城県,黒川郡,大和町,113
1985,04422,宮城県,黒川郡,大郷町,113
1985,04423,宮城県,黒川郡,富谷町,113
1985,04424,宮城県,黒川郡,大衡村,113
1985,04441,宮城県,加美郡,中新田町,118
1985,04442,宮城県,加美郡,小野田町,118
1985,04443,宮城県,加美郡,宮崎町,118
1985,04444,宮城県,加美郡,色麻町,118
1985,04461,宮城県,志田郡,松山町,115
1985,04462,宮城県,志田郡,三本木町,115
1985,04463,宮城県,志田郡,鹿島台町,119
1985,04481,宮城県,玉造郡,岩出山町,115
1985,04482,宮城県,玉造郡,鳴子町,115
1985,04501,宮城県,遠田郡,涌谷町,119
1985,04502,宮城県,遠田郡,田尻町,115
1985,04503,宮城県,遠田郡,小牛田町,115
1985,04504,宮城県,遠田郡,南郷町,119
1985,04521,宮城県,栗原郡,築館町,120
1985,04522,宮城県,栗原郡,若柳町,121
1985,04523,宮城県,栗原郡,栗駒町,120
1985,04524,宮城県,栗原郡,高清水町,120
1985,04525,宮城県,栗原郡,一迫町,120
1985,04526,宮城県,栗原郡,瀬峰町,115
1985,04527,宮城県,栗原郡,鶯沢町,120
1985,04528,宮城県,栗原郡,金成町,120
1985,04529,宮城県,栗原郡,志波姫町,120
1985,04530,宮城県,栗原郡,花山村,120
1985,04541,宮城県,登米郡,迫町,122
1985,04542,宮城県,登米郡,登米町,122
1985,04543,宮城県,登米郡,東和町,122
1985,04544,宮城県,登米郡,中田町,122
1985,04545,宮城県,登米郡,豊里町,123
1985,04546,宮城県,登米郡,米山町,122
1985,04547,宮城県,登米郡,石越町,121
1985,04548,宮城県,登米郡,南方町,122
1985,04561,宮城県,桃生郡,河北町,114
1985,04562,宮城県,桃生郡,矢本町,114
1985,04563,宮城県,桃生郡,雄勝町,114
1985,04564,宮城県,桃生郡,河南町,114
1985,04565,宮城県,桃生郡,桃生町,123
1985,04566,宮城県,桃生郡,鳴瀬町,114
1985,04567,宮城県,桃生郡,北上町,114
1985,04581,宮城県,牡鹿郡,女川町,114
1985,04582,宮城県,牡鹿郡,牡鹿町,124
1985,04601,宮城県,本吉郡,志津川町,125
1985,04602,宮城県,本吉郡,津山町,125
1985,04603,宮城県,本吉郡,本吉町,110
1985,04604,宮城県,本吉郡,唐桑町,110
1985,04605,宮城県,本吉郡,歌津町,125
1985,05201,秋田県,,秋田市,126
1985,05202,秋田県,,能代市,127
1985,05203,秋田県,,横手市,128
1985,05204,秋田県,,大館市,129
1985,05205,秋田県,,本荘市,130
1985,05206,秋田県,,男鹿市,126
1985,05207,秋田県,,湯沢市,131
1985,05208,秋田県,,大曲市,132
1985,05209,秋田県,,鹿角市,112
1985,05303,秋田県,鹿角郡,小坂町,112
1985,05321,秋田県,北秋田郡,鷹巣町,133
1985,05322,秋田県,北秋田郡,比内町,129
1985,05323,秋田県,北秋田郡,森吉町,133
1985,05324,秋田県,北秋田郡,阿仁町,133
1985,05325,秋田県,北秋田郡,田代町,129
1985,05326,秋田県,北秋田郡,合川町,133
1985,05327,秋田県,北秋田郡,上小阿仁村,133
1985,05341,秋田県,山本郡,琴丘町,127
1985,05342,秋田県,山本郡,二ツ井町,134
1985,05343,秋田県,山本郡,八森町,127
1985,05344,秋田県,山本郡,山本町,127
1985,05345,秋田県,山本郡,八竜町,127
1985,05346,秋田県,山本郡,藤里町,134
1985,05347,秋田県,山本郡,峰浜村,127
1985,05361,秋田県,南秋田郡,五城目町,126
1985,05362,秋田県,南秋田郡,昭和町,126
1985,05363,秋田県,南秋田郡,八郎潟町,126
1985,05364,秋田県,南秋田郡,飯田川町,126
1985,05365,秋田県,南秋田郡,天王町,126
1985,05366,秋田県,南秋田郡,井川町,126
1985,05367,秋田県,南秋田郡,若美町,126
1985,05368,秋田県,南秋田郡,大潟村,126
1985,05381,秋田県,河辺郡,河辺町,126
1985,05382,秋田県,河辺郡,雄和町,126
1985,05401,秋田県,由利郡,仁賀保町,130
1985,05402,秋田県,由利郡,金浦町,130
1985,05403,秋田県,由利郡,象潟町,130
1985,05404,秋田県,由利郡,矢島町,135
1985,05405,秋田県,由利郡,岩城町,126
1985,05406,秋田県,由利郡,由利町,130
1985,05407,秋田県,由利郡,西目町,130
1985,05408,秋田県,由利郡,鳥海町,135
1985,05409,秋田県,由利郡,東由利町,136
1985,05410,秋田県,由利郡,大内町,130
1985,05421,秋田県,仙北郡,神岡町,132
1985,05422,秋田県,仙北郡,西仙北町,137
1985,05423,秋田県,仙北郡,角館町,138
1985,05424,秋田県,仙北郡,六郷町,132
1985,05425,秋田県,仙北郡,中仙町,138
1985,05426,秋田県,仙北郡,田沢湖町,138
1985,05427,秋田県,仙北郡,協和町,137
1985,05428,秋田県,仙北郡,南外村,132
1985,05429,秋田県,仙北郡,仙北町,132
1985,05430,秋田県,仙北郡,西木村,138
1985,05431,秋田県,仙北郡,太田町,132
1985,05432,秋田県,仙北郡,千畑村,132
1985,05433,秋田県,仙北郡,仙南村,132
1985,05441,秋田県,平鹿郡,増田町,131
1985,05442,秋田県,平鹿郡,平鹿町,128
1985,05443,秋田県,平鹿郡,雄物川町,128
1985,05444,秋田県,平鹿郡,大森町,128
1985,05445,秋田県,平鹿郡,十文字町,131
1985,05446,秋田県,平鹿郡,山内村,128
1985,05447,秋田県,平鹿郡,大雄村,128
1985,05461,秋田県,雄勝郡,稲川町,131
1985,05462,秋田県,雄勝郡,雄勝町,131
1985,05463,秋田県,雄勝郡,羽後町,131
1985,05464,秋田県,雄勝郡,東成瀬村,131
1985,05465,秋田県,雄勝郡,皆瀬村,131
1985,06201,山形県,,山形市,139
1985,06202,山形県,,米沢市,140
1985,06203,山形県,,鶴岡市,141
1985,06204,山形県,,酒田市,142
1985,06205,山形県,,新庄市,143
1985,06206,山形県,,寒河江市,139
1985,06207,山形県,,上山市,139
1985,06208,山形県,,村山市,139
1985,06209,山形県,,長井市,144
1985,06210,山形県,,天童市,139
1985,06211,山形県,,東根市,139
1985,06212,山形県,,尾花沢市,145
1985,06213,山形県,,南陽市,140
1985,06301,山形県,東村山郡,山辺町,139
1985,06302,山形県,東村山郡,中山町,139
1985,06321,山形県,西村山郡,河北町,139
1985,06322,山形県,西村山郡,西川町,139
1985,06323,山形県,西村山郡,朝日町,139
1985,06324,山形県,西村山郡,大江町,139
1985,06341,山形県,北村山郡,大石田町,145
1985,06361,山形県,最上郡,金山町,143
1985,06362,山形県,最上郡,最上町,146
1985,06363,山形県,最上郡,舟形町,143
1985,06364,山形県,最上郡,真室川町,143
1985,06365,山形県,最上郡,大蔵村,143
1985,06366,山形県,最上郡,鮭川村,143
1985,06367,山形県,最上郡,戸沢村,143
1985,06381,山形県,東置賜郡,高畠町,140
1985,06382,山形県,東置賜郡,川西町,140
1985,06401,山形県,西置賜郡,小国町,147
1985,06402,山形県,西置賜郡,白鷹町,144
1985,06403,山形県,西置賜郡,飯豊町,144
1985,06421,山形県,東田川郡,立川町,142
1985,06422,山形県,東田川郡,余目町,142
1985,06423,山形県,東田川郡,藤島町,141
1985,06424,山形県,東田川郡,羽黒町,141
1985,06425,山形県,東田川郡,櫛引町,141
1985,06426,山形県,東田川郡,三川町,141
1985,06427,山形県,東田川郡,朝日村,141
1985,06441,山形県,西田川郡,温海町,148
1985,06461,山形県,飽海郡,遊佐町,142
1985,06462,山形県,飽海郡,八幡町,142
1985,06463,山形県,飽海郡,松山町,142
1985,06464,山形県,飽海郡,平田町,142
1985,07201,福島県,,福島市,149
1985,07202,福島県,,会津若松市,150
1985,07203,福島県,,郡山市,151
1985,07204,福島県,,いわき市,152
1985,07205,福島県,,白河市,153
1985,07206,福島県,,原町市,154
1985,07207,福島県,,須賀川市,155
1985,07208,福島県,,喜多方市,156
1985,07209,福島県,,相馬市,154
1985,07210,福島県,,二本松市,151
1985,07301,福島県,伊達郡,桑折町,149
1985,07302,福島県,伊達郡,伊達町,149
1985,07303,福島県,伊達郡,国見町,149
1985,07304,福島県,伊達郡,梁川町,149
1985,07305,福島県,伊達郡,保原町,149
1985,07306,福島県,伊達郡,霊山町,149
1985,07307,福島県,伊達郡,月舘町,149
1985,07308,福島県,伊達郡,川俣町,149
1985,07309,福島県,伊達郡,飯野町,149
1985,07321,福島県,安達郡,安達町,151
1985,07322,福島県,安達郡,大玉村,151
1985,07323,福島県,安達郡,本宮町,151
1985,07324,福島県,安達郡,白沢村,151
1985,07325,福島県,安達郡,岩代町,151
1985,07326,福島県,安達郡,東和町,151
1985,07341,福島県,岩瀬郡,長沼町,155
1985,07342,福島県,岩瀬郡,鏡石町,155
1985,07343,福島県,岩瀬郡,岩瀬村,155
1985,07344,福島県,岩瀬郡,天栄村,155
1985,07361,福島県,南会津郡,田島町,157
1985,07362,福島県,南会津郡,下郷町,157
1985,07363,福島県,南会津郡,舘岩村,158
1985,07364,福島県,南会津郡,檜枝岐村,158
1985,07365,福島県,南会津郡,伊南村,158
1985,07366,福島県,南会津郡,南郷村,158
1985,07367,福島県,南会津郡,只見町,158
1985,07381,福島県,北会津郡,北会津村,150
1985,07401,福島県,耶麻郡,熱塩加納村,156
1985,07402,福島県,耶麻郡,北塩原村,156
1985,07403,福島県,耶麻郡,塩川町,156
1985,07404,福島県,耶麻郡,山都町,156
1985,07405,福島県,耶麻郡,西会津町,159
1985,07406,福島県,耶麻郡,高郷村,159
1985,07407,福島県,耶麻郡,磐梯町,150
1985,07408,福島県,耶麻郡,猪苗代町,150
1985,07421,福島県,河沼郡,会津坂下町,159
1985,07422,福島県,河沼郡,湯川村,150
1985,07423,福島県,河沼郡,柳津町,159
1985,07424,福島県,河沼郡,河東町,150
1985,07441,福島県,大沼郡,会津高田町,150
1985,07442,福島県,大沼郡,本郷町,150
1985,07443,福島県,大沼郡,新鶴村,150
1985,07444,福島県,大沼郡,三島町,159
1985,07445,福島県,大沼郡,金山町,160
1985,07446,福島県,大沼郡,昭和村,160
1985,07461,福島県,西白河郡,西郷村,153
1985,07462,福島県,西白河郡,表郷村,153
1985,07463,福島県,西白河郡,東村,153
1985,07464,福島県,西白河郡,泉崎村,153
1985,07465,福島県,西白河郡,中島村,153
1985,07466,福島県,西白河郡,矢吹町,153
1985,07467,福島県,西白河郡,大信村,153
1985,07481,福島県,東白川郡,棚倉町,161
1985,07482,福島県,東白川郡,矢祭町,161
1985,07483,福島県,東白川郡,塙町,161
1985,07484,福島県,東白川郡,鮫川村,161
1985,07485,福島県,東白川郡,古殿町,162
1985,07501,福島県,石川郡,石川町,162
1985,07502,福島県,石川郡,玉川村,162
1985,07503,福島県,石川郡,平田村,163
1985,07504,福島県,石川郡,浅川町,162
1985,07521,福島県,田村郡,三春町,151
1985,07522,福島県,田村郡,小野町,164
1985,07523,福島県,田村郡,滝根町,164
1985,07524,福島県,田村郡,大越町,164
1985,07525,福島県,田村郡,都路村,164
1985,07526,福島県,田村郡,常葉町,164
1985,07527,福島県,田村郡,船引町,164
1985,07541,福島県,双葉郡,広野町,152
1985,07542,福島県,双葉郡,楢葉町,152
1985,07543,福島県,双葉郡,富岡町,152
1985,07544,福島県,双葉郡,川内村,152
1985,07545,福島県,双葉郡,大熊町,152
1985,07546,福島県,双葉郡,双葉町,152
1985,07547,福島県,双葉郡,浪江町,152
1985,07548,福島県,双葉郡,葛尾村,165
1985,07561,福島県,相馬郡,新地町,154
1985,07562,福島県,相馬郡,鹿島町,154
1985,07563,福島県,相馬郡,小高町,154
1985,07564,福島県,相馬郡,飯舘村,166
1985,08201,茨城県,,水戸市,167
1985,08202,茨城県,,日立市,168
1985,08203,茨城県,,土浦市,169
1985,08204,茨城県,,古河市,170
1985,08205,茨城県,,石岡市,171
1985,08206,茨城県,,下館市,172
1985,08207,茨城県,,結城市,173
1985,08208,茨城県,,龍ヶ崎市,174
1985,08209,茨城県,,那珂湊市,167
1985,08210,茨城県,,下妻市,175
1985,08211,茨城県,,水海道市,176
1985,08212,茨城県,,常陸太田市,168
1985,08213,茨城県,,勝田市,167
1985,08214,茨城県,,高萩市,168
1985,08215,茨城県,,北茨城市,168
1985,08216,茨城県,,笠間市,167
1985,08217,茨城県,,取手市,176
1985,08218,茨城県,,岩井市,177
1985,08301,茨城県,東茨城郡,常澄村,167
1985,08302,茨城県,東茨城郡,茨城町,167
1985,08303,茨城県,東茨城郡,小川町,171
1985,08304,茨城県,東茨城郡,美野里町,171
1985,08305,茨城県,東茨城郡,内原町,167
1985,08306,茨城県,東茨城郡,常北町,167
1985,08307,茨城県,東茨城郡,桂村,167
1985,08308,茨城県,東茨城郡,御前山村,178
1985,08309,茨城県,東茨城郡,大洗町,167
1985,08321,茨城県,西茨城郡,友部町,167
1985,08322,茨城県,西茨城郡,岩間町,167
1985,08323,茨城県,西茨城郡,七会村,167
1985,08324,茨城県,西茨城郡,岩瀬町,172
1985,08341,茨城県,那珂郡,東海村,167
1985,08342,茨城県,那珂郡,那珂町,167
1985,08343,茨城県,那珂郡,瓜連町,178
1985,08344,茨城県,那珂郡,大宮町,178
1985,08345,茨城県,那珂郡,山方町,178
1985,08346,茨城県,那珂郡,美和村,178
1985,08347,茨城県,那珂郡,緒川村,178
1985,08361,茨城県,久慈郡,金砂郷村,168
1985,08362,茨城県,久慈郡,水府村,168
1985,08363,茨城県,久慈郡,里美村,168
1985,08364,茨城県,久慈郡,大子町,178
1985,08381,茨城県,多賀郡,十王町,168
1985,08401,茨城県,鹿島郡,旭村,179
1985,08402,茨城県,鹿島郡,鉾田町,179
1985,08403,茨城県,鹿島郡,大洋村,179
1985,08404,茨城県,鹿島郡,大野村,180
1985,08405,茨城県,鹿島郡,鹿島町,180
1985,08406,茨城県,鹿島郡,神栖町,180
1985,08407,茨城県,鹿島郡,波崎町,180
1985,08421,茨城県,行方郡,麻生町,180
1985,08422,茨城県,行方郡,牛堀町,180
1985,08423,茨城県,行方郡,潮来町,180
1985,08424,茨城県,行方郡,北浦村,179
1985,08425,茨城県,行方郡,玉造町,179
1985,08441,茨城県,稲敷郡,江戸崎町,174
1985,08442,茨城県,稲敷郡,美浦村,169
1985,08443,茨城県,稲敷郡,阿見町,169
1985,08444,茨城県,稲敷郡,牛久町,169
1985,08445,茨城県,稲敷郡,茎崎町,169
1985,08446,茨城県,稲敷郡,新利根村,174
1985,08447,茨城県,稲敷郡,河内村,174
1985,08448,茨城県,稲敷郡,桜川村,174
1985,08449,茨城県,稲敷郡,東村,174
1985,08461,茨城県,新治郡,出島村,169
1985,08462,茨城県,新治郡,玉里村,171
1985,08463,茨城県,新治郡,八郷町,171
1985,08464,茨城県,新治郡,千代田村,169
1985,08465,茨城県,新治郡,新治村,169
1985,08466,茨城県,新治郡,桜村,169
1985,08481,茨城県,筑波郡,谷田部町,169
1985,08482,茨城県,筑波郡,伊奈町,176
1985,08483,茨城県,筑波郡,谷和原村,176
1985,08484,茨城県,筑波郡,豊里町,169
1985,08485,茨城県,筑波郡,筑波町,169
1985,08486,茨城県,筑波郡,大穂町,169
1985,08501,茨城県,真壁郡,関城町,172
1985,08502,茨城県,真壁郡,明野町,172
1985,08503,茨城県,真壁郡,真壁町,172
1985,08504,茨城県,真壁郡,大和村,172
1985,08505,茨城県,真壁郡,協和町,172
1985,08521,茨城県,結城郡,八千代町,175
1985,08522,茨城県,結城郡,千代川村,175
1985,08523,茨城県,結城郡,石下町,175
1985,08541,茨城県,猿島郡,総和町,170
1985,08542,茨城県,猿島郡,五霞村,181
1985,08543,茨城県,猿島郡,三和町,170
1985,08544,茨城県,猿島郡,猿島町,177
1985,08546,茨城県,猿島郡,境町,177
1985,08561,茨城県,北相馬郡,守谷町,176
1985,08563,茨城県,北相馬郡,藤代町,176
1985,08564,茨城県,北相馬郡,利根町,182
1985,09201,栃木県,,宇都宮市,183
1985,09202,栃木県,,足利市,184
1985,09203,栃木県,,栃木市,185
1985,09204,栃木県,,佐野市,184
1985,09205,栃木県,,鹿沼市,185
1985,09206,栃木県,,日光市,186
1985,09207,栃木県,,今市市,186
1985,09208,栃木県,,小山市,173
1985,09209,栃木県,,真岡市,187
1985,09210,栃木県,,大田原市,188
1985,09211,栃木県,,矢板市,183
1985,09212,栃木県,,黒磯市,188
1985,09301,栃木県,河内郡,上三川町,183
1985,09302,栃木県,河内郡,南河内町,173
1985,09303,栃木県,河内郡,上河内村,183
1985,09304,栃木県,河内郡,河内町,183
1985,09321,栃木県,上都賀郡,西方村,185
1985,09322,栃木県,上都賀郡,粟野町,185
1985,09323,栃木県,上都賀郡,足尾町,189
1985,09341,栃木県,芳賀郡,二宮町,187
1985,09342,栃木県,芳賀郡,益子町,187
1985,09343,栃木県,芳賀郡,茂木町,187
1985,09344,栃木県,芳賀郡,市貝町,187
1985,09345,栃木県,芳賀郡,芳賀町,183
1985,09361,栃木県,下都賀郡,壬生町,183
1985,09362,栃木県,下都賀郡,石橋町,183
1985,09363,栃木県,下都賀郡,国分寺町,173
1985,09364,栃木県,下都賀郡,野木町,170
1985,09365,栃木県,下都賀郡,大平町,185
1985,09366,栃木県,下都賀郡,藤岡町,184
1985,09367,栃木県,下都賀郡,岩舟町,185
1985,09368,栃木県,下都賀郡,都賀町,185
1985,09382,栃木県,塩谷郡,栗山村,186
1985,09383,栃木県,塩谷郡,藤原町,186
1985,09384,栃木県,塩谷郡,塩谷町,183
1985,09385,栃木県,塩谷郡,氏家町,183
1985,09386,栃木県,塩谷郡,高根沢町,183
1985,09387,栃木県,塩谷郡,喜連川町,183
1985,09401,栃木県,那須郡,南那須町,190
1985,09402,栃木県,那須郡,烏山町,190
1985,09403,栃木県,那須郡,馬頭町,190
1985,09404,栃木県,那須郡,小川町,190
1985,09405,栃木県,那須郡,湯津上村,188
1985,09406,栃木県,那須郡,黒羽町,188
1985,09407,栃木県,那須郡,那須町,188
1985,09409,栃木県,那須郡,西那須野町,188
1985,09410,栃木県,那須郡,塩原町,188
1985,09421,栃木県,安蘇郡,田沼町,184
1985,09422,栃木県,安蘇郡,葛生町,184
1985,10201,群馬県,,前橋市,191
1985,10202,群馬県,,高崎市,192
1985,10203,群馬県,,桐生市,193
1985,10204,群馬県,,伊勢崎市,193
1985,10205,群馬県,,太田市,194
1985,10206,群馬県,,沼田市,195
1985,10207,群馬県,,館林市,194
1985,10208,群馬県,,渋川市,191
1985,10209,群馬県,,藤岡市,196
1985,10210,群馬県,,富岡市,197
1985,10211,群馬県,,安中市,192
1985,10301,群馬県,勢多郡,北橘村,191
1985,10302,群馬県,勢多郡,赤城村,191
1985,10303,群馬県,勢多郡,富士見村,191
1985,10304,群馬県,勢多郡,大胡町,191
1985,10305,群馬県,勢多郡,宮城村,191
1985,10306,群馬県,勢多郡,粕川村,191
1985,10307,群馬県,勢多郡,新里村,193
1985,10308,群馬県,勢多郡,黒保根村,193
1985,10309,群馬県,勢多郡,東村,193
1985,10321,群馬県,群馬郡,榛名町,192
1985,10322,群馬県,群馬郡,倉淵村,192
1985,10323,群馬県,群馬郡,箕郷町,192
1985,10324,群馬県,群馬郡,群馬町,192
1985,10341,群馬県,北群馬郡,子持村,191
1985,10342,群馬県,北群馬郡,小野上村,191
1985,10343,群馬県,北群馬郡,伊香保町,191
1985,10344,群馬県,北群馬郡,榛東村,191
1985,10345,群馬県,北群馬郡,吉岡村,191
1985,10361,群馬県,多野郡,新町,196
1985,10362,群馬県,多野郡,鬼石町,196
1985,10363,群馬県,多野郡,吉井町,192
1985,10364,群馬県,多野郡,万場町,198
1985,10365,群馬県,多野郡,中里村,198
1985,10366,群馬県,多野郡,上野村,198
1985,10381,群馬県,甘楽郡,妙義町,197
1985,10382,群馬県,甘楽郡,下仁田町,197
1985,10383,群馬県,甘楽郡,南牧村,197
1985,10384,群馬県,甘楽郡,甘楽町,197
1985,10401,群馬県,碓氷郡,松井田町,192
1985,10421,群馬県,吾妻郡,中之条町,199
1985,10422,群馬県,吾妻郡,東村,199
1985,10423,群馬県,吾妻郡,吾妻町,199
1985,10424,群馬県,吾妻郡,長野原町,200
1985,10425,群馬県,吾妻郡,嬬恋村,200
1985,10426,群馬県,吾妻郡,草津町,200
1985,10427,群馬県,吾妻郡,六合村,200
1985,10428,群馬県,吾妻郡,高山村,199
1985,10441,群馬県,利根郡,白沢村,195
1985,10442,群馬県,利根郡,利根村,195
1985,10443,群馬県,利根郡,片品村,195
1985,10444,群馬県,利根郡,川場村,195
1985,10445,群馬県,利根郡,月夜野町,195
1985,10446,群馬県,利根郡,水上町,195
1985,10447,群馬県,利根郡,新治村,195
1985,10448,群馬県,利根郡,昭和村,195
1985,10461,群馬県,佐波郡,赤堀村,193
1985,10462,群馬県,佐波郡,東村,193
1985,10463,群馬県,佐波郡,境町,193
1985,10464,群馬県,佐波郡,玉村町,192
1985,10481,群馬県,新田郡,尾島町,194
1985,10482,群馬県,新田郡,新田町,194
1985,10483,群馬県,新田郡,藪塚本町,193
1985,10484,群馬県,新田郡,笠懸村,193
1985,10501,群馬県,山田郡,大間々町,193
1985,10521,群馬県,邑楽郡,板倉町,194
1985,10522,群馬県,邑楽郡,明和村,194
1985,10523,群馬県,邑楽郡,千代田町,194
1985,10524,群馬県,邑楽郡,大泉町,194
1985,10525,群馬県,邑楽郡,邑楽町,194
1985,11201,埼玉県,,川越市,201
1985,11202,埼玉県,,熊谷市,202
1985,11203,埼玉県,,川口市,203
1985,11204,埼玉県,,浦和市,204
1985,11205,埼玉県,,大宮市,204
1985,11206,埼玉県,,行田市,205
1985,11207,埼玉県,,秩父市,206
1985,11208,埼玉県,,所沢市,207
1985,11209,埼玉県,,飯能市,207
1985,11210,埼玉県,,加須市,208
1985,11211,埼玉県,,本庄市,196
1985,11212,埼玉県,,東松山市,201
1985,11213,埼玉県,,岩槻市,204
1985,11214,埼玉県,,春日部市,209
1985,11215,埼玉県,,狭山市,207
1985,11216,埼玉県,,羽生市,208
1985,11217,埼玉県,,鴻巣市,205
1985,11218,埼玉県,,深谷市,202
1985,11219,埼玉県,,上尾市,204
1985,11220,埼玉県,,与野市,204
1985,11221,埼玉県,,草加市,210
1985,11222,埼玉県,,越谷市,210
1985,11223,埼玉県,,蕨市,203
1985,11224,埼玉県,,戸田市,203
1985,11225,埼玉県,,入間市,207
1985,11226,埼玉県,,鳩ヶ谷市,203
1985,11227,埼玉県,,朝霞市,211
1985,11228,埼玉県,,志木市,211
1985,11229,埼玉県,,和光市,211
1985,11230,埼玉県,,新座市,211
1985,11231,埼玉県,,桶川市,204
1985,11232,埼玉県,,久喜市,204
1985,11233,埼玉県,,北本市,205
1985,11234,埼玉県,,八潮市,210
1985,11235,埼玉県,,富士見市,211
1985,11236,埼玉県,,上福岡市,211
1985,11237,埼玉県,,三郷市,210
1985,11238,埼玉県,,蓮田市,204
1985,11239,埼玉県,,坂戸市,201
1985,11301,埼玉県,北足立郡,伊奈町,204
1985,11304,埼玉県,北足立郡,吹上町,205
1985,11322,埼玉県,入間郡,大井町,211
1985,11324,埼玉県,入間郡,三芳町,211
1985,11326,埼玉県,入間郡,毛呂山町,201
1985,11327,埼玉県,入間郡,越生町,201
1985,11328,埼玉県,入間郡,鶴ヶ島町,201
1985,11329,埼玉県,入間郡,日高町,207
1985,11330,埼玉県,入間郡,名栗村,207
1985,11341,埼玉県,比企郡,滑川町,201
1985,11342,埼玉県,比企郡,嵐山町,201
1985,11343,埼玉県,比企郡,小川町,201
1985,11344,埼玉県,比企郡,都幾川村,201
1985,11345,埼玉県,比企郡,玉川村,201
1985,11346,埼玉県,比企郡,川島町,201
1985,11347,埼玉県,比企郡,吉見町,201
1985,11348,埼玉県,比企郡,鳩山町,201
1985,11361,埼玉県,秩父郡,横瀬町,206
1985,11362,埼玉県,秩父郡,皆野町,206
1985,11363,埼玉県,秩父郡,長瀞町,206
1985,11364,埼玉県,秩父郡,吉田町,206
1985,11365,埼玉県,秩父郡,小鹿野町,206
1985,11366,埼玉県,秩父郡,両神村,206
1985,11367,埼玉県,秩父郡,大滝村,206
1985,11368,埼玉県,秩父郡,荒川村,206
1985,11369,埼玉県,秩父郡,東秩父村,201
1985,11381,埼玉県,児玉郡,美里町,196
1985,11382,埼玉県,児玉郡,児玉町,196
1985,11383,埼玉県,児玉郡,神川村,196
1985,11384,埼玉県,児玉郡,神泉村,196
1985,11385,埼玉県,児玉郡,上里町,196
1985,11401,埼玉県,大里郡,大里村,202
1985,11402,埼玉県,大里郡,江南村,202
1985,11403,埼玉県,大里郡,妻沼町,202
1985,11405,埼玉県,大里郡,岡部町,202
1985,11406,埼玉県,大里郡,川本町,202
1985,11407,埼玉県,大里郡,花園町,202
1985,11408,埼玉県,大里郡,寄居町,202
1985,11421,埼玉県,北埼玉郡,騎西町,208
1985,11422,埼玉県,北埼玉郡,南河原村,205
1985,11423,埼玉県,北埼玉郡,川里村,205
1985,11424,埼玉県,北埼玉郡,北川辺町,170
1985,11425,埼玉県,北埼玉郡,大利根町,181
1985,11442,埼玉県,南埼玉郡,宮代町,209
1985,11445,埼玉県,南埼玉郡,白岡町,204
1985,11446,埼玉県,南埼玉郡,菖蒲町,204
1985,11461,埼玉県,北葛飾郡,栗橋町,181
1985,11462,埼玉県,北葛飾郡,鷲宮町,204
1985,11463,埼玉県,北葛飾郡,幸手町,181
1985,11464,埼玉県,北葛飾郡,杉戸町,209
1985,11465,埼玉県,北葛飾郡,松伏町,210
1985,11466,埼玉県,北葛飾郡,吉川町,210
1985,11468,埼玉県,北葛飾郡,庄和町,209
1985,12201,千葉県,,千葉市,212
1985,12202,千葉県,,銚子市,213
1985,12203,千葉県,,市川市,211
1985,12204,千葉県,,船橋市,214
1985,12205,千葉県,,館山市,215
1985,12206,千葉県,,木更津市,216
1985,12207,千葉県,,松戸市,217
1985,12208,千葉県,,野田市,217
1985,12209,千葉県,,佐原市,218
1985,12210,千葉県,,茂原市,219
1985,12211,千葉県,,成田市,218
1985,12212,千葉県,,佐倉市,214
1985,12213,千葉県,,東金市,212
1985,12214,千葉県,,八日市場市,213
1985,12215,千葉県,,旭市,213
1985,12216,千葉県,,習志野市,214
1985,12217,千葉県,,柏市,217
1985,12218,千葉県,,勝浦市,219
1985,12219,千葉県,,市原市,216
1985,12220,千葉県,,流山市,217
1985,12221,千葉県,,八千代市,214
1985,12222,千葉県,,我孫子市,217
1985,12223,千葉県,,鴨川市,215
1985,12224,千葉県,,鎌ヶ谷市,214
1985,12225,千葉県,,君津市,216
1985,12226,千葉県,,富津市,216
1985,12227,千葉県,,浦安市,211
1985,12228,千葉県,,四街道市,212
1985,12303,千葉県,東葛飾郡,関宿町,217
1985,12305,千葉県,東葛飾郡,沼南町,217
1985,12322,千葉県,印旛郡,酒々井町,214
1985,12323,千葉県,印旛郡,八街町,212
1985,12324,千葉県,印旛郡,富里町,218
1985,12325,千葉県,印旛郡,印旛村,214
1985,12326,千葉県,印旛郡,白井町,214
1985,12327,千葉県,印旛郡,印西町,220
1985,12328,千葉県,印旛郡,本埜村,220
1985,12329,千葉県,印旛郡,栄町,220
1985,12341,千葉県,香取郡,下総町,218
1985,12342,千葉県,香取郡,神崎町,218
1985,12343,千葉県,香取郡,大栄町,218
1985,12344,千葉県,香取郡,小見川町,221
1985,12345,千葉県,香取郡,山田町,221
1985,12346,千葉県,香取郡,栗源町,218
1985,12347,千葉県,香取郡,多古町,218
1985,12348,千葉県,香取郡,干潟町,213
1985,12349,千葉県,香取郡,東庄町,180
1985,12361,千葉県,海上郡,海上町,213
1985,12362,千葉県,海上郡,飯岡町,213
1985,12381,千葉県,匝瑳郡,光町,213
1985,12382,千葉県,匝瑳郡,野栄町,213
1985,12402,千葉県,山武郡,大網白里町,212
1985,12403,千葉県,山武郡,九十九里町,212
1985,12404,千葉県,山武郡,成東町,212
1985,12405,千葉県,山武郡,山武町,212
1985,12406,千葉県,山武郡,蓮沼村,212
1985,12407,千葉県,山武郡,松尾町,212
1985,12408,千葉県,山武郡,横芝町,212
1985,12409,千葉県,山武郡,芝山町,218
1985,12421,千葉県,長生郡,一宮町,219
1985,12422,千葉県,長生郡,睦沢町,219
1985,12423,千葉県,長生郡,長生村,219
1985,12424,千葉県,長生郡,白子町,219
1985,12426,千葉県,長生郡,長柄町,219
1985,12427,千葉県,長生郡,長南町,219
1985,12441,千葉県,夷隅郡,大多喜町,219
1985,12442,千葉県,夷隅郡,夷隅町,219
1985,12443,千葉県,夷隅郡,御宿町,219
1985,12444,千葉県,夷隅郡,大原町,219
1985,12445,千葉県,夷隅郡,岬町,219
1985,12461,千葉県,安房郡,富浦町,215
1985,12462,千葉県,安房郡,富山町,215
1985,12463,千葉県,安房郡,鋸南町,215
1985,12464,千葉県,安房郡,三芳村,215
1985,12465,千葉県,安房郡,白浜町,215
1985,12466,千葉県,安房郡,千倉町,215
1985,12467,千葉県,安房郡,丸山町,215
1985,12468,千葉県,安房郡,和田町,215
1985,12472,千葉県,安房郡,天津小湊町,215
1985,12481,千葉県,君津郡,袖ヶ浦町,216
1985,13101,東京都,,千代田区,211
1985,13102,東京都,,中央区,211
1985,13103,東京都,,港区,211
1985,13104,東京都,,新宿区,211
1985,13105,東京都,,文京区,211
1985,13106,東京都,,台東区,211
1985,13107,東京都,,墨田区,211
1985,13108,東京都,,江東区,211
1985,13109,東京都,,品川区,211
1985,13110,東京都,,目黒区,211
1985,13111,東京都,,大田区,211
1985,13112,東京都,,世田谷区,211
1985,13113,東京都,,渋谷区,211
1985,13114,東京都,,中野区,211
1985,13115,東京都,,杉並区,211
1985,13116,東京都,,豊島区,211
1985,13117,東京都,,北区,211
1985,13118,東京都,,荒川区,211
1985,13119,東京都,,板橋区,211
1985,13120,東京都,,練馬区,211
1985,13121,東京都,,足立区,211
1985,13122,東京都,,葛飾区,211
1985,13123,東京都,,江戸川区,211
1985,13201,東京都,,八王子市,222
1985,13202,東京都,,立川市,223
1985,13203,東京都,,武蔵野市,211
1985,13204,東京都,,三鷹市,211
1985,13205,東京都,,青梅市,223
1985,13206,東京都,,府中市,211
1985,13207,東京都,,昭島市,223
1985,13208,東京都,,調布市,211
1985,13209,東京都,,町田市,224
1985,13210,東京都,,小金井市,211
1985,13211,東京都,,小平市,211
1985,13212,東京都,,日野市,222
1985,13213,東京都,,東村山市,211
1985,13214,東京都,,国分寺市,211
1985,13215,東京都,,国立市,211
1985,13216,東京都,,田無市,211
1985,13217,東京都,,保谷市,211
1985,13218,東京都,,福生市,223
1985,13219,東京都,,狛江市,211
1985,13220,東京都,,東大和市,211
1985,13221,東京都,,清瀬市,211
1985,13222,東京都,,東久留米市,211
1985,13223,東京都,,武蔵村山市,223
1985,13224,東京都,,多摩市,211
1985,13225,東京都,,稲城市,225
1985,13226,東京都,,秋川市,223
1985,13302,東京都,西多摩郡,羽村町,223
1985,13303,東京都,西多摩郡,瑞穂町,223
1985,13305,東京都,西多摩郡,日の出町,223
1985,13306,東京都,西多摩郡,五日市町,223
1985,13307,東京都,西多摩郡,檜原村,223
1985,13308,東京都,西多摩郡,奥多摩町,223
1985,13361,東京都,大島支庁,大島町,578
1985,13362,東京都,大島支庁,利島村,579
1985,13363,東京都,大島支庁,新島本村,580
1985,13364,東京都,大島支庁,神津島村,581
1985,13381,東京都,三宅支庁,三宅村,582
1985,13382,東京都,三宅支庁,御蔵島村,583
1985,13401,東京都,八丈支庁,八丈町,584
1985,13402,東京都,八丈支庁,青ヶ島村,585
1985,13421,東京都,小笠原支庁,小笠原村,586
1985,14100,神奈川県,,横浜市,225
1985,14130,神奈川県,,川崎市,225
1985,14201,神奈川県,,横須賀市,225
1985,14203,神奈川県,,平塚市,226
1985,14204,神奈川県,,鎌倉市,225
1985,14205,神奈川県,,藤沢市,225
1985,14206,神奈川県,,小田原市,226
1985,14207,神奈川県,,茅ヶ崎市,225
1985,14208,神奈川県,,逗子市,225
1985,14209,神奈川県,,相模原市,224
1985,14210,神奈川県,,三浦市,225
1985,14211,神奈川県,,秦野市,226
1985,14212,神奈川県,,厚木市,224
1985,14213,神奈川県,,大和市,225
1985,14214,神奈川県,,伊勢原市,224
1985,14215,神奈川県,,海老名市,225
1985,14216,神奈川県,,座間市,225
1985,14217,神奈川県,,南足柄市,226
1985,14218,神奈川県,,綾瀬市,225
1985,14301,神奈川県,三浦郡,葉山町,225
1985,14321,神奈川県,高座郡,寒川町,225
1985,14341,神奈川県,中郡,大磯町,226
1985,14342,神奈川県,中郡,二宮町,226
1985,14361,神奈川県,足柄上郡,中井町,226
1985,14362,神奈川県,足柄上郡,大井町,226
1985,14363,神奈川県,足柄上郡,松田町,226
1985,14364,神奈川県,足柄上郡,山北町,226
1985,14366,神奈川県,足柄上郡,開成町,226
1985,14382,神奈川県,足柄下郡,箱根町,226
1985,14383,神奈川県,足柄下郡,真鶴町,227
1985,14384,神奈川県,足柄下郡,湯河原町,227
1985,14401,神奈川県,愛甲郡,愛川町,224
1985,14402,神奈川県,愛甲郡,清川村,224
1985,14421,神奈川県,津久井郡,城山町,224
1985,14422,神奈川県,津久井郡,津久井町,224
1985,14423,神奈川県,津久井郡,相模湖町,222
1985,14424,神奈川県,津久井郡,藤野町,222
1985,15201,新潟県,,新潟市,228
1985,15202,新潟県,,長岡市,229
1985,15204,新潟県,,三条市,230
1985,15205,新潟県,,柏崎市,231
1985,15206,新潟県,,新発田市,232
1985,15207,新潟県,,新津市,228
1985,15208,新潟県,,小千谷市,233
1985,15209,新潟県,,加茂市,230
1985,15210,新潟県,,十日町市,234
1985,15211,新潟県,,見附市,229
1985,15212,新潟県,,村上市,147
1985,15213,新潟県,,燕市,235
1985,15215,新潟県,,栃尾市,229
1985,15216,新潟県,,糸魚川市,236
1985,15217,新潟県,,新井市,237
1985,15218,新潟県,,五泉市,238
1985,15219,新潟県,,両津市,587
1985,15220,新潟県,,白根市,228
1985,15221,新潟県,,豊栄市,228
1985,15222,新潟県,,上越市,239
1985,15301,新潟県,北蒲原郡,安田町,228
1985,15302,新潟県,北蒲原郡,京ヶ瀬村,228
1985,15303,新潟県,北蒲原郡,水原町,228
1985,15304,新潟県,北蒲原郡,笹神村,228
1985,15306,新潟県,北蒲原郡,豊浦町,232
1985,15307,新潟県,北蒲原郡,聖籠町,232
1985,15308,新潟県,北蒲原郡,加治川村,232
1985,15309,新潟県,北蒲原郡,紫雲寺町,232
1985,15310,新潟県,北蒲原郡,中条町,147
1985,15311,新潟県,北蒲原郡,黒川村,147
1985,15321,新潟県,中蒲原郡,小須戸町,228
1985,15322,新潟県,中蒲原郡,村松町,238
1985,15323,新潟県,中蒲原郡,横越村,228
1985,15324,新潟県,中蒲原郡,亀田町,228
1985,15341,新潟県,西蒲原郡,岩室村,235
1985,15342,新潟県,西蒲原郡,弥彦村,235
1985,15343,新潟県,西蒲原郡,分水町,235
1985,15344,新潟県,西蒲原郡,吉田町,235
1985,15345,新潟県,西蒲原郡,巻町,235
1985,15346,新潟県,西蒲原郡,西川町,235
1985,15347,新潟県,西蒲原郡,黒埼町,228
1985,15348,新潟県,西蒲原郡,味方村,228
1985,15349,新潟県,西蒲原郡,潟東村,235
1985,15350,新潟県,西蒲原郡,月潟村,228
1985,15351,新潟県,西蒲原郡,中之口村,235
1985,15361,新潟県,南蒲原郡,田上町,230
1985,15362,新潟県,南蒲原郡,下田村,230
1985,15363,新潟県,南蒲原郡,栄町,230
1985,15364,新潟県,南蒲原郡,中之島村,229
1985,15381,新潟県,東蒲原郡,津川町,238
1985,15382,新潟県,東蒲原郡,鹿瀬町,238
1985,15383,新潟県,東蒲原郡,上川村,238
1985,15384,新潟県,東蒲原郡,三川村,238
1985,15401,新潟県,三島郡,越路町,229
1985,15402,新潟県,三島郡,三島町,229
1985,15403,新潟県,三島郡,与板町,229
1985,15404,新潟県,三島郡,和島村,235
1985,15405,新潟県,三島郡,出雲崎町,231
1985,15406,新潟県,三島郡,寺泊町,235
1985,15421,新潟県,古志郡,山古志村,233
1985,15441,新潟県,北魚沼郡,川口町,233
1985,15442,新潟県,北魚沼郡,堀之内町,240
1985,15443,新潟県,北魚沼郡,小出町,240
1985,15444,新潟県,北魚沼郡,湯之谷村,240
1985,15445,新潟県,北魚沼郡,広神村,240
1985,15446,新潟県,北魚沼郡,守門村,240
1985,15447,新潟県,北魚沼郡,入広瀬村,240
1985,15461,新潟県,南魚沼郡,湯沢町,241
1985,15462,新潟県,南魚沼郡,塩沢町,241
1985,15463,新潟県,南魚沼郡,六日町,241
1985,15464,新潟県,南魚沼郡,大和町,241
1985,15481,新潟県,中魚沼郡,川西町,234
1985,15482,新潟県,中魚沼郡,津南町,234
1985,15483,新潟県,中魚沼郡,中里村,234
1985,15501,新潟県,刈羽郡,高柳町,231
1985,15502,新潟県,刈羽郡,小国町,229
1985,15504,新潟県,刈羽郡,刈羽村,231
1985,15505,新潟県,刈羽郡,西山町,231
1985,15521,新潟県,東頸城郡,安塚町,239
1985,15522,新潟県,東頸城郡,浦川原村,239
1985,15523,新潟県,東頸城郡,松代町,242
1985,15524,新潟県,東頸城郡,松之山町,242
1985,15525,新潟県,東頸城郡,大島村,239
1985,15526,新潟県,東頸城郡,牧村,239
1985,15541,新潟県,中頸城郡,柿崎町,239
1985,15542,新潟県,中頸城郡,大潟町,239
1985,15543,新潟県,中頸城郡,頸城村,239
1985,15544,新潟県,中頸城郡,吉川町,239
1985,15545,新潟県,中頸城郡,妙高高原町,237
1985,15546,新潟県,中頸城郡,中郷村,237
1985,15547,新潟県,中頸城郡,妙高村,237
1985,15548,新潟県,中頸城郡,板倉町,237
1985,15549,新潟県,中頸城郡,清里村,239
1985,15550,新潟県,中頸城郡,三和村,239
1985,15561,新潟県,西頸城郡,名立町,236
1985,15562,新潟県,西頸城郡,能生町,236
1985,15563,新潟県,西頸城郡,青海町,236
1985,15581,新潟県,岩船郡,関川村,147
1985,15582,新潟県,岩船郡,荒川町,147
1985,15583,新潟県,岩船郡,神林村,147
1985,15584,新潟県,岩船郡,朝日村,147
1985,15585,新潟県,岩船郡,山北町,148
1985,15586,新潟県,岩船郡,粟島浦村,589
1985,15601,新潟県,佐渡郡,相川町,587
1985,15602,新潟県,佐渡郡,佐和田町,587
1985,15603,新潟県,佐渡郡,金井町,587
1985,15604,新潟県,佐渡郡,新穂村,587
1985,15605,新潟県,佐渡郡,畑野町,587
1985,15606,新潟県,佐渡郡,真野町,587
1985,15607,新潟県,佐渡郡,小木町,588
1985,15608,新潟県,佐渡郡,羽茂町,588
1985,15609,新潟県,佐渡郡,赤泊村,588
1985,16201,富山県,,富山市,243
1985,16202,富山県,,高岡市,244
1985,16203,富山県,,新湊市,244
1985,16204,富山県,,魚津市,245
1985,16205,富山県,,氷見市,244
1985,16206,富山県,,滑川市,243
1985,16207,富山県,,黒部市,245
1985,16208,富山県,,砺波市,246
1985,16209,富山県,,小矢部市,244
1985,16301,富山県,上新川郡,大沢野町,243
1985,16302,富山県,上新川郡,大山町,243
1985,16321,富山県,中新川郡,舟橋村,243
1985,16322,富山県,中新川郡,上市町,243
1985,16323,富山県,中新川郡,立山町,243
1985,16341,富山県,下新川郡,宇奈月町,245
1985,16342,富山県,下新川郡,入善町,245
1985,16343,富山県,下新川郡,朝日町,245
1985,16361,富山県,婦負郡,八尾町,243
1985,16362,富山県,婦負郡,婦中町,243
1985,16363,富山県,婦負郡,山田村,243
1985,16364,富山県,婦負郡,細入村,243
1985,16381,富山県,射水郡,小杉町,244
1985,16382,富山県,射水郡,大門町,244
1985,16383,富山県,射水郡,下村,244
1985,16384,富山県,射水郡,大島町,244
1985,16401,富山県,東礪波郡,城端町,246
1985,16402,富山県,東礪波郡,平村,247
1985,16403,富山県,東礪波郡,上平村,247
1985,16404,富山県,東礪波郡,利賀村,248
1985,16405,富山県,東礪波郡,庄川町,246
1985,16406,富山県,東礪波郡,井波町,246
1985,16407,富山県,東礪波郡,井口村,246
1985,16408,富山県,東礪波郡,福野町,246
1985,16421,富山県,西礪波郡,福光町,246
1985,16422,富山県,西礪波郡,福岡町,244
1985,17201,石川県,,金沢市,249
1985,17202,石川県,,七尾市,250
1985,17203,石川県,,小松市,251
1985,17204,石川県,,輪島市,252
1985,17205,石川県,,珠洲市,252
1985,17206,石川県,,加賀市,251
1985,17207,石川県,,羽咋市,253
1985,17208,石川県,,松任市,249
1985,17301,石川県,江沼郡,山中町,251
1985,17321,石川県,能美郡,根上町,251
1985,17322,石川県,能美郡,寺井町,251
1985,17323,石川県,能美郡,辰口町,251
1985,17324,石川県,能美郡,川北町,249
1985,17342,石川県,石川郡,美川町,249
1985,17343,石川県,石川郡,鶴来町,249
1985,17344,石川県,石川郡,野々市町,249
1985,17345,石川県,石川郡,河内村,249
1985,17346,石川県,石川郡,吉野谷村,249
1985,17347,石川県,石川郡,鳥越村,249
1985,17348,石川県,石川郡,尾口村,249
1985,17349,石川県,石川郡,白峰村,254
1985,17361,石川県,河北郡,津幡町,249
1985,17362,石川県,河北郡,高松町,249
1985,17363,石川県,河北郡,七塚町,249
1985,17364,石川県,河北郡,宇ノ気町,249
1985,17365,石川県,河北郡,内灘町,249
1985,17382,石川県,羽咋郡,富来町,253
1985,17383,石川県,羽咋郡,志雄町,253
1985,17384,石川県,羽咋郡,志賀町,253
1985,17385,石川県,羽咋郡,押水町,253
1985,17401,石川県,鹿島郡,田鶴浜町,250
1985,17402,石川県,鹿島郡,鳥屋町,250
1985,17403,石川県,鹿島郡,中島町,250
1985,17404,石川県,鹿島郡,鹿島町,250
1985,17405,石川県,鹿島郡,能登島町,590
1985,17406,石川県,鹿島郡,鹿西町,250
1985,17421,石川県,鳳至郡,穴水町,255
1985,17422,石川県,鳳至郡,門前町,255
1985,17423,石川県,鳳至郡,能都町,252
1985,17424,石川県,鳳至郡,柳田村,252
1985,17441,石川県,珠洲郡,内浦町,252
1985,18201,福井県,,福井市,256
1985,18202,福井県,,敦賀市,257
1985,18203,福井県,,武生市,258
1985,18204,福井県,,小浜市,259
1985,18205,福井県,,大野市,254
1985,18206,福井県,,勝山市,254
1985,18207,福井県,,鯖江市,258
1985,18302,福井県,足羽郡,美山町,256
1985,18321,福井県,吉田郡,松岡町,256
1985,18322,福井県,吉田郡,永平寺町,256
1985,18323,福井県,吉田郡,上志比村,256
1985,18342,福井県,大野郡,和泉村,254
1985,18361,福井県,坂井郡,三国町,256
1985,18362,福井県,坂井郡,芦原町,256
1985,18363,福井県,坂井郡,金津町,256
1985,18364,福井県,坂井郡,丸岡町,256
1985,18365,福井県,坂井郡,春江町,256
1985,18366,福井県,坂井郡,坂井町,256
1985,18381,福井県,今立郡,今立町,258
1985,18382,福井県,今立郡,池田町,258
1985,18401,福井県,南条郡,南条町,258
1985,18402,福井県,南条郡,今庄町,258
1985,18403,福井県,南条郡,河野村,258
1985,18421,福井県,丹生郡,朝日町,258
1985,18422,福井県,丹生郡,宮崎村,258
1985,18423,福井県,丹生郡,越前町,260
1985,18424,福井県,丹生郡,越廼村,260
1985,18425,福井県,丹生郡,織田町,258
1985,18426,福井県,丹生郡,清水町,256
1985,18441,福井県,三方郡,三方町,257
1985,18442,福井県,三方郡,美浜町,257
1985,18461,福井県,遠敷郡,上中町,259
1985,18462,福井県,遠敷郡,名田庄村,259
1985,18481,福井県,大飯郡,高浜町,259
1985,18482,福井県,大飯郡,大飯町,259
1985,19201,山梨県,,甲府市,261
1985,19202,山梨県,,富士吉田市,262
1985,19203,山梨県,,塩山市,263
1985,19204,山梨県,,都留市,262
1985,19205,山梨県,,山梨市,263
1985,19206,山梨県,,大月市,263
1985,19207,山梨県,,韮崎市,264
1985,19301,山梨県,東山梨郡,春日居町,265
1985,19302,山梨県,東山梨郡,牧丘町,263
1985,19303,山梨県,東山梨郡,三富村,263
1985,19304,山梨県,東山梨郡,勝沼町,263
1985,19305,山梨県,東山梨郡,大和村,263
1985,19321,山梨県,東八代郡,石和町,265
1985,19322,山梨県,東八代郡,御坂町,265
1985,19323,山梨県,東八代郡,一宮町,265
1985,19324,山梨県,東八代郡,八代町,265
1985,19325,山梨県,東八代郡,境川村,265
1985,19326,山梨県,東八代郡,中道町,261
1985,19327,山梨県,東八代郡,芦川村,266
1985,19328,山梨県,東八代郡,豊富村,267
1985,19341,山梨県,西八代郡,上九一色村,268
1985,19342,山梨県,西八代郡,三珠町,261
1985,19343,山梨県,西八代郡,市川大門町,261
1985,19344,山梨県,西八代郡,六郷町,261
1985,19345,山梨県,西八代郡,下部町,261
1985,19361,山梨県,南巨摩郡,増穂町,261
1985,19362,山梨県,南巨摩郡,鰍沢町,261
1985,19363,山梨県,南巨摩郡,中富町,269
1985,19364,山梨県,南巨摩郡,早川町,269
1985,19365,山梨県,南巨摩郡,身延町,269
1985,19366,山梨県,南巨摩郡,南部町,269
1985,19367,山梨県,南巨摩郡,富沢町,269
1985,19381,山梨県,中巨摩郡,竜王町,261
1985,19382,山梨県,中巨摩郡,敷島町,261
1985,19383,山梨県,中巨摩郡,玉穂町,261
1985,19384,山梨県,中巨摩郡,昭和町,261
1985,19385,山梨県,中巨摩郡,田富町,261
1985,19386,山梨県,中巨摩郡,八田村,261
1985,19387,山梨県,中巨摩郡,白根町,261
1985,19388,山梨県,中巨摩郡,芦安村,261
1985,19389,山梨県,中巨摩郡,若草町,261
1985,19390,山梨県,中巨摩郡,櫛形町,261
1985,19391,山梨県,中巨摩郡,甲西町,261
1985,19401,山梨県,北巨摩郡,双葉町,261
1985,19402,山梨県,北巨摩郡,明野村,264
1985,19403,山梨県,北巨摩郡,須玉町,264
1985,19404,山梨県,北巨摩郡,高根町,264
1985,19405,山梨県,北巨摩郡,長坂町,264
1985,19406,山梨県,北巨摩郡,大泉村,264
1985,19407,山梨県,北巨摩郡,小淵沢町,264
1985,19408,山梨県,北巨摩郡,白州町,264
1985,19409,山梨県,北巨摩郡,武川村,264
1985,19421,山梨県,南都留郡,秋山村,222
1985,19422,山梨県,南都留郡,道志村,270
1985,19423,山梨県,南都留郡,西桂町,262
1985,19424,山梨県,南都留郡,忍野村,262
1985,19425,山梨県,南都留郡,山中湖村,262
1985,19426,山梨県,南都留郡,河口湖町,262
1985,19427,山梨県,南都留郡,勝山村,262
1985,19428,山梨県,南都留郡,足和田村,262
1985,19429,山梨県,南都留郡,鳴沢村,262
1985,19441,山梨県,北都留郡,上野原町,222
1985,19442,山梨県,北都留郡,小菅村,271
1985,19443,山梨県,北都留郡,丹波山村,271
1985,20201,長野県,,長野市,272
1985,20202,長野県,,松本市,273
1985,20203,長野県,,上田市,274
1985,20204,長野県,,岡谷市,275
1985,20205,長野県,,飯田市,276
1985,20206,長野県,,諏訪市,275
1985,20207,長野県,,須坂市,272
1985,20208,長野県,,小諸市,277
1985,20209,長野県,,伊那市,278
1985,20210,長野県,,駒ヶ根市,278
1985,20211,長野県,,中野市,279
1985,20212,長野県,,大町市,280
1985,20213,長野県,,飯山市,279
1985,20214,長野県,,茅野市,275
1985,20215,長野県,,塩尻市,273
1985,20216,長野県,,更埴市,281
1985,20217,長野県,,佐久市,277
1985,20301,長野県,南佐久郡,臼田町,277
1985,20302,長野県,南佐久郡,佐久町,277
1985,20303,長野県,南佐久郡,小海町,277
1985,20304,長野県,南佐久郡,川上村,282
1985,20305,長野県,南佐久郡,南牧村,282
1985,20306,長野県,南佐久郡,南相木村,277
1985,20307,長野県,南佐久郡,北相木村,277
1985,20308,長野県,南佐久郡,八千穂村,277
1985,20321,長野県,北佐久郡,軽井沢町,277
1985,20322,長野県,北佐久郡,望月町,277
1985,20323,長野県,北佐久郡,御代田町,277
1985,20324,長野県,北佐久郡,立科町,274
1985,20325,長野県,北佐久郡,浅科村,277
1985,20326,長野県,北佐久郡,北御牧村,274
1985,20341,長野県,小県郡,丸子町,274
1985,20342,長野県,小県郡,長門町,274
1985,20343,長野県,小県郡,東部町,274
1985,20345,長野県,小県郡,真田町,274
1985,20346,長野県,小県郡,武石村,274
1985,20347,長野県,小県郡,和田村,274
1985,20349,長野県,小県郡,青木村,274
1985,20361,長野県,諏訪郡,下諏訪町,275
1985,20362,長野県,諏訪郡,富士見町,275
1985,20363,長野県,諏訪郡,原村,275
1985,20381,長野県,上伊那郡,高遠町,278
1985,20382,長野県,上伊那郡,辰野町,275
1985,20383,長野県,上伊那郡,箕輪町,278
1985,20384,長野県,上伊那郡,飯島町,278
1985,20385,長野県,上伊那郡,南箕輪村,278
1985,20386,長野県,上伊那郡,中川村,278
1985,20387,長野県,上伊那郡,長谷村,278
1985,20388,長野県,上伊那郡,宮田村,278
1985,20402,長野県,下伊那郡,松川町,278
1985,20403,長野県,下伊那郡,高森町,276
1985,20404,長野県,下伊那郡,阿南町,283
1985,20405,長野県,下伊那郡,上郷町,276
1985,20406,長野県,下伊那郡,清内路村,276
1985,20407,長野県,下伊那郡,阿智村,276
1985,20408,長野県,下伊那郡,浪合村,276
1985,20409,長野県,下伊那郡,平谷村,276
1985,20410,長野県,下伊那郡,根羽村,284
1985,20411,長野県,下伊那郡,下條村,276
1985,20412,長野県,下伊那郡,売木村,283
1985,20413,長野県,下伊那郡,天龍村,285
1985,20414,長野県,下伊那郡,泰阜村,283
1985,20415,長野県,下伊那郡,喬木村,276
1985,20416,長野県,下伊那郡,豊丘村,276
1985,20417,長野県,下伊那郡,大鹿村,286
1985,20418,長野県,下伊那郡,上村,287
1985,20419,長野県,下伊那郡,南信濃村,287
1985,20421,長野県,木曽郡,木曽福島町,288
1985,20422,長野県,木曽郡,上松町,288
1985,20423,長野県,木曽郡,南木曽町,288
1985,20424,長野県,木曽郡,楢川村,273
1985,20425,長野県,木曽郡,木祖村,288
1985,20426,長野県,木曽郡,日義村,288
1985,20427,長野県,木曽郡,開田村,288
1985,20428,長野県,木曽郡,三岳村,288
1985,20429,長野県,木曽郡,王滝村,288
1985,20430,長野県,木曽郡,大桑村,288
1985,20431,長野県,木曽郡,山口村,289
1985,20441,長野県,東筑摩郡,明科町,273
1985,20443,長野県,東筑摩郡,四賀村,273
1985,20444,長野県,東筑摩郡,本城村,290
1985,20445,長野県,東筑摩郡,坂北村,290
1985,20446,長野県,東筑摩郡,麻績村,290
1985,20447,長野県,東筑摩郡,坂井村,290
1985,20448,長野県,東筑摩郡,生坂村,273
1985,20449,長野県,東筑摩郡,波田町,273
1985,20450,長野県,東筑摩郡,山形村,273
1985,20451,長野県,東筑摩郡,朝日村,273
1985,20461,長野県,南安曇郡,豊科町,273
1985,20462,長野県,南安曇郡,穂高町,273
1985,20463,長野県,南安曇郡,奈川村,291
1985,20464,長野県,南安曇郡,安曇村,291
1985,20465,長野県,南安曇郡,梓川村,273
1985,20466,長野県,南安曇郡,三郷村,273
1985,20467,長野県,南安曇郡,堀金村,273
1985,20481,長野県,北安曇郡,池田町,280
1985,20482,長野県,北安曇郡,松川村,280
1985,20483,長野県,北安曇郡,八坂村,280
1985,20484,長野県,北安曇郡,美麻村,280
1985,20485,長野県,北安曇郡,白馬村,280
1985,20486,長野県,北安曇郡,小谷村,280
1985,20501,長野県,更級郡,上山田町,281
1985,20502,長野県,更級郡,大岡村,292
1985,20521,長野県,埴科郡,坂城町,281
1985,20522,長野県,埴科郡,戸倉町,281
1985,20541,長野県,上高井郡,小布施町,272
1985,20543,長野県,上高井郡,高山村,272
1985,20561,長野県,下高井郡,山ノ内町,279
1985,20562,長野県,下高井郡,木島平村,279
1985,20563,長野県,下高井郡,野沢温泉村,279
1985,20581,長野県,上水内郡,信州新町,292
1985,20582,長野県,上水内郡,豊野町,272
1985,20583,長野県,上水内郡,信濃町,272
1985,20584,長野県,上水内郡,牟礼村,272
1985,20585,長野県,上水内郡,三水村,272
1985,20586,長野県,上水内郡,戸隠村,272
1985,20587,長野県,上水内郡,鬼無里村,272
1985,20588,長野県,上水内郡,小川村,272
1985,20589,長野県,上水内郡,中条村,272
1985,20601,長野県,下水内郡,豊田村,279
1985,20602,長野県,下水内郡,栄村,234
1985,21201,岐阜県,,岐阜市,293
1985,21202,岐阜県,,大垣市,294
1985,21203,岐阜県,,高山市,295
1985,21204,岐阜県,,多治見市,296
1985,21205,岐阜県,,関市,297
1985,21206,岐阜県,,中津川市,289
1985,21207,岐阜県,,美濃市,297
1985,21208,岐阜県,,瑞浪市,296
1985,21209,岐阜県,,羽島市,293
1985,21210,岐阜県,,恵那市,289
1985,21211,岐阜県,,美濃加茂市,298
1985,21212,岐阜県,,土岐市,296
1985,21213,岐阜県,,各務原市,293
1985,21214,岐阜県,,可児市,298
1985,21301,岐阜県,羽島郡,川島町,299
1985,21302,岐阜県,羽島郡,岐南町,293
1985,21303,岐阜県,羽島郡,笠松町,293
1985,21304,岐阜県,羽島郡,柳津町,293
1985,21321,岐阜県,海津郡,海津町,300
1985,21322,岐阜県,海津郡,平田町,300
1985,21323,岐阜県,海津郡,南濃町,300
1985,21341,岐阜県,養老郡,養老町,294
1985,21342,岐阜県,養老郡,上石津町,294
1985,21361,岐阜県,不破郡,垂井町,294
1985,21362,岐阜県,不破郡,関ヶ原町,294
1985,21381,岐阜県,安八郡,神戸町,294
1985,21382,岐阜県,安八郡,輪之内町,294
1985,21383,岐阜県,安八郡,安八町,294
1985,21384,岐阜県,安八郡,墨俣町,294
1985,21401,岐阜県,揖斐郡,揖斐川町,301
1985,21402,岐阜県,揖斐郡,谷汲村,293
1985,21403,岐阜県,揖斐郡,大野町,293
1985,21404,岐阜県,揖斐郡,池田町,294
1985,21405,岐阜県,揖斐郡,春日村,301
1985,21406,岐阜県,揖斐郡,久瀬村,301
1985,21407,岐阜県,揖斐郡,藤橋村,301
1985,21408,岐阜県,揖斐郡,坂内村,301
1985,21409,岐阜県,揖斐郡,徳山村,302
1985,21421,岐阜県,本巣郡,北方町,293
1985,21422,岐阜県,本巣郡,本巣町,293
1985,21423,岐阜県,本巣郡,穂積町,293
1985,21424,岐阜県,本巣郡,巣南町,293
1985,21425,岐阜県,本巣郡,真正町,293
1985,21426,岐阜県,本巣郡,糸貫町,293
1985,21427,岐阜県,本巣郡,根尾村,303
1985,21441,岐阜県,山県郡,高富町,293
1985,21442,岐阜県,山県郡,伊自良村,293
1985,21443,岐阜県,山県郡,美山町,304
1985,21461,岐阜県,武儀郡,洞戸村,304
1985,21462,岐阜県,武儀郡,板取村,304
1985,21463,岐阜県,武儀郡,武芸川町,297
1985,21464,岐阜県,武儀郡,武儀町,297
1985,21465,岐阜県,武儀郡,上之保村,297
1985,21481,岐阜県,郡上郡,八幡町,305
1985,21482,岐阜県,郡上郡,大和村,305
1985,21483,岐阜県,郡上郡,白鳥町,305
1985,21484,岐阜県,郡上郡,高鷲村,305
1985,21485,岐阜県,郡上郡,美並村,305
1985,21486,岐阜県,郡上郡,明方村,305
1985,21487,岐阜県,郡上郡,和良村,306
1985,21501,岐阜県,加茂郡,坂祝町,298
1985,21502,岐阜県,加茂郡,富加町,297
1985,21503,岐阜県,加茂郡,川辺町,298
1985,21504,岐阜県,加茂郡,七宗町,298
1985,21505,岐阜県,加茂郡,八百津町,298
1985,21506,岐阜県,加茂郡,白川町,307
1985,21507,岐阜県,加茂郡,東白川村,307
1985,21521,岐阜県,可児郡,御嵩町,298
1985,21523,岐阜県,可児郡,兼山町,298
1985,21541,岐阜県,土岐郡,笠原町,296
1985,21561,岐阜県,恵那郡,坂下町,289
1985,21562,岐阜県,恵那郡,川上村,289
1985,21563,岐阜県,恵那郡,加子母村,308
1985,21564,岐阜県,恵那郡,付知町,289
1985,21565,岐阜県,恵那郡,福岡町,289
1985,21566,岐阜県,恵那郡,蛭川村,289
1985,21567,岐阜県,恵那郡,岩村町,289
1985,21568,岐阜県,恵那郡,山岡町,296
1985,21569,岐阜県,恵那郡,明智町,309
1985,21570,岐阜県,恵那郡,串原村,309
1985,21571,岐阜県,恵那郡,上矢作町,309
1985,21581,岐阜県,益田郡,萩原町,310
1985,21582,岐阜県,益田郡,小坂町,310
1985,21583,岐阜県,益田郡,下呂町,310
1985,21584,岐阜県,益田郡,金山町,306
1985,21585,岐阜県,益田郡,馬瀬村,310
1985,21601,岐阜県,大野郡,丹生川村,295
1985,21602,岐阜県,大野郡,清見村,295
1985,21603,岐阜県,大野郡,荘川村,305
1985,21604,岐阜県,大野郡,白川村,247
1985,21605,岐阜県,大野郡,宮村,295
1985,21606,岐阜県,大野郡,久々野町,295
1985,21607,岐阜県,大野郡,朝日村,295
1985,21608,岐阜県,大野郡,高根村,311
1985,21621,岐阜県,吉城郡,古川町,295
1985,21622,岐阜県,吉城郡,国府町,295
1985,21623,岐阜県,吉城郡,河合村,295
1985,21624,岐阜県,吉城郡,宮川村,295
1985,21625,岐阜県,吉城郡,神岡町,312
1985,21626,岐阜県,吉城郡,上宝村,312
1985,22201,静岡県,,静岡市,313
1985,22202,静岡県,,浜松市,314
1985,22203,静岡県,,沼津市,315
1985,22204,静岡県,,清水市,316
1985,22205,静岡県,,熱海市,227
1985,22206,静岡県,,三島市,315
1985,22207,静岡県,,富士宮市,316
1985,22208,静岡県,,伊東市,317
1985,22209,静岡県,,島田市,318
1985,22210,静岡県,,富士市,316
1985,22211,静岡県,,磐田市,314
1985,22212,静岡県,,焼津市,313
1985,22213,静岡県,,掛川市,319
1985,22214,静岡県,,藤枝市,313
1985,22215,静岡県,,御殿場市,320
1985,22216,静岡県,,袋井市,319
1985,22217,静岡県,,天竜市,314
1985,22218,静岡県,,浜北市,314
1985,22219,静岡県,,下田市,317
1985,22220,静岡県,,裾野市,315
1985,22221,静岡県,,湖西市,314
1985,22301,静岡県,賀茂郡,東伊豆町,317
1985,22302,静岡県,賀茂郡,河津町,317
1985,22304,静岡県,賀茂郡,南伊豆町,317
1985,22305,静岡県,賀茂郡,松崎町,321
1985,22306,静岡県,賀茂郡,西伊豆町,321
1985,22307,静岡県,賀茂郡,賀茂村,321
1985,22321,静岡県,田方郡,伊豆長岡町,315
1985,22322,静岡県,田方郡,修善寺町,315
1985,22323,静岡県,田方郡,戸田村,322
1985,22324,静岡県,田方郡,土肥町,321
1985,22325,静岡県,田方郡,函南町,315
1985,22326,静岡県,田方郡,韮山町,315
1985,22327,静岡県,田方郡,大仁町,315
1985,22328,静岡県,田方郡,天城湯ヶ島町,315
1985,22329,静岡県,田方郡,中伊豆町,315
1985,22341,静岡県,駿東郡,清水町,315
1985,22342,静岡県,駿東郡,長泉町,315
1985,22344,静岡県,駿東郡,小山町,320
1985,22361,静岡県,富士郡,芝川町,316
1985,22381,静岡県,庵原郡,富士川町,316
1985,22382,静岡県,庵原郡,蒲原町,316
1985,22383,静岡県,庵原郡,由比町,316
1985,22401,静岡県,志太郡,岡部町,313
1985,22402,静岡県,志太郡,大井川町,313
1985,22421,静岡県,榛原郡,御前崎町,313
1985,22422,静岡県,榛原郡,相良町,313
1985,22423,静岡県,榛原郡,榛原町,313
1985,22424,静岡県,榛原郡,吉田町,313
1985,22425,静岡県,榛原郡,金谷町,318
1985,22426,静岡県,榛原郡,川根町,318
1985,22427,静岡県,榛原郡,中川根町,318
1985,22428,静岡県,榛原郡,本川根町,318
1985,22442,静岡県,小笠郡,大須賀町,319
1985,22444,静岡県,小笠郡,浜岡町,319
1985,22445,静岡県,小笠郡,小笠町,319
1985,22446,静岡県,小笠郡,菊川町,319
1985,22447,静岡県,小笠郡,大東町,319
1985,22461,静岡県,周智郡,森町,319
1985,22462,静岡県,周智郡,春野町,323
1985,22481,静岡県,磐田郡,浅羽町,319
1985,22482,静岡県,磐田郡,福田町,314
1985,22483,静岡県,磐田郡,竜洋町,314
1985,22484,静岡県,磐田郡,豊田町,314
1985,22485,静岡県,磐田郡,豊岡村,314
1985,22486,静岡県,磐田郡,龍山村,314
1985,22487,静岡県,磐田郡,佐久間町,285
1985,22488,静岡県,磐田郡,水窪町,285
1985,22501,静岡県,浜名郡,可美村,314
1985,22502,静岡県,浜名郡,舞阪町,314
1985,22503,静岡県,浜名郡,新居町,314
1985,22505,静岡県,浜名郡,雄踏町,314
1985,22521,静岡県,引佐郡,細江町,314
1985,22522,静岡県,引佐郡,引佐町,314
1985,22523,静岡県,引佐郡,三ヶ日町,314
1985,23100,愛知県,,名古屋市,324
1985,23201,愛知県,,豊橋市,325
1985,23202,愛知県,,岡崎市,326
1985,23203,愛知県,,一宮市,299
1985,23204,愛知県,,瀬戸市,324
1985,23205,愛知県,,半田市,327
1985,23206,愛知県,,春日井市,324
1985,23207,愛知県,,豊川市,325
1985,23208,愛知県,,津島市,328
1985,23209,愛知県,,碧南市,329
1985,23210,愛知県,,刈谷市,329
1985,23211,愛知県,,豊田市,330
1985,23212,愛知県,,安城市,329
1985,23213,愛知県,,西尾市,326
1985,23214,愛知県,,蒲郡市,326
1985,23215,愛知県,,犬山市,324
1985,23216,愛知県,,常滑市,327
1985,23217,愛知県,,江南市,324
1985,23218,愛知県,,尾西市,299
1985,23219,愛知県,,小牧市,324
1985,23220,愛知県,,稲沢市,299
1985,23221,愛知県,,新城市,325
1985,23222,愛知県,,東海市,327
1985,23223,愛知県,,大府市,329
1985,23224,愛知県,,知多市,327
1985,23225,愛知県,,知立市,329
1985,23226,愛知県,,尾張旭市,324
1985,23227,愛知県,,高浜市,329
1985,23228,愛知県,,岩倉市,324
1985,23229,愛知県,,豊明市,324
1985,23302,愛知県,愛知郡,東郷町,324
1985,23303,愛知県,愛知郡,日進町,324
1985,23304,愛知県,愛知郡,長久手町,324
1985,23341,愛知県,西春日井郡,西枇杷島町,324
1985,23342,愛知県,西春日井郡,豊山町,324
1985,23343,愛知県,西春日井郡,師勝町,324
1985,23344,愛知県,西春日井郡,西春町,324
1985,23345,愛知県,西春日井郡,春日村,299
1985,23346,愛知県,西春日井郡,清洲町,324
1985,23347,愛知県,西春日井郡,新川町,324
1985,23361,愛知県,丹羽郡,大口町,324
1985,23362,愛知県,丹羽郡,扶桑町,324
1985,23381,愛知県,葉栗郡,木曽川町,299
1985,23401,愛知県,中島郡,祖父江町,299
1985,23402,愛知県,中島郡,平和町,328
1985,23421,愛知県,海部郡,七宝町,324
1985,23422,愛知県,海部郡,美和町,324
1985,23423,愛知県,海部郡,甚目寺町,324
1985,23424,愛知県,海部郡,大治町,324
1985,23425,愛知県,海部郡,蟹江町,324
1985,23426,愛知県,海部郡,十四山村,324
1985,23427,愛知県,海部郡,飛島村,324
1985,23428,愛知県,海部郡,弥富町,324
1985,23429,愛知県,海部郡,佐屋町,328
1985,23430,愛知県,海部郡,立田村,328
1985,23431,愛知県,海部郡,八開村,328
1985,23432,愛知県,海部郡,佐織町,328
1985,23441,愛知県,知多郡,阿久比町,327
1985,23442,愛知県,知多郡,東浦町,329
1985,23445,愛知県,知多郡,南知多町,327
1985,23446,愛知県,知多郡,美浜町,327
1985,23447,愛知県,知多郡,武豊町,327
1985,23481,愛知県,幡豆郡,一色町,326
1985,23482,愛知県,幡豆郡,吉良町,326
1985,23483,愛知県,幡豆郡,幡豆町,326
1985,23501,愛知県,額田郡,幸田町,326
1985,23502,愛知県,額田郡,額田町,326
1985,23521,愛知県,西加茂郡,三好町,330
1985,23522,愛知県,西加茂郡,藤岡町,330
1985,23523,愛知県,西加茂郡,小原村,330
1985,23541,愛知県,東加茂郡,足助町,330
1985,23543,愛知県,東加茂郡,下山村,326
1985,23544,愛知県,東加茂郡,旭町,330
1985,23561,愛知県,北設楽郡,設楽町,331
1985,23562,愛知県,北設楽郡,東栄町,331
1985,23563,愛知県,北設楽郡,豊根村,331
1985,23564,愛知県,北設楽郡,富山村,285
1985,23565,愛知県,北設楽郡,津具村,331
1985,23566,愛知県,北設楽郡,稲武町,309
1985,23581,愛知県,南設楽郡,鳳来町,325
1985,23582,愛知県,南設楽郡,作手村,325
1985,23601,愛知県,宝飯郡,音羽町,325
1985,23602,愛知県,宝飯郡,一宮町,325
1985,23603,愛知県,宝飯郡,小坂井町,325
1985,23604,愛知県,宝飯郡,御津町,325
1985,23621,愛知県,渥美郡,田原町,332
1985,23622,愛知県,渥美郡,赤羽根町,332
1985,23623,愛知県,渥美郡,渥美町,332
1985,24201,三重県,,津市,333
1985,24202,三重県,,四日市市,334
1985,24203,三重県,,伊勢市,335
1985,24204,三重県,,松阪市,336
1985,24205,三重県,,桑名市,334
1985,24206,三重県,,上野市,337
1985,24207,三重県,,鈴鹿市,333
1985,24208,三重県,,名張市,338
1985,24209,三重県,,尾鷲市,339
1985,24210,三重県,,亀山市,333
1985,24211,三重県,,鳥羽市,340
1985,24212,三重県,,熊野市,341
1985,24213,三重県,,久居市,333
1985,24301,三重県,桑名郡,多度町,334
1985,24302,三重県,桑名郡,長島町,342
1985,24303,三重県,桑名郡,木曽岬村,342
1985,24321,三重県,員弁郡,北勢町,334
1985,24322,三重県,員弁郡,員弁町,334
1985,24323,三重県,員弁郡,大安町,334
1985,24324,三重県,員弁郡,東員町,334
1985,24325,三重県,員弁郡,藤原町,334
1985,24341,三重県,三重郡,菰野町,334
1985,24342,三重県,三重郡,楠町,334
1985,24343,三重県,三重郡,朝日町,334
1985,24344,三重県,三重郡,川越町,334
1985,24361,三重県,鈴鹿郡,関町,333
1985,24381,三重県,安芸郡,河芸町,333
1985,24382,三重県,安芸郡,芸濃町,333
1985,24383,三重県,安芸郡,美里村,333
1985,24384,三重県,安芸郡,安濃町,333
1985,24402,三重県,一志郡,香良洲町,333
1985,24403,三重県,一志郡,一志町,333
1985,24404,三重県,一志郡,白山町,333
1985,24405,三重県,一志郡,嬉野町,333
1985,24406,三重県,一志郡,美杉村,333
1985,24407,三重県,一志郡,三雲村,336
1985,24421,三重県,飯南郡,飯南町,336
1985,24422,三重県,飯南郡,飯高町,336
1985,24441,三重県,多気郡,多気町,336
1985,24442,三重県,多気郡,明和町,335
1985,24443,三重県,多気郡,大台町,336
1985,24444,三重県,多気郡,勢和村,336
1985,24445,三重県,多気郡,宮川村,336
1985,24461,三重県,度会郡,玉城町,335
1985,24462,三重県,度会郡,二見町,335
1985,24463,三重県,度会郡,小俣町,335
1985,24464,三重県,度会郡,南勢町,340
1985,24465,三重県,度会郡,南島町,343
1985,24466,三重県,度会郡,大宮町,336
1985,24467,三重県,度会郡,紀勢町,339
1985,24468,三重県,度会郡,御薗村,335
1985,24469,三重県,度会郡,大内山村,339
1985,24470,三重県,度会郡,度会町,335
1985,24481,三重県,阿山郡,伊賀町,337
1985,24482,三重県,阿山郡,島ヶ原村,337
1985,24483,三重県,阿山郡,阿山町,337
1985,24484,三重県,阿山郡,大山田村,337
1985,24501,三重県,名賀郡,青山町,338
1985,24521,三重県,志摩郡,浜島町,340
1985,24522,三重県,志摩郡,大王町,340
1985,24523,三重県,志摩郡,志摩町,340
1985,24524,三重県,志摩郡,阿児町,340
1985,24525,三重県,志摩郡,磯部町,340
1985,24541,三重県,北牟婁郡,紀伊長島町,339
1985,24542,三重県,北牟婁郡,海山町,339
1985,24561,三重県,南牟婁郡,御浜町,341
1985,24562,三重県,南牟婁郡,紀宝町,344
1985,24563,三重県,南牟婁郡,紀和町,341
1985,24564,三重県,南牟婁郡,鵜殿村,344
1985,25201,滋賀県,,大津市,345
1985,25202,滋賀県,,彦根市,346
1985,25203,滋賀県,,長浜市,347
1985,25204,滋賀県,,近江八幡市,345
1985,25205,滋賀県,,八日市市,346
1985,25206,滋賀県,,草津市,345
1985,25207,滋賀県,,守山市,345
1985,25301,滋賀県,滋賀郡,志賀町,345
1985,25321,滋賀県,栗太郡,栗東町,345
1985,25342,滋賀県,野洲郡,中主町,345
1985,25343,滋賀県,野洲郡,野洲町,345
1985,25361,滋賀県,甲賀郡,石部町,345
1985,25362,滋賀県,甲賀郡,甲西町,345
1985,25363,滋賀県,甲賀郡,水口町,348
1985,25364,滋賀県,甲賀郡,土山町,348
1985,25365,滋賀県,甲賀郡,甲賀町,348
1985,25366,滋賀県,甲賀郡,甲南町,348
1985,25367,滋賀県,甲賀郡,信楽町,348
1985,25381,滋賀県,蒲生郡,安土町,345
1985,25382,滋賀県,蒲生郡,蒲生町,346
1985,25383,滋賀県,蒲生郡,日野町,346
1985,25384,滋賀県,蒲生郡,竜王町,345
1985,25401,滋賀県,神崎郡,永源寺町,346
1985,25402,滋賀県,神崎郡,五個荘町,346
1985,25403,滋賀県,神崎郡,能登川町,346
1985,25421,滋賀県,愛知郡,愛東町,346
1985,25422,滋賀県,愛知郡,湖東町,346
1985,25423,滋賀県,愛知郡,秦荘町,346
1985,25424,滋賀県,愛知郡,愛知川町,346
1985,25441,滋賀県,犬上郡,豊郷町,346
1985,25442,滋賀県,犬上郡,甲良町,346
1985,25443,滋賀県,犬上郡,多賀町,346
1985,25461,滋賀県,坂田郡,山東町,347
1985,25462,滋賀県,坂田郡,伊吹町,347
1985,25463,滋賀県,坂田郡,米原町,347
1985,25464,滋賀県,坂田郡,近江町,347
1985,25481,滋賀県,東浅井郡,浅井町,347
1985,25482,滋賀県,東浅井郡,虎姫町,347
1985,25483,滋賀県,東浅井郡,湖北町,347
1985,25484,滋賀県,東浅井郡,びわ町,347
1985,25501,滋賀県,伊香郡,高月町,347
1985,25502,滋賀県,伊香郡,木之本町,347
1985,25503,滋賀県,伊香郡,余呉町,347
1985,25504,滋賀県,伊香郡,西浅井町,347
1985,25521,滋賀県,高島郡,マキノ町,349
1985,25522,滋賀県,高島郡,今津町,349
1985,25523,滋賀県,高島郡,朽木村,349
1985,25524,滋賀県,高島郡,安曇川町,349
1985,25525,滋賀県,高島郡,高島町,349
1985,25526,滋賀県,高島郡,新旭町,349
1985,26100,京都府,,京都市,350
1985,26201,京都府,,福知山市,351
1985,26202,京都府,,舞鶴市,259
1985,26203,京都府,,綾部市,351
1985,26204,京都府,,宇治市,350
1985,26205,京都府,,宮津市,352
1985,26206,京都府,,亀岡市,353
1985,26207,京都府,,城陽市,350
1985,26208,京都府,,向日市,350
1985,26209,京都府,,長岡京市,350
1985,26210,京都府,,八幡市,354
1985,26303,京都府,乙訓郡,大山崎町,350
1985,26322,京都府,久世郡,久御山町,350
1985,26342,京都府,綴喜郡,田辺町,350
1985,26343,京都府,綴喜郡,井手町,350
1985,26344,京都府,綴喜郡,宇治田原町,350
1985,26361,京都府,相楽郡,山城町,350
1985,26362,京都府,相楽郡,木津町,355
1985,26363,京都府,相楽郡,加茂町,355
1985,26364,京都府,相楽郡,笠置町,355
1985,26365,京都府,相楽郡,和束町,355
1985,26366,京都府,相楽郡,精華町,350
1985,26367,京都府,相楽郡,南山城村,356
1985,26381,京都府,北桑田郡,京北町,357
1985,26382,京都府,北桑田郡,美山町,357
1985,26401,京都府,船井郡,園部町,353
1985,26402,京都府,船井郡,八木町,353
1985,26403,京都府,船井郡,丹波町,353
1985,26404,京都府,船井郡,日吉町,353
1985,26405,京都府,船井郡,瑞穂町,353
1985,26406,京都府,船井郡,和知町,351
1985,26421,京都府,天田郡,三和町,351
1985,26422,京都府,天田郡,夜久野町,351
1985,26441,京都府,加佐郡,大江町,351
1985,26461,京都府,与謝郡,加悦町,352
1985,26462,京都府,与謝郡,岩滝町,352
1985,26463,京都府,与謝郡,伊根町,352
1985,26464,京都府,与謝郡,野田川町,352
1985,26481,京都府,中郡,峰山町,358
1985,26482,京都府,中郡,大宮町,358
1985,26501,京都府,竹野郡,網野町,358
1985,26502,京都府,竹野郡,丹後町,358
1985,26503,京都府,竹野郡,弥栄町,358
1985,26521,京都府,熊野郡,久美浜町,358
1985,27100,大阪府,,大阪市,354
1985,27201,大阪府,,堺市,359
1985,27202,大阪府,,岸和田市,360
1985,27203,大阪府,,豊中市,354
1985,27204,大阪府,,池田市,354
1985,27205,大阪府,,吹田市,354
1985,27206,大阪府,,泉大津市,360
1985,27207,大阪府,,高槻市,354
1985,27208,大阪府,,貝塚市,360
1985,27209,大阪府,,守口市,354
1985,27210,大阪府,,枚方市,354
1985,27211,大阪府,,茨木市,354
1985,27212,大阪府,,八尾市,361
1985,27213,大阪府,,泉佐野市,360
1985,27214,大阪府,,富田林市,359
1985,27215,大阪府,,寝屋川市,354
1985,27216,大阪府,,河内長野市,359
1985,27217,大阪府,,松原市,359
1985,27218,大阪府,,大東市,354
1985,27219,大阪府,,和泉市,360
1985,27220,大阪府,,箕面市,354
1985,27221,大阪府,,柏原市,361
1985,27222,大阪府,,羽曳野市,359
1985,27223,大阪府,,門真市,354
1985,27224,大阪府,,摂津市,354
1985,27225,大阪府,,高石市,359
1985,27226,大阪府,,藤井寺市,359
1985,27227,大阪府,,東大阪市,354
1985,27228,大阪府,,泉南市,360
1985,27229,大阪府,,四條畷市,354
1985,27230,大阪府,,交野市,354
1985,27301,大阪府,三島郡,島本町,354
1985,27321,大阪府,豊能郡,豊能町,354
1985,27322,大阪府,豊能郡,能勢町,354
1985,27341,大阪府,泉北郡,忠岡町,360
1985,27361,大阪府,泉南郡,熊取町,360
1985,27362,大阪府,泉南郡,田尻町,360
1985,27366,大阪府,泉南郡,岬町,360
1985,27367,大阪府,泉南郡,阪南町,360
1985,27381,大阪府,南河内郡,太子町,359
1985,27382,大阪府,南河内郡,河南町,359
1985,27383,大阪府,南河内郡,千早赤阪村,359
1985,27384,大阪府,南河内郡,狭山町,359
1985,27385,大阪府,南河内郡,美原町,359
1985,28100,兵庫県,,神戸市,362
1985,28201,兵庫県,,姫路市,363
1985,28202,兵庫県,,尼崎市,354
1985,28203,兵庫県,,明石市,362
1985,28204,兵庫県,,西宮市,354
1985,28205,兵庫県,,洲本市,364
1985,28206,兵庫県,,芦屋市,354
1985,28207,兵庫県,,伊丹市,354
1985,28208,兵庫県,,相生市,363
1985,28209,兵庫県,,豊岡市,365
1985,28210,兵庫県,,加古川市,362
1985,28211,兵庫県,,龍野市,363
1985,28212,兵庫県,,赤穂市,363
1985,28213,兵庫県,,西脇市,366
1985,28214,兵庫県,,宝塚市,354
1985,28215,兵庫県,,三木市,362
1985,28216,兵庫県,,高砂市,362
1985,28217,兵庫県,,川西市,354
1985,28218,兵庫県,,小野市,366
1985,28219,兵庫県,,三田市,367
1985,28220,兵庫県,,加西市,366
1985,28301,兵庫県,川辺郡,猪名川町,354
1985,28321,兵庫県,美嚢郡,吉川町,367
1985,28341,兵庫県,加東郡,社町,366
1985,28342,兵庫県,加東郡,滝野町,366
1985,28343,兵庫県,加東郡,東条町,366
1985,28361,兵庫県,多可郡,中町,366
1985,28362,兵庫県,多可郡,加美町,366
1985,28363,兵庫県,多可郡,八千代町,366
1985,28364,兵庫県,多可郡,黒田庄町,366
1985,28381,兵庫県,加古郡,稲美町,362
1985,28382,兵庫県,加古郡,播磨町,362
1985,28421,兵庫県,飾磨郡,家島町,591
1985,28422,兵庫県,飾磨郡,夢前町,363
1985,28441,兵庫県,神崎郡,神崎町,363
1985,28442,兵庫県,神崎郡,市川町,363
1985,28443,兵庫県,神崎郡,福崎町,363
1985,28444,兵庫県,神崎郡,香寺町,363
1985,28445,兵庫県,神崎郡,大河内町,363
1985,28461,兵庫県,揖保郡,新宮町,363
1985,28462,兵庫県,揖保郡,揖保川町,363
1985,28463,兵庫県,揖保郡,御津町,363
1985,28464,兵庫県,揖保郡,太子町,363
1985,28481,兵庫県,赤穂郡,上郡町,363
1985,28501,兵庫県,佐用郡,佐用町,363
1985,28502,兵庫県,佐用郡,上月町,363
1985,28503,兵庫県,佐用郡,南光町,363
1985,28504,兵庫県,佐用郡,三日月町,363
1985,28521,兵庫県,宍粟郡,山崎町,368
1985,28522,兵庫県,宍粟郡,安富町,368
1985,28523,兵庫県,宍粟郡,一宮町,368
1985,28524,兵庫県,宍粟郡,波賀町,368
1985,28525,兵庫県,宍粟郡,千種町,368
1985,28541,兵庫県,城崎郡,城崎町,365
1985,28542,兵庫県,城崎郡,竹野町,365
1985,28543,兵庫県,城崎郡,香住町,369
1985,28544,兵庫県,城崎郡,日高町,365
1985,28561,兵庫県,出石郡,出石町,365
1985,28562,兵庫県,出石郡,但東町,365
1985,28581,兵庫県,美方郡,村岡町,369
1985,28582,兵庫県,美方郡,浜坂町,369
1985,28583,兵庫県,美方郡,美方町,369
1985,28584,兵庫県,美方郡,温泉町,369
1985,28601,兵庫県,養父郡,八鹿町,370
1985,28602,兵庫県,養父郡,養父町,370
1985,28603,兵庫県,養父郡,大屋町,370
1985,28604,兵庫県,養父郡,関宮町,370
1985,28621,兵庫県,朝来郡,生野町,370
1985,28622,兵庫県,朝来郡,和田山町,370
1985,28623,兵庫県,朝来郡,山東町,370
1985,28624,兵庫県,朝来郡,朝来町,370
1985,28641,兵庫県,氷上郡,柏原町,371
1985,28642,兵庫県,氷上郡,氷上町,371
1985,28643,兵庫県,氷上郡,青垣町,371
1985,28644,兵庫県,氷上郡,春日町,371
1985,28645,兵庫県,氷上郡,山南町,371
1985,28646,兵庫県,氷上郡,市島町,371
1985,28661,兵庫県,多紀郡,篠山町,367
1985,28664,兵庫県,多紀郡,西紀町,367
1985,28665,兵庫県,多紀郡,丹南町,367
1985,28666,兵庫県,多紀郡,今田町,367
1985,28681,兵庫県,津名郡,津名町,372
1985,28682,兵庫県,津名郡,淡路町,372
1985,28683,兵庫県,津名郡,北淡町,372
1985,28684,兵庫県,津名郡,一宮町,372
1985,28685,兵庫県,津名郡,五色町,364
1985,28686,兵庫県,津名郡,東浦町,372
1985,28701,兵庫県,三原郡,緑町,364
1985,28702,兵庫県,三原郡,西淡町,364
1985,28703,兵庫県,三原郡,三原町,364
1985,28704,兵庫県,三原郡,南淡町,364
1985,29201,奈良県,,奈良市,355
1985,29202,奈良県,,大和高田市,373
1985,29203,奈良県,,大和郡山市,355
1985,29204,奈良県,,天理市,355
1985,29205,奈良県,,橿原市,373
1985,29206,奈良県,,桜井市,374
1985,29207,奈良県,,五條市,375
1985,29208,奈良県,,御所市,373
1985,29209,奈良県,,生駒市,354
1985,29301,奈良県,添上郡,月ヶ瀬村,337
1985,29321,奈良県,山辺郡,都祁村,355
1985,29322,奈良県,山辺郡,山添村,337
1985,29342,奈良県,生駒郡,平群町,376
1985,29343,奈良県,生駒郡,三郷町,377
1985,29344,奈良県,生駒郡,斑鳩町,377
1985,29345,奈良県,生駒郡,安堵村,377
1985,29361,奈良県,磯城郡,川西町,355
1985,29362,奈良県,磯城郡,三宅町,355
1985,29363,奈良県,磯城郡,田原本町,355
1985,29381,奈良県,宇陀郡,大宇陀町,374
1985,29382,奈良県,宇陀郡,菟田野町,374
1985,29383,奈良県,宇陀郡,榛原町,374
1985,29384,奈良県,宇陀郡,室生村,374
1985,29385,奈良県,宇陀郡,曽爾村,338
1985,29386,奈良県,宇陀郡,御杖村,338
1985,29401,奈良県,高市郡,高取町,373
1985,29402,奈良県,高市郡,明日香村,373
1985,29421,奈良県,北葛城郡,新庄町,373
1985,29422,奈良県,北葛城郡,當麻町,373
1985,29423,奈良県,北葛城郡,香芝町,361
1985,29424,奈良県,北葛城郡,上牧町,361
1985,29425,奈良県,北葛城郡,王寺町,377
1985,29426,奈良県,北葛城郡,広陵町,373
1985,29427,奈良県,北葛城郡,河合町,361
1985,29441,奈良県,吉野郡,吉野町,378
1985,29442,奈良県,吉野郡,大淀町,378
1985,29443,奈良県,吉野郡,下市町,378
1985,29444,奈良県,吉野郡,黒滝村,378
1985,29445,奈良県,吉野郡,西吉野村,375
1985,29446,奈良県,吉野郡,天川村,379
1985,29447,奈良県,吉野郡,野迫川村,380
1985,29448,奈良県,吉野郡,大塔村,381
1985,29449,奈良県,吉野郡,十津川村,381
1985,29450,奈良県,吉野郡,下北山村,341
1985,29451,奈良県,吉野郡,上北山村,341
1985,29452,奈良県,吉野郡,川上村,378
1985,29453,奈良県,吉野郡,東吉野村,374
1985,30201,和歌山県,,和歌山市,382
1985,30202,和歌山県,,海南市,382
1985,30203,和歌山県,,橋本市,383
1985,30204,和歌山県,,有田市,384
1985,30205,和歌山県,,御坊市,385
1985,30206,和歌山県,,田辺市,386
1985,30207,和歌山県,,新宮市,344
1985,30301,和歌山県,海草郡,下津町,382
1985,30302,和歌山県,海草郡,野上町,382
1985,30303,和歌山県,海草郡,美里町,382
1985,30321,和歌山県,那賀郡,打田町,382
1985,30322,和歌山県,那賀郡,粉河町,382
1985,30323,和歌山県,那賀郡,那賀町,382
1985,30324,和歌山県,那賀郡,桃山町,382
1985,30325,和歌山県,那賀郡,貴志川町,382
1985,30326,和歌山県,那賀郡,岩出町,382
1985,30341,和歌山県,伊都郡,かつらぎ町,383
1985,30342,和歌山県,伊都郡,高野口町,383
1985,30343,和歌山県,伊都郡,九度山町,383
1985,30344,和歌山県,伊都郡,高野町,387
1985,30345,和歌山県,伊都郡,花園村,387
1985,30361,和歌山県,有田郡,湯浅町,384
1985,30362,和歌山県,有田郡,広川町,384
1985,30363,和歌山県,有田郡,吉備町,384
1985,30364,和歌山県,有田郡,金屋町,384
1985,30365,和歌山県,有田郡,清水町,387
1985,30381,和歌山県,日高郡,美浜町,385
1985,30382,和歌山県,日高郡,日高町,385
1985,30383,和歌山県,日高郡,由良町,385
1985,30384,和歌山県,日高郡,川辺町,385
1985,30385,和歌山県,日高郡,中津村,385
1985,30386,和歌山県,日高郡,美山村,388
1985,30387,和歌山県,日高郡,龍神村,388
1985,30388,和歌山県,日高郡,南部川村,386
1985,30389,和歌山県,日高郡,南部町,386
1985,30390,和歌山県,日高郡,印南町,385
1985,30401,和歌山県,西牟婁郡,白浜町,386
1985,30402,和歌山県,西牟婁郡,中辺路町,386
1985,30403,和歌山県,西牟婁郡,大塔村,386
1985,30404,和歌山県,西牟婁郡,上富田町,386
1985,30405,和歌山県,西牟婁郡,日置川町,386
1985,30406,和歌山県,西牟婁郡,すさみ町,389
1985,30407,和歌山県,西牟婁郡,串本町,390
1985,30421,和歌山県,東牟婁郡,那智勝浦町,344
1985,30422,和歌山県,東牟婁郡,太地町,344
1985,30423,和歌山県,東牟婁郡,古座町,390
1985,30424,和歌山県,東牟婁郡,古座川町,390
1985,30425,和歌山県,東牟婁郡,熊野川町,344
1985,30426,和歌山県,東牟婁郡,本宮町,344
1985,30427,和歌山県,東牟婁郡,北山村,341
1985,31201,鳥取県,,鳥取市,391
1985,31202,鳥取県,,米子市,392
1985,31203,鳥取県,,倉吉市,393
1985,31204,鳥取県,,境港市,392
1985,31301,鳥取県,岩美郡,国府町,391
1985,31302,鳥取県,岩美郡,岩美町,391
1985,31303,鳥取県,岩美郡,福部村,391
1985,31321,鳥取県,八頭郡,郡家町,391
1985,31322,鳥取県,八頭郡,船岡町,391
1985,31323,鳥取県,八頭郡,河原町,391
1985,31324,鳥取県,八頭郡,八東町,391
1985,31325,鳥取県,八頭郡,若桜町,391
1985,31326,鳥取県,八頭郡,用瀬町,391
1985,31327,鳥取県,八頭郡,佐治村,391
1985,31328,鳥取県,八頭郡,智頭町,391
1985,31341,鳥取県,気高郡,気高町,391
1985,31342,鳥取県,気高郡,鹿野町,391
1985,31343,鳥取県,気高郡,青谷町,393
1985,31361,鳥取県,東伯郡,羽合町,393
1985,31362,鳥取県,東伯郡,泊村,393
1985,31363,鳥取県,東伯郡,東郷町,393
1985,31364,鳥取県,東伯郡,三朝町,393
1985,31365,鳥取県,東伯郡,関金町,393
1985,31366,鳥取県,東伯郡,北条町,393
1985,31367,鳥取県,東伯郡,大栄町,393
1985,31368,鳥取県,東伯郡,東伯町,393
1985,31369,鳥取県,東伯郡,赤碕町,393
1985,31381,鳥取県,西伯郡,西伯町,392
1985,31382,鳥取県,西伯郡,会見町,392
1985,31383,鳥取県,西伯郡,岸本町,392
1985,31384,鳥取県,西伯郡,日吉津村,392
1985,31385,鳥取県,西伯郡,淀江町,392
1985,31386,鳥取県,西伯郡,大山町,392
1985,31387,鳥取県,西伯郡,名和町,392
1985,31388,鳥取県,西伯郡,中山町,392
1985,31401,鳥取県,日野郡,日南町,394
1985,31402,鳥取県,日野郡,日野町,394
1985,31403,鳥取県,日野郡,江府町,394
1985,31404,鳥取県,日野郡,溝口町,392
1985,32201,島根県,,松江市,395
1985,32202,島根県,,浜田市,396
1985,32203,島根県,,出雲市,397
1985,32204,島根県,,益田市,398
1985,32205,島根県,,大田市,399
1985,32206,島根県,,安来市,400
1985,32207,島根県,,江津市,399
1985,32208,島根県,,平田市,397
1985,32301,島根県,八束郡,鹿島町,395
1985,32302,島根県,八束郡,島根町,395
1985,32303,島根県,八束郡,美保関町,395
1985,32304,島根県,八束郡,東出雲町,395
1985,32305,島根県,八束郡,八雲村,395
1985,32306,島根県,八束郡,玉湯町,395
1985,32307,島根県,八束郡,宍道町,395
1985,32308,島根県,八束郡,八束町,592
1985,32321,島根県,能義郡,広瀬町,400
1985,32322,島根県,能義郡,伯太町,400
1985,32341,島根県,仁多郡,仁多町,401
1985,32342,島根県,仁多郡,横田町,401
1985,32361,島根県,大原郡,大東町,402
1985,32362,島根県,大原郡,加茂町,402
1985,32363,島根県,大原郡,木次町,402
1985,32381,島根県,飯石郡,三刀屋町,402
1985,32382,島根県,飯石郡,吉田村,402
1985,32383,島根県,飯石郡,掛合町,402
1985,32384,島根県,飯石郡,頓原町,403
1985,32385,島根県,飯石郡,赤来町,403
1985,32401,島根県,簸川郡,斐川町,397
1985,32402,島根県,簸川郡,佐田町,397
1985,32403,島根県,簸川郡,多伎町,397
1985,32404,島根県,簸川郡,湖陵町,397
1985,32405,島根県,簸川郡,大社町,397
1985,32421,島根県,邇摩郡,温泉津町,399
1985,32422,島根県,邇摩郡,仁摩町,399
1985,32441,島根県,邑智郡,川本町,404
1985,32442,島根県,邑智郡,邑智町,404
1985,32443,島根県,邑智郡,大和村,404
1985,32444,島根県,邑智郡,羽須美村,405
1985,32445,島根県,邑智郡,瑞穂町,406
1985,32446,島根県,邑智郡,石見町,406
1985,32447,島根県,邑智郡,桜江町,399
1985,32462,島根県,那賀郡,金城町,396
1985,32463,島根県,那賀郡,旭町,396
1985,32464,島根県,那賀郡,弥栄村,396
1985,32465,島根県,那賀郡,三隅町,396
1985,32481,島根県,美濃郡,美都町,398
1985,32482,島根県,美濃郡,匹見町,407
1985,32501,島根県,鹿足郡,津和野町,398
1985,32502,島根県,鹿足郡,日原町,398
1985,32503,島根県,鹿足郡,柿木村,408
1985,32504,島根県,鹿足郡,六日市町,408
1985,32521,島根県,隠岐郡,西郷町,593
1985,32522,島根県,隠岐郡,布施村,593
1985,32523,島根県,隠岐郡,五箇村,593
1985,32524,島根県,隠岐郡,都万村,593
1985,32525,島根県,隠岐郡,海士町,594
1985,32526,島根県,隠岐郡,西ノ島町,595
1985,32527,島根県,隠岐郡,知夫村,596
1985,33201,岡山県,,岡山市,409
1985,33202,岡山県,,倉敷市,410
1985,33203,岡山県,,津山市,411
1985,33204,岡山県,,玉野市,412
1985,33205,岡山県,,笠岡市,410
1985,33207,岡山県,,井原市,413
1985,33208,岡山県,,総社市,410
1985,33209,岡山県,,高梁市,414
1985,33210,岡山県,,新見市,415
1985,33211,岡山県,,備前市,409
1985,33301,岡山県,御津郡,御津町,409
1985,33303,岡山県,御津郡,建部町,416
1985,33305,岡山県,御津郡,加茂川町,417
1985,33321,岡山県,赤磐郡,瀬戸町,409
1985,33322,岡山県,赤磐郡,山陽町,409
1985,33323,岡山県,赤磐郡,赤坂町,409
1985,33324,岡山県,赤磐郡,熊山町,409
1985,33325,岡山県,赤磐郡,吉井町,418
1985,33342,岡山県,和気郡,日生町,409
1985,33344,岡山県,和気郡,吉永町,409
1985,33345,岡山県,和気郡,佐伯町,409
1985,33346,岡山県,和気郡,和気町,409
1985,33361,岡山県,邑久郡,牛窓町,409
1985,33362,岡山県,邑久郡,邑久町,409
1985,33363,岡山県,邑久郡,長船町,409
1985,33401,岡山県,児島郡,灘崎町,412
1985,33423,岡山県,都窪郡,早島町,409
1985,33427,岡山県,都窪郡,山手村,410
1985,33428,岡山県,都窪郡,清音村,410
1985,33441,岡山県,浅口郡,船穂町,410
1985,33442,岡山県,浅口郡,金光町,410
1985,33443,岡山県,浅口郡,鴨方町,410
1985,33444,岡山県,浅口郡,寄島町,410
1985,33445,岡山県,浅口郡,里庄町,410
1985,33461,岡山県,小田郡,矢掛町,413
1985,33462,岡山県,小田郡,美星町,413
1985,33481,岡山県,後月郡,芳井町,413
1985,33503,岡山県,吉備郡,真備町,410
1985,33521,岡山県,上房郡,有漢町,414
1985,33522,岡山県,上房郡,北房町,419
1985,33523,岡山県,上房郡,賀陽町,417
1985,33541,岡山県,川上郡,成羽町,414
1985,33542,岡山県,川上郡,川上町,414
1985,33543,岡山県,川上郡,備中町,414
1985,33561,岡山県,阿哲郡,大佐町,415
1985,33562,岡山県,阿哲郡,神郷町,415
1985,33563,岡山県,阿哲郡,哲多町,415
1985,33564,岡山県,阿哲郡,哲西町,415
1985,33581,岡山県,真庭郡,勝山町,419
1985,33582,岡山県,真庭郡,落合町,419
1985,33583,岡山県,真庭郡,湯原町,420
1985,33584,岡山県,真庭郡,久世町,419
1985,33585,岡山県,真庭郡,美甘村,419
1985,33586,岡山県,真庭郡,新庄村,419
1985,33587,岡山県,真庭郡,川上村,420
1985,33588,岡山県,真庭郡,八束村,420
1985,33589,岡山県,真庭郡,中和村,420
1985,33601,岡山県,苫田郡,加茂町,411
1985,33602,岡山県,苫田郡,富村,419
1985,33603,岡山県,苫田郡,奥津町,411
1985,33604,岡山県,苫田郡,上齋原村,411
1985,33605,岡山県,苫田郡,阿波村,411
1985,33606,岡山県,苫田郡,鏡野町,411
1985,33621,岡山県,勝田郡,勝田町,418
1985,33622,岡山県,勝田郡,勝央町,418
1985,33623,岡山県,勝田郡,奈義町,411
1985,33624,岡山県,勝田郡,勝北町,411
1985,33641,岡山県,英田郡,大原町,421
1985,33642,岡山県,英田郡,東粟倉村,421
1985,33643,岡山県,英田郡,西粟倉村,421
1985,33644,岡山県,英田郡,美作町,418
1985,33645,岡山県,英田郡,作東町,418
1985,33646,岡山県,英田郡,英田町,418
1985,33661,岡山県,久米郡,中央町,411
1985,33662,岡山県,久米郡,旭町,422
1985,33663,岡山県,久米郡,久米南町,416
1985,33664,岡山県,久米郡,久米町,411
1985,33665,岡山県,久米郡,柵原町,418
1985,34100,広島県,,広島市,423
1985,34202,広島県,,呉市,424
1985,34203,広島県,,竹原市,425
1985,34204,広島県,,三原市,425
1985,34205,広島県,,尾道市,426
1985,34206,広島県,,因島市,597
1985,34207,広島県,,福山市,426
1985,34208,広島県,,府中市,426
1985,34209,広島県,,三次市,427
1985,34210,広島県,,庄原市,427
1985,34211,広島県,,大竹市,428
1985,34212,広島県,,東広島市,429
1985,34302,広島県,安芸郡,府中町,423
1985,34304,広島県,安芸郡,海田町,423
1985,34307,広島県,安芸郡,熊野町,423
1985,34309,広島県,安芸郡,坂町,423
1985,34310,広島県,安芸郡,江田島町,430
1985,34311,広島県,安芸郡,音戸町,424
1985,34312,広島県,安芸郡,倉橋町,424
1985,34313,広島県,安芸郡,下蒲刈町,599
1985,34314,広島県,安芸郡,蒲刈町,600
1985,34322,広島県,佐伯郡,廿日市町,423
1985,34323,広島県,佐伯郡,大野町,423
1985,34324,広島県,佐伯郡,湯来町,423
1985,34325,広島県,佐伯郡,佐伯町,423
1985,34326,広島県,佐伯郡,吉和村,423
1985,34327,広島県,佐伯郡,宮島町,601
1985,34328,広島県,佐伯郡,能美町,430
1985,34329,広島県,佐伯郡,沖美町,430
1985,34330,広島県,佐伯郡,大柿町,430
1985,34361,広島県,山県郡,加計町,431
1985,34362,広島県,山県郡,筒賀村,431
1985,34363,広島県,山県郡,戸河内町,431
1985,34364,広島県,山県郡,芸北町,432
1985,34365,広島県,山県郡,大朝町,433
1985,34366,広島県,山県郡,千代田町,433
1985,34367,広島県,山県郡,豊平町,433
1985,34381,広島県,高田郡,吉田町,434
1985,34382,広島県,高田郡,八千代町,434
1985,34383,広島県,高田郡,美土里町,434
1985,34384,広島県,高田郡,高宮町,434
1985,34385,広島県,高田郡,甲田町,434
1985,34386,広島県,高田郡,向原町,434
1985,34402,広島県,賀茂郡,黒瀬町,424
1985,34405,広島県,賀茂郡,福富町,429
1985,34406,広島県,賀茂郡,豊栄町,429
1985,34407,広島県,賀茂郡,大和町,429
1985,34408,広島県,賀茂郡,河内町,429
1985,34421,広島県,豊田郡,本郷町,425
1985,34422,広島県,豊田郡,安芸津町,425
1985,34423,広島県,豊田郡,安浦町,424
1985,34424,広島県,豊田郡,川尻町,424
1985,34425,広島県,豊田郡,豊浜町,602
1985,34426,広島県,豊田郡,豊町,602
1985,34427,広島県,豊田郡,大崎町,603
1985,34428,広島県,豊田郡,東野町,603
1985,34429,広島県,豊田郡,木江町,603
1985,34430,広島県,豊田郡,瀬戸田町,597
1985,34441,広島県,御調郡,御調町,426
1985,34442,広島県,御調郡,久井町,425
1985,34444,広島県,御調郡,向島町,426
1985,34461,広島県,世羅郡,甲山町,435
1985,34462,広島県,世羅郡,世羅町,435
1985,34463,広島県,世羅郡,世羅西町,435
1985,34481,広島県,沼隈郡,内海町,604
1985,34482,広島県,沼隈郡,沼隈町,426
1985,34501,広島県,深安郡,神辺町,426
1985,34524,広島県,芦品郡,新市町,426
1985,34541,広島県,神石郡,油木町,436
1985,34542,広島県,神石郡,神石町,437
1985,34543,広島県,神石郡,豊松村,436
1985,34544,広島県,神石郡,三和町,436
1985,34561,広島県,甲奴郡,上下町,438
1985,34562,広島県,甲奴郡,総領町,438
1985,34563,広島県,甲奴郡,甲奴町,438
1985,34581,広島県,双三郡,君田村,427
1985,34582,広島県,双三郡,布野村,427
1985,34583,広島県,双三郡,作木村,405
1985,34584,広島県,双三郡,吉舎町,427
1985,34585,広島県,双三郡,三良坂町,427
1985,34586,広島県,双三郡,三和町,439
1985,34601,広島県,比婆郡,西城町,427
1985,34602,広島県,比婆郡,東城町,415
1985,34603,広島県,比婆郡,口和町,427
1985,34604,広島県,比婆郡,高野町,440
1985,34605,広島県,比婆郡,比和町,427
1985,35201,山口県,,下関市,441
1985,35202,山口県,,宇部市,442
1985,35203,山口県,,山口市,443
1985,35204,山口県,,萩市,444
1985,35205,山口県,,徳山市,445
1985,35206,山口県,,防府市,443
1985,35207,山口県,,下松市,445
1985,35208,山口県,,岩国市,428
1985,35209,山口県,,小野田市,442
1985,35210,山口県,,光市,445
1985,35211,山口県,,長門市,446
1985,35212,山口県,,柳井市,445
1985,35213,山口県,,美祢市,447
1985,35214,山口県,,新南陽市,445
1985,35301,山口県,大島郡,久賀町,448
1985,35302,山口県,大島郡,大島町,448
1985,35303,山口県,大島郡,東和町,448
1985,35304,山口県,大島郡,橘町,448
1985,35321,山口県,玖珂郡,和木町,428
1985,35322,山口県,玖珂郡,由宇町,428
1985,35323,山口県,玖珂郡,玖珂町,428
1985,35324,山口県,玖珂郡,本郷村,428
1985,35325,山口県,玖珂郡,周東町,428
1985,35326,山口県,玖珂郡,錦町,428
1985,35327,山口県,玖珂郡,大畠町,445
1985,35328,山口県,玖珂郡,美川町,428
1985,35329,山口県,玖珂郡,美和町,428
1985,35341,山口県,熊毛郡,上関町,445
1985,35342,山口県,熊毛郡,大和町,445
1985,35343,山口県,熊毛郡,田布施町,445
1985,35344,山口県,熊毛郡,平生町,445
1985,35345,山口県,熊毛郡,熊毛町,445
1985,35361,山口県,都濃郡,鹿野町,445
1985,35381,山口県,佐波郡,徳地町,443
1985,35401,山口県,吉敷郡,秋穂町,443
1985,35402,山口県,吉敷郡,小郡町,443
1985,35403,山口県,吉敷郡,阿知須町,442
1985,35421,山口県,厚狭郡,楠町,442
1985,35422,山口県,厚狭郡,山陽町,442
1985,35441,山口県,豊浦郡,菊川町,441
1985,35442,山口県,豊浦郡,豊田町,441
1985,35443,山口県,豊浦郡,豊浦町,441
1985,35444,山口県,豊浦郡,豊北町,441
1985,35461,山口県,美祢郡,美東町,447
1985,35462,山口県,美祢郡,秋芳町,447
1985,35481,山口県,大津郡,三隅町,446
1985,35482,山口県,大津郡,日置町,446
1985,35483,山口県,大津郡,油谷町,446
1985,35501,山口県,阿武郡,川上村,444
1985,35502,山口県,阿武郡,阿武町,444
1985,35503,山口県,阿武郡,田万川町,398
1985,35504,山口県,阿武郡,阿東町,443
1985,35505,山口県,阿武郡,むつみ村,449
1985,35506,山口県,阿武郡,須佐町,398
1985,35507,山口県,阿武郡,旭村,444
1985,35508,山口県,阿武郡,福栄村,444
1985,36201,徳島県,,徳島市,450
1985,36202,徳島県,,鳴門市,450
1985,36203,徳島県,,小松島市,451
1985,36204,徳島県,,阿南市,451
1985,36301,徳島県,勝浦郡,勝浦町,452
1985,36302,徳島県,勝浦郡,上勝町,452
1985,36321,徳島県,名東郡,佐那河内村,450
1985,36341,徳島県,名西郡,石井町,450
1985,36342,徳島県,名西郡,神山町,453
1985,36361,徳島県,那賀郡,那賀川町,451
1985,36362,徳島県,那賀郡,羽ノ浦町,451
1985,36363,徳島県,那賀郡,鷲敷町,451
1985,36364,徳島県,那賀郡,相生町,451
1985,36365,徳島県,那賀郡,上那賀町,454
1985,36366,徳島県,那賀郡,木沢村,454
1985,36367,徳島県,那賀郡,木頭村,454
1985,36381,徳島県,海部郡,由岐町,455
1985,36382,徳島県,海部郡,日和佐町,455
1985,36383,徳島県,海部郡,牟岐町,455
1985,36384,徳島県,海部郡,海南町,455
1985,36385,徳島県,海部郡,海部町,455
1985,36386,徳島県,海部郡,宍喰町,455
1985,36401,徳島県,板野郡,松茂町,450
1985,36402,徳島県,板野郡,北島町,450
1985,36403,徳島県,板野郡,藍住町,450
1985,36404,徳島県,板野郡,板野町,450
1985,36405,徳島県,板野郡,上板町,450
1985,36406,徳島県,板野郡,吉野町,450
1985,36407,徳島県,板野郡,土成町,450
1985,36421,徳島県,阿波郡,市場町,450
1985,36422,徳島県,阿波郡,阿波町,450
1985,36441,徳島県,麻植郡,鴨島町,450
1985,36442,徳島県,麻植郡,川島町,450
1985,36443,徳島県,麻植郡,山川町,450
1985,36444,徳島県,麻植郡,美郷村,450
1985,36461,徳島県,美馬郡,脇町,456
1985,36462,徳島県,美馬郡,美馬町,456
1985,36463,徳島県,美馬郡,半田町,456
1985,36464,徳島県,美馬郡,貞光町,456
1985,36465,徳島県,美馬郡,一宇村,457
1985,36466,徳島県,美馬郡,穴吹町,456
1985,36467,徳島県,美馬郡,木屋平村,458
1985,36481,徳島県,三好郡,三野町,459
1985,36482,徳島県,三好郡,三好町,459
1985,36483,徳島県,三好郡,池田町,459
1985,36484,徳島県,三好郡,山城町,459
1985,36485,徳島県,三好郡,井川町,459
1985,36486,徳島県,三好郡,三加茂町,459
1985,36487,徳島県,三好郡,東祖谷山村,460
1985,36488,徳島県,三好郡,西祖谷山村,459
1985,37201,香川県,,高松市,461
1985,37202,香川県,,丸亀市,462
1985,37203,香川県,,坂出市,462
1985,37204,香川県,,善通寺市,462
1985,37205,香川県,,観音寺市,463
1985,37301,香川県,大川郡,引田町,464
1985,37302,香川県,大川郡,白鳥町,464
1985,37303,香川県,大川郡,大内町,464
1985,37304,香川県,大川郡,津田町,461
1985,37305,香川県,大川郡,大川町,461
1985,37306,香川県,大川郡,志度町,461
1985,37307,香川県,大川郡,寒川町,461
1985,37308,香川県,大川郡,長尾町,461
1985,37321,香川県,小豆郡,内海町,605
1985,37322,香川県,小豆郡,土庄町,605
1985,37323,香川県,小豆郡,池田町,605
1985,37341,香川県,木田郡,三木町,461
1985,37342,香川県,木田郡,牟礼町,461
1985,37343,香川県,木田郡,庵治町,461
1985,37361,香川県,香川郡,塩江町,461
1985,37362,香川県,香川郡,香川町,461
1985,37363,香川県,香川郡,香南町,461
1985,37364,香川県,香川郡,直島町,606
1985,37381,香川県,綾歌郡,綾上町,461
1985,37382,香川県,綾歌郡,綾南町,461
1985,37383,香川県,綾歌郡,国分寺町,461
1985,37384,香川県,綾歌郡,綾歌町,462
1985,37385,香川県,綾歌郡,飯山町,462
1985,37386,香川県,綾歌郡,宇多津町,462
1985,37401,香川県,仲多度郡,琴南町,462
1985,37402,香川県,仲多度郡,満濃町,462
1985,37403,香川県,仲多度郡,琴平町,462
1985,37404,香川県,仲多度郡,多度津町,462
1985,37405,香川県,仲多度郡,仲南町,462
1985,37421,香川県,三豊郡,高瀬町,463
1985,37422,香川県,三豊郡,山本町,463
1985,37423,香川県,三豊郡,三野町,463
1985,37424,香川県,三豊郡,大野原町,463
1985,37425,香川県,三豊郡,豊中町,463
1985,37426,香川県,三豊郡,詫間町,463
1985,37427,香川県,三豊郡,仁尾町,463
1985,37428,香川県,三豊郡,豊浜町,463
1985,37429,香川県,三豊郡,財田町,463
1985,38201,愛媛県,,松山市,465
1985,38202,愛媛県,,今治市,466
1985,38203,愛媛県,,宇和島市,467
1985,38204,愛媛県,,八幡浜市,468
1985,38205,愛媛県,,新居浜市,469
1985,38206,愛媛県,,西条市,469
1985,38207,愛媛県,,大洲市,470
1985,38208,愛媛県,,川之江市,469
1985,38209,愛媛県,,伊予三島市,469
1985,38210,愛媛県,,伊予市,465
1985,38211,愛媛県,,北条市,465
1985,38212,愛媛県,,東予市,469
1985,38301,愛媛県,宇摩郡,新宮村,469
1985,38302,愛媛県,宇摩郡,土居町,469
1985,38303,愛媛県,宇摩郡,別子山村,471
1985,38321,愛媛県,周桑郡,小松町,469
1985,38323,愛媛県,周桑郡,丹原町,469
1985,38341,愛媛県,越智郡,朝倉村,466
1985,38342,愛媛県,越智郡,玉川町,466
1985,38343,愛媛県,越智郡,波方町,466
1985,38344,愛媛県,越智郡,大西町,466
1985,38345,愛媛県,越智郡,菊間町,466
1985,38346,愛媛県,越智郡,吉海町,607
1985,38347,愛媛県,越智郡,宮窪町,607
1985,38348,愛媛県,越智郡,伯方町,608
1985,38349,愛媛県,越智郡,魚島村,609
1985,38350,愛媛県,越智郡,弓削町,610
1985,38351,愛媛県,越智郡,生名村,611
1985,38352,愛媛県,越智郡,岩城村,612
1985,38353,愛媛県,越智郡,上浦町,598
1985,38354,愛媛県,越智郡,大三島町,598
1985,38355,愛媛県,越智郡,関前村,613
1985,38361,愛媛県,温泉郡,重信町,465
1985,38362,愛媛県,温泉郡,川内町,465
1985,38363,愛媛県,温泉郡,中島町,614
1985,38381,愛媛県,上浮穴郡,久万町,472
1985,38382,愛媛県,上浮穴郡,面河村,472
1985,38383,愛媛県,上浮穴郡,美川村,472
1985,38384,愛媛県,上浮穴郡,柳谷村,472
1985,38385,愛媛県,上浮穴郡,小田町,473
1985,38401,愛媛県,伊予郡,松前町,465
1985,38402,愛媛県,伊予郡,砥部町,465
1985,38403,愛媛県,伊予郡,広田村,473
1985,38404,愛媛県,伊予郡,中山町,465
1985,38405,愛媛県,伊予郡,双海町,465
1985,38421,愛媛県,喜多郡,長浜町,470
1985,38422,愛媛県,喜多郡,内子町,470
1985,38423,愛媛県,喜多郡,五十崎町,470
1985,38424,愛媛県,喜多郡,肱川町,470
1985,38425,愛媛県,喜多郡,河辺村,470
1985,38441,愛媛県,西宇和郡,保内町,468
1985,38442,愛媛県,西宇和郡,伊方町,468
1985,38443,愛媛県,西宇和郡,瀬戸町,474
1985,38444,愛媛県,西宇和郡,三崎町,474
1985,38445,愛媛県,西宇和郡,三瓶町,468
1985,38461,愛媛県,東宇和郡,明浜町,475
1985,38462,愛媛県,東宇和郡,宇和町,475
1985,38463,愛媛県,東宇和郡,野村町,476
1985,38464,愛媛県,東宇和郡,城川町,476
1985,38481,愛媛県,北宇和郡,吉田町,467
1985,38482,愛媛県,北宇和郡,三間町,467
1985,38483,愛媛県,北宇和郡,広見町,467
1985,38484,愛媛県,北宇和郡,松野町,467
1985,38485,愛媛県,北宇和郡,日吉村,467
1985,38486,愛媛県,北宇和郡,津島町,477
1985,38501,愛媛県,南宇和郡,内海村,477
1985,38502,愛媛県,南宇和郡,御荘町,478
1985,38503,愛媛県,南宇和郡,城辺町,478
1985,38504,愛媛県,南宇和郡,一本松町,478
1985,38505,愛媛県,南宇和郡,西海町,478
1985,39201,高知県,,高知市,479
1985,39202,高知県,,室戸市,480
1985,39203,高知県,,安芸市,481
1985,39204,高知県,,南国市,479
1985,39205,高知県,,土佐市,479
1985,39206,高知県,,須崎市,482
1985,39207,高知県,,中村市,483
1985,39208,高知県,,宿毛市,483
1985,39209,高知県,,土佐清水市,484
1985,39301,高知県,安芸郡,東洋町,480
1985,39302,高知県,安芸郡,奈半利町,481
1985,39303,高知県,安芸郡,田野町,481
1985,39304,高知県,安芸郡,安田町,481
1985,39305,高知県,安芸郡,北川村,481
1985,39306,高知県,安芸郡,馬路村,481
1985,39307,高知県,安芸郡,芸西村,481
1985,39321,高知県,香美郡,赤岡町,479
1985,39322,高知県,香美郡,香我美町,479
1985,39323,高知県,香美郡,土佐山田町,479
1985,39324,高知県,香美郡,野市町,479
1985,39325,高知県,香美郡,夜須町,479
1985,39326,高知県,香美郡,香北町,479
1985,39327,高知県,香美郡,吉川村,479
1985,39328,高知県,香美郡,物部村,479
1985,39341,高知県,長岡郡,本山町,485
1985,39344,高知県,長岡郡,大豊町,485
1985,39361,高知県,土佐郡,鏡村,479
1985,39362,高知県,土佐郡,土佐山村,479
1985,39363,高知県,土佐郡,土佐町,485
1985,39364,高知県,土佐郡,大川村,485
1985,39365,高知県,土佐郡,本川村,486
1985,39381,高知県,吾川郡,伊野町,479
1985,39382,高知県,吾川郡,池川町,487
1985,39383,高知県,吾川郡,春野町,479
1985,39384,高知県,吾川郡,吾川村,487
1985,39385,高知県,吾川郡,吾北村,486
1985,39401,高知県,高岡郡,中土佐町,482
1985,39402,高知県,高岡郡,佐川町,487
1985,39403,高知県,高岡郡,越知町,487
1985,39404,高知県,高岡郡,窪川町,488
1985,39405,高知県,高岡郡,檮原町,489
1985,39406,高知県,高岡郡,大野見村,482
1985,39407,高知県,高岡郡,東津野村,489
1985,39408,高知県,高岡郡,葉山村,482
1985,39409,高知県,高岡郡,仁淀村,487
1985,39410,高知県,高岡郡,日高村,479
1985,39421,高知県,幡多郡,佐賀町,483
1985,39422,高知県,幡多郡,大正町,488
1985,39423,高知県,幡多郡,大方町,483
1985,39424,高知県,幡多郡,大月町,483
1985,39425,高知県,幡多郡,十和村,488
1985,39426,高知県,幡多郡,西土佐村,490
1985,39427,高知県,幡多郡,三原村,483
1985,40100,福岡県,,北九州市,491
1985,40130,福岡県,,福岡市,492
1985,40202,福岡県,,大牟田市,493
1985,40203,福岡県,,久留米市,494
1985,40204,福岡県,,直方市,495
1985,40205,福岡県,,飯塚市,496
1985,40206,福岡県,,田川市,497
1985,40207,福岡県,,柳川市,498
1985,40208,福岡県,,山田市,496
1985,40209,福岡県,,甘木市,499
1985,40210,福岡県,,八女市,500
1985,40211,福岡県,,筑後市,494
1985,40212,福岡県,,大川市,494
1985,40213,福岡県,,行橋市,491
1985,40214,福岡県,,豊前市,501
1985,40215,福岡県,,中間市,491
1985,40216,福岡県,,小郡市,499
1985,40217,福岡県,,筑紫野市,492
1985,40218,福岡県,,春日市,492
1985,40219,福岡県,,大野城市,492
1985,40220,福岡県,,宗像市,492
1985,40221,福岡県,,太宰府市,492
1985,40305,福岡県,筑紫郡,那珂川町,492
1985,40341,福岡県,糟屋郡,宇美町,492
1985,40342,福岡県,糟屋郡,篠栗町,492
1985,40343,福岡県,糟屋郡,志免町,492
1985,40344,福岡県,糟屋郡,須恵町,492
1985,40345,福岡県,糟屋郡,新宮町,492
1985,40347,福岡県,糟屋郡,古賀町,492
1985,40348,福岡県,糟屋郡,久山町,492
1985,40349,福岡県,糟屋郡,粕屋町,492
1985,40362,福岡県,宗像郡,福間町,492
1985,40363,福岡県,宗像郡,津屋崎町,492
1985,40364,福岡県,宗像郡,玄海町,492
1985,40365,福岡県,宗像郡,大島村,615
1985,40381,福岡県,遠賀郡,芦屋町,491
1985,40382,福岡県,遠賀郡,水巻町,491
1985,40383,福岡県,遠賀郡,岡垣町,491
1985,40384,福岡県,遠賀郡,遠賀町,491
1985,40401,福岡県,鞍手郡,小竹町,495
1985,40402,福岡県,鞍手郡,鞍手町,491
1985,40403,福岡県,鞍手郡,宮田町,495
1985,40404,福岡県,鞍手郡,若宮町,495
1985,40421,福岡県,嘉穂郡,桂川町,496
1985,40422,福岡県,嘉穂郡,稲築町,496
1985,40423,福岡県,嘉穂郡,碓井町,496
1985,40424,福岡県,嘉穂郡,嘉穂町,496
1985,40425,福岡県,嘉穂郡,筑穂町,496
1985,40426,福岡県,嘉穂郡,穂波町,496
1985,40427,福岡県,嘉穂郡,庄内町,496
1985,40428,福岡県,嘉穂郡,頴田町,496
1985,40441,福岡県,朝倉郡,杷木町,502
1985,40442,福岡県,朝倉郡,朝倉町,499
1985,40443,福岡県,朝倉郡,三輪町,499
1985,40444,福岡県,朝倉郡,夜須町,492
1985,40445,福岡県,朝倉郡,小石原村,502
1985,40446,福岡県,朝倉郡,宝珠山村,502
1985,40461,福岡県,糸島郡,前原町,492
1985,40462,福岡県,糸島郡,二丈町,492
1985,40463,福岡県,糸島郡,志摩町,492
1985,40481,福岡県,浮羽郡,吉井町,502
1985,40482,福岡県,浮羽郡,田主丸町,502
1985,40483,福岡県,浮羽郡,浮羽町,502
1985,40501,福岡県,三井郡,北野町,494
1985,40503,福岡県,三井郡,大刀洗町,499
1985,40521,福岡県,三潴郡,城島町,494
1985,40522,福岡県,三潴郡,大木町,494
1985,40523,福岡県,三潴郡,三潴町,494
1985,40541,福岡県,八女郡,黒木町,500
1985,40542,福岡県,八女郡,上陽町,500
1985,40543,福岡県,八女郡,立花町,500
1985,40544,福岡県,八女郡,広川町,494
1985,40545,福岡県,八女郡,矢部村,500
1985,40546,福岡県,八女郡,星野村,500
1985,40561,福岡県,山門郡,瀬高町,498
1985,40562,福岡県,山門郡,大和町,498
1985,40563,福岡県,山門郡,三橋町,498
1985,40564,福岡県,山門郡,山川町,498
1985,40581,福岡県,三池郡,高田町,493
1985,40601,福岡県,田川郡,香春町,497
1985,40602,福岡県,田川郡,添田町,497
1985,40603,福岡県,田川郡,金田町,497
1985,40604,福岡県,田川郡,糸田町,497
1985,40605,福岡県,田川郡,川崎町,497
1985,40606,福岡県,田川郡,赤池町,497
1985,40607,福岡県,田川郡,方城町,497
1985,40608,福岡県,田川郡,大任町,497
1985,40609,福岡県,田川郡,赤村,497
1985,40621,福岡県,京都郡,苅田町,491
1985,40622,福岡県,京都郡,犀川町,491
1985,40623,福岡県,京都郡,勝山町,491
1985,40624,福岡県,京都郡,豊津町,491
1985,40641,福岡県,築上郡,椎田町,491
1985,40642,福岡県,築上郡,吉富町,501
1985,40643,福岡県,築上郡,築城町,491
1985,40644,福岡県,築上郡,新吉富村,501
1985,40645,福岡県,築上郡,大平村,501
1985,41201,佐賀県,,佐賀市,503
1985,41202,佐賀県,,唐津市,504
1985,41203,佐賀県,,鳥栖市,505
1985,41204,佐賀県,,多久市,503
1985,41205,佐賀県,,伊万里市,506
1985,41206,佐賀県,,武雄市,506
1985,41207,佐賀県,,鹿島市,507
1985,41301,佐賀県,佐賀郡,諸富町,494
1985,41302,佐賀県,佐賀郡,川副町,503
1985,41303,佐賀県,佐賀郡,東与賀町,503
1985,41304,佐賀県,佐賀郡,久保田町,503
1985,41305,佐賀県,佐賀郡,大和町,503
1985,41306,佐賀県,佐賀郡,富士町,508
1985,41321,佐賀県,神埼郡,神埼町,505
1985,41322,佐賀県,神埼郡,千代田町,503
1985,41323,佐賀県,神埼郡,三田川町,505
1985,41324,佐賀県,神埼郡,東脊振村,505
1985,41325,佐賀県,神埼郡,脊振村,505
1985,41326,佐賀県,神埼郡,三瀬村,508
1985,41341,佐賀県,三養基郡,基山町,505
1985,41342,佐賀県,三養基郡,中原町,505
1985,41343,佐賀県,三養基郡,北茂安町,494
1985,41344,佐賀県,三養基郡,三根町,494
1985,41345,佐賀県,三養基郡,上峰村,505
1985,41361,佐賀県,小城郡,小城町,503
1985,41362,佐賀県,小城郡,三日月町,503
1985,41363,佐賀県,小城郡,牛津町,503
1985,41364,佐賀県,小城郡,芦刈町,503
1985,41381,佐賀県,東松浦郡,浜玉町,504
1985,41382,佐賀県,東松浦郡,七山村,504
1985,41383,佐賀県,東松浦郡,厳木町,503
1985,41384,佐賀県,東松浦郡,相知町,504
1985,41385,佐賀県,東松浦郡,北波多村,504
1985,41386,佐賀県,東松浦郡,肥前町,504
1985,41387,佐賀県,東松浦郡,玄海町,504
1985,41388,佐賀県,東松浦郡,鎮西町,504
1985,41389,佐賀県,東松浦郡,呼子町,504
1985,41401,佐賀県,西松浦郡,有田町,506
1985,41402,佐賀県,西松浦郡,西有田町,506
1985,41421,佐賀県,杵島郡,山内町,506
1985,41422,佐賀県,杵島郡,北方町,506
1985,41423,佐賀県,杵島郡,大町町,506
1985,41424,佐賀県,杵島郡,江北町,506
1985,41425,佐賀県,杵島郡,白石町,509
1985,41426,佐賀県,杵島郡,福富町,509
1985,41427,佐賀県,杵島郡,有明町,509
1985,41441,佐賀県,藤津郡,太良町,507
1985,41442,佐賀県,藤津郡,塩田町,507
1985,41443,佐賀県,藤津郡,嬉野町,507
1985,42201,長崎県,,長崎市,510
1985,42202,長崎県,,佐世保市,511
1985,42203,長崎県,,島原市,512
1985,42204,長崎県,,諫早市,513
1985,42205,長崎県,,大村市,514
1985,42206,長崎県,,福江市,616
1985,42207,長崎県,,平戸市,617
1985,42208,長崎県,,松浦市,511
1985,42301,長崎県,西彼杵郡,香焼町,510
1985,42302,長崎県,西彼杵郡,伊王島町,618
1985,42303,長崎県,西彼杵郡,高島町,619
1985,42304,長崎県,西彼杵郡,野母崎町,510
1985,42305,長崎県,西彼杵郡,三和町,510
1985,42306,長崎県,西彼杵郡,多良見町,510
1985,42307,長崎県,西彼杵郡,長与町,510
1985,42308,長崎県,西彼杵郡,時津町,510
1985,42309,長崎県,西彼杵郡,琴海町,510
1985,42310,長崎県,西彼杵郡,西彼町,515
1985,42311,長崎県,西彼杵郡,西海町,515
1985,42312,長崎県,西彼杵郡,大島町,620
1985,42313,長崎県,西彼杵郡,崎戸町,621
1985,42314,長崎県,西彼杵郡,大瀬戸町,516
1985,42315,長崎県,西彼杵郡,外海町,516
1985,42321,長崎県,東彼杵郡,東彼杵町,514
1985,42322,長崎県,東彼杵郡,川棚町,514
1985,42323,長崎県,東彼杵郡,波佐見町,514
1985,42341,長崎県,北高来郡,森山町,513
1985,42342,長崎県,北高来郡,飯盛町,513
1985,42343,長崎県,北高来郡,高来町,513
1985,42344,長崎県,北高来郡,小長井町,513
1985,42361,長崎県,南高来郡,有明町,512
1985,42362,長崎県,南高来郡,国見町,512
1985,42363,長崎県,南高来郡,瑞穂町,512
1985,42364,長崎県,南高来郡,吾妻町,513
1985,42365,長崎県,南高来郡,愛野町,513
1985,42366,長崎県,南高来郡,千々石町,517
1985,42367,長崎県,南高来郡,小浜町,517
1985,42368,長崎県,南高来郡,南串山町,517
1985,42369,長崎県,南高来郡,加津佐町,518
1985,42370,長崎県,南高来郡,口之津町,518
1985,42371,長崎県,南高来郡,南有馬町,518
1985,42372,長崎県,南高来郡,北有馬町,518
1985,42373,長崎県,南高来郡,西有家町,518
1985,42374,長崎県,南高来郡,有家町,518
1985,42375,長崎県,南高来郡,布津町,512
1985,42376,長崎県,南高来郡,深江町,512
1985,42381,長崎県,北松浦郡,大島村,622
1985,42382,長崎県,北松浦郡,生月町,623
1985,42383,長崎県,北松浦郡,小値賀町,624
1985,42384,長崎県,北松浦郡,宇久町,625
1985,42385,長崎県,北松浦郡,田平町,511
1985,42386,長崎県,北松浦郡,福島町,626
1985,42387,長崎県,北松浦郡,鷹島町,627
1985,42388,長崎県,北松浦郡,江迎町,511
1985,42389,長崎県,北松浦郡,鹿町町,511
1985,42390,長崎県,北松浦郡,小佐々町,511
1985,42391,長崎県,北松浦郡,佐々町,511
1985,42392,長崎県,北松浦郡,吉井町,511
1985,42393,長崎県,北松浦郡,世知原町,511
1985,42401,長崎県,南松浦郡,富江町,616
1985,42402,長崎県,南松浦郡,玉之浦町,616
1985,42403,長崎県,南松浦郡,三井楽町,616
1985,42404,長崎県,南松浦郡,岐宿町,616
1985,42405,長崎県,南松浦郡,奈留町,628
1985,42406,長崎県,南松浦郡,若松町,629
1985,42407,長崎県,南松浦郡,上五島町,629
1985,42408,長崎県,南松浦郡,新魚目町,629
1985,42409,長崎県,南松浦郡,有川町,629
1985,42410,長崎県,南松浦郡,奈良尾町,629
1985,42421,長崎県,壱岐郡,郷ノ浦町,630
1985,42422,長崎県,壱岐郡,勝本町,630
1985,42423,長崎県,壱岐郡,芦辺町,630
1985,42424,長崎県,壱岐郡,石田町,630
1985,42441,長崎県,対馬支庁,厳原町,631
1985,42442,長崎県,対馬支庁,美津島町,631
1985,42443,長崎県,対馬支庁,豊玉町,631
1985,42444,長崎県,対馬支庁,峰町,631
1985,42445,長崎県,対馬支庁,上県町,632
1985,42446,長崎県,対馬支庁,上対馬町,632
1985,43201,熊本県,,熊本市,519
1985,43202,熊本県,,八代市,520
1985,43203,熊本県,,人吉市,521
1985,43204,熊本県,,荒尾市,493
1985,43205,熊本県,,水俣市,522
1985,43206,熊本県,,玉名市,493
1985,43207,熊本県,,本渡市,633
1985,43208,熊本県,,山鹿市,523
1985,43209,熊本県,,牛深市,634
1985,43210,熊本県,,菊池市,519
1985,43211,熊本県,,宇土市,524
1985,43301,熊本県,飽託郡,北部町,519
1985,43302,熊本県,飽託郡,河内町,525
1985,43303,熊本県,飽託郡,飽田町,519
1985,43304,熊本県,飽託郡,天明町,519
1985,43321,熊本県,宇土郡,三角町,526
1985,43322,熊本県,宇土郡,不知火町,524
1985,43341,熊本県,下益城郡,城南町,519
1985,43342,熊本県,下益城郡,富合町,524
1985,43343,熊本県,下益城郡,松橋町,524
1985,43344,熊本県,下益城郡,小川町,524
1985,43345,熊本県,下益城郡,豊野村,524
1985,43346,熊本県,下益城郡,中央町,527
1985,43347,熊本県,下益城郡,砥用町,527
1985,43361,熊本県,玉名郡,岱明町,493
1985,43362,熊本県,玉名郡,横島町,493
1985,43363,熊本県,玉名郡,天水町,528
1985,43364,熊本県,玉名郡,玉東町,493
1985,43365,熊本県,玉名郡,菊水町,493
1985,43366,熊本県,玉名郡,三加和町,493
1985,43367,熊本県,玉名郡,南関町,493
1985,43368,熊本県,玉名郡,長洲町,493
1985,43381,熊本県,鹿本郡,鹿北町,523
1985,43382,熊本県,鹿本郡,菊鹿町,523
1985,43383,熊本県,鹿本郡,鹿本町,523
1985,43384,熊本県,鹿本郡,鹿央町,523
1985,43385,熊本県,鹿本郡,植木町,523
1985,43401,熊本県,菊池郡,七城町,519
1985,43402,熊本県,菊池郡,旭志村,519
1985,43403,熊本県,菊池郡,大津町,519
1985,43404,熊本県,菊池郡,菊陽町,519
1985,43405,熊本県,菊池郡,合志町,519
1985,43406,熊本県,菊池郡,泗水町,519
1985,43407,熊本県,菊池郡,西合志町,519
1985,43421,熊本県,阿蘇郡,一の宮町,529
1985,43422,熊本県,阿蘇郡,阿蘇町,529
1985,43423,熊本県,阿蘇郡,南小国町,530
1985,43424,熊本県,阿蘇郡,小国町,530
1985,43425,熊本県,阿蘇郡,産山村,529
1985,43426,熊本県,阿蘇郡,波野村,529
1985,43427,熊本県,阿蘇郡,蘇陽町,531
1985,43428,熊本県,阿蘇郡,高森町,532
1985,43429,熊本県,阿蘇郡,白水村,532
1985,43430,熊本県,阿蘇郡,久木野村,532
1985,43431,熊本県,阿蘇郡,長陽村,532
1985,43432,熊本県,阿蘇郡,西原村,519
1985,43441,熊本県,上益城郡,御船町,519
1985,43442,熊本県,上益城郡,嘉島町,519
1985,43443,熊本県,上益城郡,益城町,519
1985,43444,熊本県,上益城郡,甲佐町,519
1985,43445,熊本県,上益城郡,矢部町,533
1985,43446,熊本県,上益城郡,清和村,533
1985,43461,熊本県,八代郡,坂本村,520
1985,43462,熊本県,八代郡,千丁町,520
1985,43463,熊本県,八代郡,鏡町,520
1985,43464,熊本県,八代郡,竜北町,520
1985,43465,熊本県,八代郡,宮原町,520
1985,43466,熊本県,八代郡,東陽村,520
1985,43467,熊本県,八代郡,泉村,534
1985,43481,熊本県,葦北郡,田浦町,522
1985,43482,熊本県,葦北郡,芦北町,522
1985,43484,熊本県,葦北郡,津奈木町,522
1985,43501,熊本県,球磨郡,錦町,521
1985,43502,熊本県,球磨郡,上村,521
1985,43503,熊本県,球磨郡,免田町,521
1985,43504,熊本県,球磨郡,岡原村,521
1985,43505,熊本県,球磨郡,多良木町,521
1985,43506,熊本県,球磨郡,湯前町,521
1985,43507,熊本県,球磨郡,水上村,521
1985,43508,熊本県,球磨郡,須恵村,521
1985,43509,熊本県,球磨郡,深田村,521
1985,43510,熊本県,球磨郡,相良村,521
1985,43511,熊本県,球磨郡,五木村,534
1985,43512,熊本県,球磨郡,山江村,521
1985,43513,熊本県,球磨郡,球磨村,521
1985,43521,熊本県,天草郡,大矢野町,526
1985,43522,熊本県,天草郡,松島町,635
1985,43523,熊本県,天草郡,有明町,633
1985,43524,熊本県,天草郡,姫戸町,635
1985,43525,熊本県,天草郡,龍ヶ岳町,635
1985,43526,熊本県,天草郡,御所浦町,637
1985,43527,熊本県,天草郡,倉岳町,635
1985,43528,熊本県,天草郡,栖本町,633
1985,43529,熊本県,天草郡,新和町,633
1985,43530,熊本県,天草郡,五和町,633
1985,43531,熊本県,天草郡,苓北町,636
1985,43532,熊本県,天草郡,天草町,636
1985,43533,熊本県,天草郡,河浦町,634
1985,44201,大分県,,大分市,535
1985,44202,大分県,,別府市,536
1985,44203,大分県,,中津市,501
1985,44204,大分県,,日田市,537
1985,44205,大分県,,佐伯市,538
1985,44206,大分県,,臼杵市,539
1985,44207,大分県,,津久見市,539
1985,44208,大分県,,竹田市,540
1985,44209,大分県,,豊後高田市,541
1985,44210,大分県,,杵築市,536
1985,44211,大分県,,宇佐市,541
1985,44301,大分県,西国東郡,大田村,541
1985,44302,大分県,西国東郡,真玉町,541
1985,44303,大分県,西国東郡,香々地町,542
1985,44321,大分県,東国東郡,国見町,542
1985,44322,大分県,東国東郡,姫島村,638
1985,44323,大分県,東国東郡,国東町,536
1985,44324,大分県,東国東郡,武蔵町,536
1985,44325,大分県,東国東郡,安岐町,536
1985,44341,大分県,速見郡,日出町,536
1985,44342,大分県,速見郡,山香町,536
1985,44361,大分県,大分郡,野津原町,535
1985,44362,大分県,大分郡,挾間町,535
1985,44363,大分県,大分郡,庄内町,535
1985,44364,大分県,大分郡,湯布院町,543
1985,44381,大分県,北海部郡,佐賀関町,535
1985,44401,大分県,南海部郡,上浦町,538
1985,44402,大分県,南海部郡,弥生町,538
1985,44403,大分県,南海部郡,本匠村,538
1985,44404,大分県,南海部郡,宇目町,538
1985,44405,大分県,南海部郡,直川村,538
1985,44406,大分県,南海部郡,鶴見町,538
1985,44407,大分県,南海部郡,米水津村,538
1985,44408,大分県,南海部郡,蒲江町,544
1985,44421,大分県,大野郡,野津町,535
1985,44422,大分県,大野郡,三重町,535
1985,44423,大分県,大野郡,清川村,535
1985,44424,大分県,大野郡,緒方町,535
1985,44425,大分県,大野郡,朝地町,540
1985,44426,大分県,大野郡,大野町,540
1985,44427,大分県,大野郡,千歳村,535
1985,44428,大分県,大野郡,犬飼町,535
1985,44441,大分県,直入郡,荻町,540
1985,44442,大分県,直入郡,久住町,545
1985,44443,大分県,直入郡,直入町,545
1985,44461,大分県,玖珠郡,九重町,543
1985,44462,大分県,玖珠郡,玖珠町,543
1985,44481,大分県,日田郡,前津江村,537
1985,44482,大分県,日田郡,中津江村,537
1985,44483,大分県,日田郡,上津江村,537
1985,44484,大分県,日田郡,大山町,537
1985,44485,大分県,日田郡,天瀬町,537
1985,44501,大分県,下毛郡,三光村,501
1985,44502,大分県,下毛郡,本耶馬溪町,501
1985,44503,大分県,下毛郡,耶馬溪町,501
1985,44504,大分県,下毛郡,山国町,501
1985,44521,大分県,宇佐郡,院内町,541
1985,44522,大分県,宇佐郡,安心院町,541
1985,45201,宮崎県,,宮崎市,546
1985,45202,宮崎県,,都城市,547
1985,45203,宮崎県,,延岡市,548
1985,45204,宮崎県,,日南市,549
1985,45205,宮崎県,,小林市,550
1985,45206,宮崎県,,日向市,548
1985,45207,宮崎県,,串間市,549
1985,45208,宮崎県,,西都市,551
1985,45209,宮崎県,,えびの市,552
1985,45301,宮崎県,宮崎郡,清武町,546
1985,45302,宮崎県,宮崎郡,田野町,546
1985,45303,宮崎県,宮崎郡,佐土原町,546
1985,45321,宮崎県,南那珂郡,北郷町,549
1985,45322,宮崎県,南那珂郡,南郷町,549
1985,45341,宮崎県,北諸県郡,三股町,547
1985,45342,宮崎県,北諸県郡,山之口町,547
1985,45343,宮崎県,北諸県郡,高城町,547
1985,45344,宮崎県,北諸県郡,山田町,547
1985,45345,宮崎県,北諸県郡,高崎町,547
1985,45361,宮崎県,西諸県郡,高原町,550
1985,45362,宮崎県,西諸県郡,野尻町,550
1985,45363,宮崎県,西諸県郡,須木村,550
1985,45381,宮崎県,東諸県郡,高岡町,546
1985,45382,宮崎県,東諸県郡,国富町,546
1985,45383,宮崎県,東諸県郡,綾町,546
1985,45401,宮崎県,児湯郡,高鍋町,551
1985,45402,宮崎県,児湯郡,新富町,551
1985,45403,宮崎県,児湯郡,西米良村,553
1985,45404,宮崎県,児湯郡,木城町,551
1985,45405,宮崎県,児湯郡,川南町,551
1985,45406,宮崎県,児湯郡,都農町,551
1985,45421,宮崎県,東臼杵郡,門川町,548
1985,45422,宮崎県,東臼杵郡,東郷町,548
1985,45423,宮崎県,東臼杵郡,南郷村,554
1985,45424,宮崎県,東臼杵郡,西郷村,555
1985,45425,宮崎県,東臼杵郡,北郷村,556
1985,45426,宮崎県,東臼杵郡,北方町,548
1985,45427,宮崎県,東臼杵郡,北川町,548
1985,45428,宮崎県,東臼杵郡,北浦町,557
1985,45429,宮崎県,東臼杵郡,諸塚村,555
1985,45430,宮崎県,東臼杵郡,椎葉村,558
1985,45441,宮崎県,西臼杵郡,高千穂町,559
1985,45442,宮崎県,西臼杵郡,日之影町,559
1985,45443,宮崎県,西臼杵郡,五ヶ瀬町,531
1985,46201,鹿児島県,,鹿児島市,560
1985,46202,鹿児島県,,川内市,561
1985,46203,鹿児島県,,鹿屋市,562
1985,46204,鹿児島県,,枕崎市,563
1985,46205,鹿児島県,,串木野市,564
1985,46206,鹿児島県,,阿久根市,565
1985,46207,鹿児島県,,名瀬市,639
1985,46208,鹿児島県,,出水市,565
1985,46209,鹿児島県,,大口市,566
1985,46210,鹿児島県,,指宿市,567
1985,46211,鹿児島県,,加世田市,568
1985,46212,鹿児島県,,国分市,569
1985,46213,鹿児島県,,西之表市,642
1985,46214,鹿児島県,,垂水市,570
1985,46301,鹿児島県,鹿児島郡,吉田町,560
1985,46302,鹿児島県,鹿児島郡,桜島町,560
1985,46303,鹿児島県,鹿児島郡,三島村,644
1985,46304,鹿児島県,鹿児島郡,十島村,645
1985,46321,鹿児島県,揖宿郡,喜入町,560
1985,46322,鹿児島県,揖宿郡,山川町,567
1985,46323,鹿児島県,揖宿郡,頴娃町,571
1985,46324,鹿児島県,揖宿郡,開聞町,567
1985,46341,鹿児島県,川辺郡,笠沙町,568
1985,46342,鹿児島県,川辺郡,大浦町,568
1985,46343,鹿児島県,川辺郡,坊津町,563
1985,46344,鹿児島県,川辺郡,知覧町,571
1985,46345,鹿児島県,川辺郡,川辺町,571
1985,46361,鹿児島県,日置郡,市来町,564
1985,46362,鹿児島県,日置郡,東市来町,564
1985,46363,鹿児島県,日置郡,伊集院町,560
1985,46364,鹿児島県,日置郡,松元町,560
1985,46365,鹿児島県,日置郡,郡山町,560
1985,46366,鹿児島県,日置郡,日吉町,560
1985,46367,鹿児島県,日置郡,吹上町,560
1985,46368,鹿児島県,日置郡,金峰町,568
1985,46381,鹿児島県,薩摩郡,樋脇町,561
1985,46382,鹿児島県,薩摩郡,入来町,561
1985,46383,鹿児島県,薩摩郡,東郷町,561
1985,46384,鹿児島県,薩摩郡,宮之城町,561
1985,46385,鹿児島県,薩摩郡,鶴田町,561
1985,46386,鹿児島県,薩摩郡,薩摩町,561
1985,46387,鹿児島県,薩摩郡,祁答院町,561
1985,46388,鹿児島県,薩摩郡,里村,646
1985,46389,鹿児島県,薩摩郡,上甑村,646
1985,46390,鹿児島県,薩摩郡,下甑村,647
1985,46391,鹿児島県,薩摩郡,鹿島村,648
1985,46401,鹿児島県,出水郡,野田町,565
1985,46402,鹿児島県,出水郡,高尾野町,565
1985,46403,鹿児島県,出水郡,東町,572
1985,46404,鹿児島県,出水郡,長島町,572
1985,46421,鹿児島県,伊佐郡,菱刈町,566
1985,46441,鹿児島県,姶良郡,加治木町,560
1985,46442,鹿児島県,姶良郡,姶良町,560
1985,46443,鹿児島県,姶良郡,蒲生町,560
1985,46444,鹿児島県,姶良郡,溝辺町,560
1985,46445,鹿児島県,姶良郡,横川町,552
1985,46446,鹿児島県,姶良郡,栗野町,552
1985,46447,鹿児島県,姶良郡,吉松町,552
1985,46448,鹿児島県,姶良郡,牧園町,569
1985,46449,鹿児島県,姶良郡,霧島町,569
1985,46450,鹿児島県,姶良郡,隼人町,569
1985,46451,鹿児島県,姶良郡,福山町,569
1985,46461,鹿児島県,曽於郡,大隅町,573
1985,46462,鹿児島県,曽於郡,輝北町,574
1985,46463,鹿児島県,曽於郡,財部町,547
1985,46464,鹿児島県,曽於郡,末吉町,573
1985,46465,鹿児島県,曽於郡,松山町,573
1985,46466,鹿児島県,曽於郡,志布志町,575
1985,46467,鹿児島県,曽於郡,有明町,575
1985,46468,鹿児島県,曽於郡,大崎町,575
1985,46481,鹿児島県,肝属郡,串良町,562
1985,46482,鹿児島県,肝属郡,東串良町,562
1985,46483,鹿児島県,肝属郡,内之浦町,576
1985,46484,鹿児島県,肝属郡,高山町,562
1985,46485,鹿児島県,肝属郡,吾平町,562
1985,46486,鹿児島県,肝属郡,大根占町,577
1985,46487,鹿児島県,肝属郡,根占町,577
1985,46488,鹿児島県,肝属郡,田代町,577
1985,46489,鹿児島県,肝属郡,佐多町,577
1985,46501,鹿児島県,熊毛郡,中種子町,643
1985,46502,鹿児島県,熊毛郡,南種子町,643
1985,46503,鹿児島県,熊毛郡,上屋久町,649
1985,46504,鹿児島県,熊毛郡,屋久町,649
1985,46523,鹿児島県,大島郡,大和村,639
1985,46524,鹿児島県,大島郡,宇検村,640
1985,46525,鹿児島県,大島郡,瀬戸内町,641
1985,46526,鹿児島県,大島郡,住用村,639
1985,46527,鹿児島県,大島郡,龍郷町,639
1985,46528,鹿児島県,大島郡,笠利町,639
1985,46529,鹿児島県,大島郡,喜界町,650
1985,46530,鹿児島県,大島郡,徳之島町,651
1985,46531,鹿児島県,大島郡,天城町,651
1985,46532,鹿児島県,大島郡,伊仙町,651
1985,46533,鹿児島県,大島郡,和泊町,652
1985,46534,鹿児島県,大島郡,知名町,652
1985,46535,鹿児島県,大島郡,与論町,653
1985,47201,沖縄県,,那覇市,654
1985,47202,沖縄県,,石川市,655
1985,47203,沖縄県,,具志川市,655
1985,47205,沖縄県,,宜野湾市,655
1985,47206,沖縄県,,平良市,658
1985,47207,沖縄県,,石垣市,659
1985,47208,沖縄県,,浦添市,654
1985,47209,沖縄県,,名護市,656
1985,47210,沖縄県,,糸満市,654
1985,47211,沖縄県,,沖縄市,655
1985,47301,沖縄県,国頭郡,国頭村,656
1985,47302,沖縄県,国頭郡,大宜味村,656
1985,47303,沖縄県,国頭郡,東村,656
1985,47306,沖縄県,国頭郡,今帰仁村,656
1985,47308,沖縄県,国頭郡,本部町,656
1985,47311,沖縄県,国頭郡,恩納村,655
1985,47313,沖縄県,国頭郡,宜野座村,657
1985,47314,沖縄県,国頭郡,金武町,657
1985,47315,沖縄県,国頭郡,伊江村,660
1985,47322,沖縄県,中頭郡,与那城村,655
1985,47323,沖縄県,中頭郡,勝連町,655
1985,47324,沖縄県,中頭郡,読谷村,655
1985,47325,沖縄県,中頭郡,嘉手納町,655
1985,47326,沖縄県,中頭郡,北谷町,655
1985,47327,沖縄県,中頭郡,北中城村,655
1985,47328,沖縄県,中頭郡,中城村,655
1985,47329,沖縄県,中頭郡,西原町,654
1985,47341,沖縄県,島尻郡,豊見城村,654
1985,47343,沖縄県,島尻郡,東風平町,654
1985,47344,沖縄県,島尻郡,具志頭村,654
1985,47345,沖縄県,島尻郡,玉城村,654
1985,47346,沖縄県,島尻郡,知念村,654
1985,47347,沖縄県,島尻郡,佐敷町,654
1985,47348,沖縄県,島尻郡,与那原町,654
1985,47349,沖縄県,島尻郡,大里村,654
1985,47350,沖縄県,島尻郡,南風原町,654
1985,47351,沖縄県,島尻郡,仲里村,661
1985,47352,沖縄県,島尻郡,具志川村,661
1985,47353,沖縄県,島尻郡,渡嘉敷村,662
1985,47354,沖縄県,島尻郡,座間味村,663
1985,47355,沖縄県,島尻郡,粟国村,664
1985,47356,沖縄県,島尻郡,渡名喜村,665
1985,47357,沖縄県,島尻郡,南大東村,666
1985,47358,沖縄県,島尻郡,北大東村,667
1985,47359,沖縄県,島尻郡,伊平屋村,668
1985,47360,沖縄県,島尻郡,伊是名村,669
1985,47371,沖縄県,宮古郡,城辺町,658
1985,47372,沖縄県,宮古郡,下地町,658
1985,47373,沖縄県,宮古郡,上野村,658
1985,47374,沖縄県,宮古郡,伊良部町,670
1985,47375,沖縄県,宮古郡,多良間村,671
1985,47381,沖縄県,八重山郡,竹富町,672
1985,47382,沖縄県,八重山郡,与那国町,673
1990,01100,北海道,,札幌市,1
1990,01202,北海道,,函館市,2
1990,01203,北海道,,小樽市,3
1990,01204,北海道,,旭川市,4
1990,01205,北海道,,室蘭市,5
1990,01206,北海道,,釧路市,6
1990,01207,北海道,,帯広市,7
1990,01208,北海道,,北見市,8
1990,01209,北海道,,夕張市,9
1990,01210,北海道,,岩見沢市,10
1990,01211,北海道,,網走市,11
1990,01212,北海道,,留萌市,12
1990,01213,北海道,,苫小牧市,13
1990,01214,北海道,,稚内市,14
1990,01215,北海道,,美唄市,10
1990,01216,北海道,,芦別市,15
1990,01217,北海道,,江別市,1
1990,01218,北海道,,赤平市,15
1990,01219,北海道,,紋別市,16
1990,01220,北海道,,士別市,17
1990,01221,北海道,,名寄市,18
1990,01222,北海道,,三笠市,10
1990,01223,北海道,,根室市,19
1990,01224,北海道,,千歳市,13
1990,01225,北海道,,滝川市,15
1990,01226,北海道,,砂川市,15
1990,01227,北海道,,歌志内市,15
1990,01228,北海道,,深川市,20
1990,01229,北海道,,富良野市,21
1990,01230,北海道,,登別市,5
1990,01231,北海道,,恵庭市,13
1990,01233,北海道,,伊達市,5
1990,01301,北海道,石狩支庁,広島町,1
1990,01302,北海道,石狩支庁,石狩町,1
1990,01303,北海道,石狩支庁,当別町,1
1990,01304,北海道,石狩支庁,新篠津村,22
1990,01305,北海道,石狩支庁,厚田村,1
1990,01306,北海道,石狩支庁,浜益村,23
1990,01331,北海道,渡島支庁,松前町,24
1990,01332,北海道,渡島支庁,福島町,24
1990,01333,北海道,渡島支庁,知内町,2
1990,01334,北海道,渡島支庁,木古内町,2
1990,01335,北海道,渡島支庁,上磯町,2
1990,01336,北海道,渡島支庁,大野町,2
1990,01337,北海道,渡島支庁,七飯町,2
1990,01339,北海道,渡島支庁,戸井町,2
1990,01340,北海道,渡島支庁,恵山町,25
1990,01341,北海道,渡島支庁,椴法華村,25
1990,01342,北海道,渡島支庁,南茅部町,26
1990,01343,北海道,渡島支庁,鹿部町,27
1990,01344,北海道,渡島支庁,砂原町,27
1990,01345,北海道,渡島支庁,森町,27
1990,01346,北海道,渡島支庁,八雲町,28
1990,01347,北海道,渡島支庁,長万部町,28
1990,01361,北海道,檜山支庁,江差町,29
1990,01362,北海道,檜山支庁,上ノ国町,29
1990,01363,北海道,檜山支庁,厚沢部町,29
1990,01364,北海道,檜山支庁,乙部町,29
1990,01365,北海道,檜山支庁,熊石町,30
1990,01366,北海道,檜山支庁,大成町,30
1990,01367,北海道,檜山支庁,奥尻町,68
1990,01368,北海道,檜山支庁,瀬棚町,31
1990,01369,北海道,檜山支庁,北檜山町,31
1990,01370,北海道,檜山支庁,今金町,31
1990,01391,北海道,後志支庁,島牧村,32
1990,01392,北海道,後志支庁,寿都町,32
1990,01393,北海道,後志支庁,黒松内町,28
1990,01394,北海道,後志支庁,蘭越町,33
1990,01395,北海道,後志支庁,ニセコ町,33
1990,01396,北海道,後志支庁,真狩村,34
1990,01397,北海道,後志支庁,留寿都村,33
1990,01398,北海道,後志支庁,喜茂別町,33
1990,01399,北海道,後志支庁,京極町,33
1990,01400,北海道,後志支庁,倶知安町,33
1990,01401,北海道,後志支庁,共和町,35
1990,01402,北海道,後志支庁,岩内町,35
1990,01403,北海道,後志支庁,泊村,35
1990,01404,北海道,後志支庁,神恵内村,35
1990,01405,北海道,後志支庁,積丹町,3
1990,01406,北海道,後志支庁,古平町,3
1990,01407,北海道,後志支庁,仁木町,3
1990,01408,北海道,後志支庁,余市町,3
1990,01409,北海道,後志支庁,赤井川村,3
1990,01421,北海道,空知支庁,北村,10
1990,01422,北海道,空知支庁,栗沢町,10
1990,01423,北海道,空知支庁,南幌町,1
1990,01424,北海道,空知支庁,奈井江町,15
1990,01425,北海道,空知支庁,上砂川町,15
1990,01427,北海道,空知支庁,由仁町,36
1990,01428,北海道,空知支庁,長沼町,36
1990,01429,北海道,空知支庁,栗山町,36
1990,01430,北海道,空知支庁,月形町,10
1990,01431,北海道,空知支庁,浦臼町,37
1990,01432,北海道,空知支庁,新十津川町,15
1990,01433,北海道,空知支庁,妹背牛町,20
1990,01434,北海道,空知支庁,秩父別町,20
1990,01436,北海道,空知支庁,雨竜町,15
1990,01437,北海道,空知支庁,北竜町,20
1990,01438,北海道,空知支庁,沼田町,20
1990,01439,北海道,空知支庁,幌加内町,38
1990,01452,北海道,上川支庁,鷹栖町,4
1990,01453,北海道,上川支庁,東神楽町,4
1990,01454,北海道,上川支庁,当麻町,4
1990,01455,北海道,上川支庁,比布町,4
1990,01456,北海道,上川支庁,愛別町,4
1990,01457,北海道,上川支庁,上川町,4
1990,01458,北海道,上川支庁,東川町,4
1990,01459,北海道,上川支庁,美瑛町,4
1990,01460,北海道,上川支庁,上富良野町,21
1990,01461,北海道,上川支庁,中富良野町,21
1990,01462,北海道,上川支庁,南富良野町,21
1990,01463,北海道,上川支庁,占冠村,21
1990,01464,北海道,上川支庁,和寒町,17
1990,01465,北海道,上川支庁,剣淵町,17
1990,01466,北海道,上川支庁,朝日町,17
1990,01467,北海道,上川支庁,風連町,18
1990,01468,北海道,上川支庁,下川町,18
1990,01469,北海道,上川支庁,美深町,39
1990,01470,北海道,上川支庁,音威子府村,39
1990,01471,北海道,上川支庁,中川町,40
1990,01481,北海道,留萌支庁,増毛町,12
1990,01482,北海道,留萌支庁,小平町,12
1990,01483,北海道,留萌支庁,苫前町,41
1990,01484,北海道,留萌支庁,羽幌町,41
1990,01485,北海道,留萌支庁,初山別村,41
1990,01486,北海道,留萌支庁,遠別町,42
1990,01487,北海道,留萌支庁,天塩町,43
1990,01488,北海道,留萌支庁,幌延町,43
1990,01511,北海道,宗谷支庁,猿払村,44
1990,01512,北海道,宗谷支庁,浜頓別町,44
1990,01513,北海道,宗谷支庁,中頓別町,44
1990,01514,北海道,宗谷支庁,枝幸町,45
1990,01515,北海道,宗谷支庁,歌登町,45
1990,01516,北海道,宗谷支庁,豊富町,14
1990,01517,北海道,宗谷支庁,礼文町,69
1990,01518,北海道,宗谷支庁,利尻町,70
1990,01519,北海道,宗谷支庁,利尻富士町,70
1990,01541,北海道,網走支庁,東藻琴村,11
1990,01542,北海道,網走支庁,女満別町,11
1990,01543,北海道,網走支庁,美幌町,11
1990,01544,北海道,網走支庁,津別町,11
1990,01545,北海道,網走支庁,斜里町,46
1990,01546,北海道,網走支庁,清里町,46
1990,01547,北海道,網走支庁,小清水町,46
1990,01548,北海道,網走支庁,端野町,8
1990,01549,北海道,網走支庁,訓子府町,8
1990,01550,北海道,網走支庁,置戸町,8
1990,01551,北海道,網走支庁,留辺蘂町,8
1990,01552,北海道,網走支庁,佐呂間町,47
1990,01553,北海道,網走支庁,常呂町,48
1990,01554,北海道,網走支庁,生田原町,49
1990,01555,北海道,網走支庁,遠軽町,49
1990,01556,北海道,網走支庁,丸瀬布町,49
1990,01557,北海道,網走支庁,白滝村,50
1990,01558,北海道,網走支庁,上湧別町,49
1990,01559,北海道,網走支庁,湧別町,49
1990,01560,北海道,網走支庁,滝上町,51
1990,01561,北海道,網走支庁,興部町,16
1990,01562,北海道,網走支庁,西興部村,16
1990,01563,北海道,網走支庁,雄武町,52
1990,01571,北海道,胆振支庁,豊浦町,5
1990,01572,北海道,胆振支庁,虻田町,5
1990,01573,北海道,胆振支庁,洞爺村,5
1990,01574,北海道,胆振支庁,大滝村,5
1990,01575,北海道,胆振支庁,壮瞥町,5
1990,01578,北海道,胆振支庁,白老町,5
1990,01579,北海道,胆振支庁,早来町,13
1990,01580,北海道,胆振支庁,追分町,13
1990,01581,北海道,胆振支庁,厚真町,13
1990,01582,北海道,胆振支庁,鵡川町,13
1990,01583,北海道,胆振支庁,穂別町,53
1990,01601,北海道,日高支庁,日高町,54
1990,01602,北海道,日高支庁,平取町,55
1990,01603,北海道,日高支庁,門別町,55
1990,01604,北海道,日高支庁,新冠町,56
1990,01605,北海道,日高支庁,静内町,56
1990,01606,北海道,日高支庁,三石町,56
1990,01607,北海道,日高支庁,浦河町,57
1990,01608,北海道,日高支庁,様似町,57
1990,01609,北海道,日高支庁,えりも町,58
1990,01631,北海道,十勝支庁,音更町,7
1990,01632,北海道,十勝支庁,士幌町,7
1990,01633,北海道,十勝支庁,上士幌町,7
1990,01634,北海道,十勝支庁,鹿追町,59
1990,01635,北海道,十勝支庁,新得町,59
1990,01636,北海道,十勝支庁,清水町,59
1990,01637,北海道,十勝支庁,芽室町,7
1990,01638,北海道,十勝支庁,中札内村,60
1990,01639,北海道,十勝支庁,更別村,60
1990,01640,北海道,十勝支庁,忠類村,61
1990,01641,北海道,十勝支庁,大樹町,61
1990,01642,北海道,十勝支庁,広尾町,61
1990,01643,北海道,十勝支庁,幕別町,7
1990,01644,北海道,十勝支庁,池田町,7
1990,01645,北海道,十勝支庁,豊頃町,62
1990,01646,北海道,十勝支庁,本別町,63
1990,01647,北海道,十勝支庁,足寄町,63
1990,01648,北海道,十勝支庁,陸別町,63
1990,01649,北海道,十勝支庁,浦幌町,62
1990,01661,北海道,釧路支庁,釧路町,6
1990,01662,北海道,釧路支庁,厚岸町,64
1990,01663,北海道,釧路支庁,浜中町,64
1990,01664,北海道,釧路支庁,標茶町,65
1990,01665,北海道,釧路支庁,弟子屈町,65
1990,01666,北海道,釧路支庁,阿寒町,6
1990,01667,北海道,釧路支庁,鶴居村,6
1990,01668,北海道,釧路支庁,白糠町,6
1990,01669,北海道,釧路支庁,音別町,6
1990,01691,北海道,根室支庁,別海町,66
1990,01692,北海道,根室支庁,中標津町,66
1990,01693,北海道,根室支庁,標津町,66
1990,01694,北海道,根室支庁,羅臼町,67
1990,01695,北海道,根室支庁,色丹村,NA
1990,01696,北海道,根室支庁,泊村,NA
1990,01698,北海道,根室支庁,留別村,NA
1990,02201,青森県,,青森市,71
1990,02202,青森県,,弘前市,72
1990,02203,青森県,,八戸市,73
1990,02204,青森県,,黒石市,72
1990,02205,青森県,,五所川原市,74
1990,02206,青森県,,十和田市,75
1990,02207,青森県,,三沢市,75
1990,02208,青森県,,むつ市,76
1990,02301,青森県,東津軽郡,平内町,71
1990,02302,青森県,東津軽郡,蟹田町,71
1990,02303,青森県,東津軽郡,今別町,77
1990,02304,青森県,東津軽郡,蓬田村,71
1990,02305,青森県,東津軽郡,平舘村,71
1990,02306,青森県,東津軽郡,三厩村,77
1990,02321,青森県,西津軽郡,鰺ヶ沢町,78
1990,02322,青森県,西津軽郡,木造町,74
1990,02323,青森県,西津軽郡,深浦町,78
1990,02324,青森県,西津軽郡,森田村,74
1990,02325,青森県,西津軽郡,岩崎村,78
1990,02326,青森県,西津軽郡,柏村,74
1990,02327,青森県,西津軽郡,稲垣村,74
1990,02328,青森県,西津軽郡,車力村,79
1990,02341,青森県,中津軽郡,岩木町,72
1990,02342,青森県,中津軽郡,相馬村,72
1990,02343,青森県,中津軽郡,西目屋村,72
1990,02361,青森県,南津軽郡,藤崎町,72
1990,02362,青森県,南津軽郡,大鰐町,72
1990,02363,青森県,南津軽郡,尾上町,72
1990,02364,青森県,南津軽郡,浪岡町,72
1990,02365,青森県,南津軽郡,平賀町,72
1990,02366,青森県,南津軽郡,常盤村,72
1990,02367,青森県,南津軽郡,田舎館村,72
1990,02368,青森県,南津軽郡,碇ヶ関村,72
1990,02381,青森県,北津軽郡,板柳町,80
1990,02382,青森県,北津軽郡,金木町,81
1990,02383,青森県,北津軽郡,中里町,81
1990,02384,青森県,北津軽郡,鶴田町,74
1990,02385,青森県,北津軽郡,市浦村,81
1990,02386,青森県,北津軽郡,小泊村,81
1990,02401,青森県,上北郡,野辺地町,82
1990,02402,青森県,上北郡,七戸町,75
1990,02403,青森県,上北郡,百石町,73
1990,02404,青森県,上北郡,十和田湖町,75
1990,02405,青森県,上北郡,六戸町,75
1990,02406,青森県,上北郡,横浜町,76
1990,02407,青森県,上北郡,上北町,75
1990,02408,青森県,上北郡,東北町,82
1990,02409,青森県,上北郡,天間林村,75
1990,02410,青森県,上北郡,下田町,75
1990,02411,青森県,上北郡,六ヶ所村,82
1990,02421,青森県,下北郡,川内町,76
1990,02422,青森県,下北郡,大畑町,76
1990,02423,青森県,下北郡,大間町,83
1990,02424,青森県,下北郡,東通村,76
1990,02425,青森県,下北郡,風間浦村,83
1990,02426,青森県,下北郡,佐井村,83
1990,02427,青森県,下北郡,脇野沢村,76
1990,02441,青森県,三戸郡,三戸町,84
1990,02442,青森県,三戸郡,五戸町,73
1990,02443,青森県,三戸郡,田子町,84
1990,02444,青森県,三戸郡,名川町,73
1990,02445,青森県,三戸郡,南部町,84
1990,02446,青森県,三戸郡,階上町,73
1990,02447,青森県,三戸郡,福地村,73
1990,02448,青森県,三戸郡,南郷村,73
1990,02449,青森県,三戸郡,倉石村,73
1990,02450,青森県,三戸郡,新郷村,73
1990,03201,岩手県,,盛岡市,85
1990,03202,岩手県,,宮古市,86
1990,03203,岩手県,,大船渡市,87
1990,03204,岩手県,,水沢市,88
1990,03205,岩手県,,花巻市,89
1990,03206,岩手県,,北上市,90
1990,03207,岩手県,,久慈市,91
1990,03208,岩手県,,遠野市,92
1990,03209,岩手県,,一関市,93
1990,03210,岩手県,,陸前高田市,87
1990,03211,岩手県,,釜石市,94
1990,03212,岩手県,,江刺市,88
1990,03213,岩手県,,二戸市,95
1990,03301,岩手県,岩手郡,雫石町,85
1990,03302,岩手県,岩手郡,葛巻町,96
1990,03303,岩手県,岩手郡,岩手町,85
1990,03304,岩手県,岩手郡,西根町,85
1990,03305,岩手県,岩手郡,滝沢村,85
1990,03306,岩手県,岩手郡,松尾村,85
1990,03307,岩手県,岩手郡,玉山村,85
1990,03321,岩手県,紫波郡,紫波町,85
1990,03322,岩手県,紫波郡,矢巾町,85
1990,03323,岩手県,紫波郡,都南村,85
1990,03341,岩手県,稗貫郡,大迫町,89
1990,03342,岩手県,稗貫郡,石鳥谷町,89
1990,03361,岩手県,和賀郡,東和町,89
1990,03362,岩手県,和賀郡,和賀町,90
1990,03363,岩手県,和賀郡,湯田町,90
1990,03364,岩手県,和賀郡,江釣子村,90
1990,03365,岩手県,和賀郡,沢内村,90
1990,03381,岩手県,胆沢郡,金ヶ崎町,88
1990,03382,岩手県,胆沢郡,前沢町,88
1990,03383,岩手県,胆沢郡,胆沢町,88
1990,03384,岩手県,胆沢郡,衣川村,93
1990,03401,岩手県,西磐井郡,花泉町,93
1990,03402,岩手県,西磐井郡,平泉町,93
1990,03421,岩手県,東磐井郡,大東町,93
1990,03422,岩手県,東磐井郡,藤沢町,93
1990,03423,岩手県,東磐井郡,千厩町,93
1990,03424,岩手県,東磐井郡,東山町,93
1990,03425,岩手県,東磐井郡,室根村,93
1990,03426,岩手県,東磐井郡,川崎村,93
1990,03441,岩手県,気仙郡,住田町,87
1990,03442,岩手県,気仙郡,三陸町,87
1990,03461,岩手県,上閉伊郡,大槌町,94
1990,03462,岩手県,上閉伊郡,宮守村,92
1990,03481,岩手県,下閉伊郡,田老町,86
1990,03482,岩手県,下閉伊郡,山田町,86
1990,03483,岩手県,下閉伊郡,岩泉町,97
1990,03484,岩手県,下閉伊郡,田野畑村,97
1990,03485,岩手県,下閉伊郡,普代村,91
1990,03486,岩手県,下閉伊郡,新里村,86
1990,03487,岩手県,下閉伊郡,川井村,86
1990,03501,岩手県,九戸郡,軽米町,95
1990,03502,岩手県,九戸郡,種市町,73
1990,03503,岩手県,九戸郡,野田村,91
1990,03504,岩手県,九戸郡,山形村,91
1990,03505,岩手県,九戸郡,大野村,91
1990,03506,岩手県,九戸郡,九戸村,95
1990,03521,岩手県,二戸郡,浄法寺町,95
1990,03523,岩手県,二戸郡,安代町,85
1990,03524,岩手県,二戸郡,一戸町,95
1990,04100,宮城県,,仙台市,98
1990,04202,宮城県,,石巻市,99
1990,04203,宮城県,,塩竈市,98
1990,04204,宮城県,,古川市,100
1990,04205,宮城県,,気仙沼市,101
1990,04206,宮城県,,白石市,102
1990,04207,宮城県,,名取市,98
1990,04208,宮城県,,角田市,102
1990,04209,宮城県,,多賀城市,98
1990,04211,宮城県,,岩沼市,98
1990,04301,宮城県,刈田郡,蔵王町,102
1990,04302,宮城県,刈田郡,七ヶ宿町,102
1990,04321,宮城県,柴田郡,大河原町,102
1990,04322,宮城県,柴田郡,村田町,102
1990,04323,宮城県,柴田郡,柴田町,102
1990,04324,宮城県,柴田郡,川崎町,103
1990,04341,宮城県,伊具郡,丸森町,102
1990,04361,宮城県,亘理郡,亘理町,98
1990,04362,宮城県,亘理郡,山元町,98
1990,04401,宮城県,宮城郡,松島町,98
1990,04404,宮城県,宮城郡,七ヶ浜町,98
1990,04406,宮城県,宮城郡,利府町,98
1990,04421,宮城県,黒川郡,大和町,98
1990,04422,宮城県,黒川郡,大郷町,98
1990,04423,宮城県,黒川郡,富谷町,98
1990,04424,宮城県,黒川郡,大衡村,98
1990,04441,宮城県,加美郡,中新田町,104
1990,04442,宮城県,加美郡,小野田町,104
1990,04443,宮城県,加美郡,宮崎町,104
1990,04444,宮城県,加美郡,色麻町,104
1990,04461,宮城県,志田郡,松山町,100
1990,04462,宮城県,志田郡,三本木町,100
1990,04463,宮城県,志田郡,鹿島台町,105
1990,04481,宮城県,玉造郡,岩出山町,100
1990,04482,宮城県,玉造郡,鳴子町,100
1990,04501,宮城県,遠田郡,涌谷町,105
1990,04502,宮城県,遠田郡,田尻町,100
1990,04503,宮城県,遠田郡,小牛田町,100
1990,04504,宮城県,遠田郡,南郷町,105
1990,04521,宮城県,栗原郡,築館町,106
1990,04522,宮城県,栗原郡,若柳町,106
1990,04523,宮城県,栗原郡,栗駒町,106
1990,04524,宮城県,栗原郡,高清水町,100
1990,04525,宮城県,栗原郡,一迫町,106
1990,04526,宮城県,栗原郡,瀬峰町,100
1990,04527,宮城県,栗原郡,鶯沢町,106
1990,04528,宮城県,栗原郡,金成町,106
1990,04529,宮城県,栗原郡,志波姫町,106
1990,04530,宮城県,栗原郡,花山村,106
1990,04541,宮城県,登米郡,迫町,107
1990,04542,宮城県,登米郡,登米町,107
1990,04543,宮城県,登米郡,東和町,107
1990,04544,宮城県,登米郡,中田町,107
1990,04545,宮城県,登米郡,豊里町,99
1990,04546,宮城県,登米郡,米山町,107
1990,04547,宮城県,登米郡,石越町,106
1990,04548,宮城県,登米郡,南方町,107
1990,04561,宮城県,桃生郡,河北町,99
1990,04562,宮城県,桃生郡,矢本町,99
1990,04563,宮城県,桃生郡,雄勝町,99
1990,04564,宮城県,桃生郡,河南町,99
1990,04565,宮城県,桃生郡,桃生町,99
1990,04566,宮城県,桃生郡,鳴瀬町,99
1990,04567,宮城県,桃生郡,北上町,99
1990,04581,宮城県,牡鹿郡,女川町,99
1990,04582,宮城県,牡鹿郡,牡鹿町,108
1990,04601,宮城県,本吉郡,志津川町,101
1990,04602,宮城県,本吉郡,津山町,101
1990,04603,宮城県,本吉郡,本吉町,101
1990,04604,宮城県,本吉郡,唐桑町,101
1990,04605,宮城県,本吉郡,歌津町,101
1990,05201,秋田県,,秋田市,109
1990,05202,秋田県,,能代市,110
1990,05203,秋田県,,横手市,111
1990,05204,秋田県,,大館市,112
1990,05205,秋田県,,本荘市,113
1990,05206,秋田県,,男鹿市,109
1990,05207,秋田県,,湯沢市,114
1990,05208,秋田県,,大曲市,115
1990,05209,秋田県,,鹿角市,112
1990,05303,秋田県,鹿角郡,小坂町,112
1990,05321,秋田県,北秋田郡,鷹巣町,116
1990,05322,秋田県,北秋田郡,比内町,112
1990,05323,秋田県,北秋田郡,森吉町,116
1990,05324,秋田県,北秋田郡,阿仁町,116
1990,05325,秋田県,北秋田郡,田代町,112
1990,05326,秋田県,北秋田郡,合川町,116
1990,05327,秋田県,北秋田郡,上小阿仁村,116
1990,05341,秋田県,山本郡,琴丘町,110
1990,05342,秋田県,山本郡,二ツ井町,110
1990,05343,秋田県,山本郡,八森町,110
1990,05344,秋田県,山本郡,山本町,110
1990,05345,秋田県,山本郡,八竜町,110
1990,05346,秋田県,山本郡,藤里町,110
1990,05347,秋田県,山本郡,峰浜村,110
1990,05361,秋田県,南秋田郡,五城目町,109
1990,05362,秋田県,南秋田郡,昭和町,109
1990,05363,秋田県,南秋田郡,八郎潟町,109
1990,05364,秋田県,南秋田郡,飯田川町,109
1990,05365,秋田県,南秋田郡,天王町,109
1990,05366,秋田県,南秋田郡,井川町,109
1990,05367,秋田県,南秋田郡,若美町,109
1990,05368,秋田県,南秋田郡,大潟村,109
1990,05381,秋田県,河辺郡,河辺町,109
1990,05382,秋田県,河辺郡,雄和町,109
1990,05401,秋田県,由利郡,仁賀保町,113
1990,05402,秋田県,由利郡,金浦町,113
1990,05403,秋田県,由利郡,象潟町,113
1990,05404,秋田県,由利郡,矢島町,113
1990,05405,秋田県,由利郡,岩城町,113
1990,05406,秋田県,由利郡,由利町,113
1990,05407,秋田県,由利郡,西目町,113
1990,05408,秋田県,由利郡,鳥海町,113
1990,05409,秋田県,由利郡,東由利町,117
1990,05410,秋田県,由利郡,大内町,113
1990,05421,秋田県,仙北郡,神岡町,115
1990,05422,秋田県,仙北郡,西仙北町,118
1990,05423,秋田県,仙北郡,角館町,119
1990,05424,秋田県,仙北郡,六郷町,115
1990,05425,秋田県,仙北郡,中仙町,119
1990,05426,秋田県,仙北郡,田沢湖町,119
1990,05427,秋田県,仙北郡,協和町,118
1990,05428,秋田県,仙北郡,南外村,115
1990,05429,秋田県,仙北郡,仙北町,115
1990,05430,秋田県,仙北郡,西木村,119
1990,05431,秋田県,仙北郡,太田町,115
1990,05432,秋田県,仙北郡,千畑町,115
1990,05433,秋田県,仙北郡,仙南村,115
1990,05441,秋田県,平鹿郡,増田町,114
1990,05442,秋田県,平鹿郡,平鹿町,111
1990,05443,秋田県,平鹿郡,雄物川町,111
1990,05444,秋田県,平鹿郡,大森町,111
1990,05445,秋田県,平鹿郡,十文字町,114
1990,05446,秋田県,平鹿郡,山内村,111
1990,05447,秋田県,平鹿郡,大雄村,111
1990,05461,秋田県,雄勝郡,稲川町,114
1990,05462,秋田県,雄勝郡,雄勝町,114
1990,05463,秋田県,雄勝郡,羽後町,114
1990,05464,秋田県,雄勝郡,東成瀬村,114
1990,05465,秋田県,雄勝郡,皆瀬村,114
1990,06201,山形県,,山形市,120
1990,06202,山形県,,米沢市,121
1990,06203,山形県,,鶴岡市,122
1990,06204,山形県,,酒田市,123
1990,06205,山形県,,新庄市,124
1990,06206,山形県,,寒河江市,120
1990,06207,山形県,,上山市,120
1990,06208,山形県,,村山市,120
1990,06209,山形県,,長井市,121
1990,06210,山形県,,天童市,120
1990,06211,山形県,,東根市,120
1990,06212,山形県,,尾花沢市,125
1990,06213,山形県,,南陽市,121
1990,06301,山形県,東村山郡,山辺町,120
1990,06302,山形県,東村山郡,中山町,120
1990,06321,山形県,西村山郡,河北町,120
1990,06322,山形県,西村山郡,西川町,120
1990,06323,山形県,西村山郡,朝日町,120
1990,06324,山形県,西村山郡,大江町,120
1990,06341,山形県,北村山郡,大石田町,125
1990,06361,山形県,最上郡,金山町,124
1990,06362,山形県,最上郡,最上町,126
1990,06363,山形県,最上郡,舟形町,124
1990,06364,山形県,最上郡,真室川町,124
1990,06365,山形県,最上郡,大蔵村,124
1990,06366,山形県,最上郡,鮭川村,124
1990,06367,山形県,最上郡,戸沢村,124
1990,06381,山形県,東置賜郡,高畠町,121
1990,06382,山形県,東置賜郡,川西町,121
1990,06401,山形県,西置賜郡,小国町,127
1990,06402,山形県,西置賜郡,白鷹町,121
1990,06403,山形県,西置賜郡,飯豊町,121
1990,06421,山形県,東田川郡,立川町,123
1990,06422,山形県,東田川郡,余目町,123
1990,06423,山形県,東田川郡,藤島町,122
1990,06424,山形県,東田川郡,羽黒町,122
1990,06425,山形県,東田川郡,櫛引町,122
1990,06426,山形県,東田川郡,三川町,122
1990,06427,山形県,東田川郡,朝日村,122
1990,06441,山形県,西田川郡,温海町,128
1990,06461,山形県,飽海郡,遊佐町,123
1990,06462,山形県,飽海郡,八幡町,123
1990,06463,山形県,飽海郡,松山町,123
1990,06464,山形県,飽海郡,平田町,123
1990,07201,福島県,,福島市,129
1990,07202,福島県,,会津若松市,130
1990,07203,福島県,,郡山市,131
1990,07204,福島県,,いわき市,132
1990,07205,福島県,,白河市,133
1990,07206,福島県,,原町市,134
1990,07207,福島県,,須賀川市,135
1990,07208,福島県,,喜多方市,130
1990,07209,福島県,,相馬市,134
1990,07210,福島県,,二本松市,131
1990,07301,福島県,伊達郡,桑折町,129
1990,07302,福島県,伊達郡,伊達町,129
1990,07303,福島県,伊達郡,国見町,129
1990,07304,福島県,伊達郡,梁川町,129
1990,07305,福島県,伊達郡,保原町,129
1990,07306,福島県,伊達郡,霊山町,129
1990,07307,福島県,伊達郡,月舘町,129
1990,07308,福島県,伊達郡,川俣町,129
1990,07309,福島県,伊達郡,飯野町,129
1990,07321,福島県,安達郡,安達町,131
1990,07322,福島県,安達郡,大玉村,131
1990,07323,福島県,安達郡,本宮町,131
1990,07324,福島県,安達郡,白沢村,131
1990,07325,福島県,安達郡,岩代町,131
1990,07326,福島県,安達郡,東和町,131
1990,07341,福島県,岩瀬郡,長沼町,135
1990,07342,福島県,岩瀬郡,鏡石町,135
1990,07343,福島県,岩瀬郡,岩瀬村,135
1990,07344,福島県,岩瀬郡,天栄村,135
1990,07361,福島県,南会津郡,田島町,136
1990,07362,福島県,南会津郡,下郷町,136
1990,07363,福島県,南会津郡,舘岩村,137
1990,07364,福島県,南会津郡,檜枝岐村,137
1990,07365,福島県,南会津郡,伊南村,137
1990,07366,福島県,南会津郡,南郷村,137
1990,07367,福島県,南会津郡,只見町,137
1990,07381,福島県,北会津郡,北会津村,130
1990,07401,福島県,耶麻郡,熱塩加納村,130
1990,07402,福島県,耶麻郡,北塩原村,130
1990,07403,福島県,耶麻郡,塩川町,130
1990,07404,福島県,耶麻郡,山都町,130
1990,07405,福島県,耶麻郡,西会津町,138
1990,07406,福島県,耶麻郡,高郷村,138
1990,07407,福島県,耶麻郡,磐梯町,130
1990,07408,福島県,耶麻郡,猪苗代町,130
1990,07421,福島県,河沼郡,会津坂下町,138
1990,07422,福島県,河沼郡,湯川村,130
1990,07423,福島県,河沼郡,柳津町,138
1990,07424,福島県,河沼郡,河東町,130
1990,07441,福島県,大沼郡,会津高田町,130
1990,07442,福島県,大沼郡,本郷町,130
1990,07443,福島県,大沼郡,新鶴村,130
1990,07444,福島県,大沼郡,三島町,138
1990,07445,福島県,大沼郡,金山町,139
1990,07446,福島県,大沼郡,昭和村,139
1990,07461,福島県,西白河郡,西郷村,133
1990,07462,福島県,西白河郡,表郷村,133
1990,07463,福島県,西白河郡,東村,133
1990,07464,福島県,西白河郡,泉崎村,133
1990,07465,福島県,西白河郡,中島村,133
1990,07466,福島県,西白河郡,矢吹町,133
1990,07467,福島県,西白河郡,大信村,133
1990,07481,福島県,東白川郡,棚倉町,140
1990,07482,福島県,東白川郡,矢祭町,140
1990,07483,福島県,東白川郡,塙町,140
1990,07484,福島県,東白川郡,鮫川村,140
1990,07485,福島県,東白川郡,古殿町,141
1990,07501,福島県,石川郡,石川町,141
1990,07502,福島県,石川郡,玉川村,141
1990,07503,福島県,石川郡,平田村,141
1990,07504,福島県,石川郡,浅川町,140
1990,07521,福島県,田村郡,三春町,131
1990,07522,福島県,田村郡,小野町,142
1990,07523,福島県,田村郡,滝根町,142
1990,07524,福島県,田村郡,大越町,142
1990,07525,福島県,田村郡,都路村,142
1990,07526,福島県,田村郡,常葉町,142
1990,07527,福島県,田村郡,船引町,142
1990,07541,福島県,双葉郡,広野町,132
1990,07542,福島県,双葉郡,楢葉町,132
1990,07543,福島県,双葉郡,富岡町,132
1990,07544,福島県,双葉郡,川内村,132
1990,07545,福島県,双葉郡,大熊町,132
1990,07546,福島県,双葉郡,双葉町,132
1990,07547,福島県,双葉郡,浪江町,132
1990,07548,福島県,双葉郡,葛尾村,143
1990,07561,福島県,相馬郡,新地町,134
1990,07562,福島県,相馬郡,鹿島町,134
1990,07563,福島県,相馬郡,小高町,134
1990,07564,福島県,相馬郡,飯舘村,144
1990,08201,茨城県,,水戸市,145
1990,08202,茨城県,,日立市,146
1990,08203,茨城県,,土浦市,147
1990,08204,茨城県,,古河市,148
1990,08205,茨城県,,石岡市,149
1990,08206,茨城県,,下館市,150
1990,08207,茨城県,,結城市,151
1990,08208,茨城県,,龍ヶ崎市,152
1990,08209,茨城県,,那珂湊市,145
1990,08210,茨城県,,下妻市,153
1990,08211,茨城県,,水海道市,154
1990,08212,茨城県,,常陸太田市,146
1990,08213,茨城県,,勝田市,145
1990,08214,茨城県,,高萩市,146
1990,08215,茨城県,,北茨城市,146
1990,08216,茨城県,,笠間市,145
1990,08217,茨城県,,取手市,154
1990,08218,茨城県,,岩井市,155
1990,08219,茨城県,,牛久市,147
1990,08220,茨城県,,つくば市,147
1990,08301,茨城県,東茨城郡,常澄村,145
1990,08302,茨城県,東茨城郡,茨城町,145
1990,08303,茨城県,東茨城郡,小川町,149
1990,08304,茨城県,東茨城郡,美野里町,149
1990,08305,茨城県,東茨城郡,内原町,145
1990,08306,茨城県,東茨城郡,常北町,145
1990,08307,茨城県,東茨城郡,桂村,145
1990,08308,茨城県,東茨城郡,御前山村,156
1990,08309,茨城県,東茨城郡,大洗町,145
1990,08321,茨城県,西茨城郡,友部町,145
1990,08322,茨城県,西茨城郡,岩間町,145
1990,08323,茨城県,西茨城郡,七会村,145
1990,08324,茨城県,西茨城郡,岩瀬町,150
1990,08341,茨城県,那珂郡,東海村,145
1990,08342,茨城県,那珂郡,那珂町,145
1990,08343,茨城県,那珂郡,瓜連町,145
1990,08344,茨城県,那珂郡,大宮町,156
1990,08345,茨城県,那珂郡,山方町,156
1990,08346,茨城県,那珂郡,美和村,156
1990,08347,茨城県,那珂郡,緒川村,156
1990,08361,茨城県,久慈郡,金砂郷村,146
1990,08362,茨城県,久慈郡,水府村,146
1990,08363,茨城県,久慈郡,里美村,146
1990,08364,茨城県,久慈郡,大子町,156
1990,08381,茨城県,多賀郡,十王町,146
1990,08401,茨城県,鹿島郡,旭村,157
1990,08402,茨城県,鹿島郡,鉾田町,157
1990,08403,茨城県,鹿島郡,大洋村,157
1990,08404,茨城県,鹿島郡,大野村,158
1990,08405,茨城県,鹿島郡,鹿島町,158
1990,08406,茨城県,鹿島郡,神栖町,158
1990,08407,茨城県,鹿島郡,波崎町,158
1990,08421,茨城県,行方郡,麻生町,158
1990,08422,茨城県,行方郡,牛堀町,158
1990,08423,茨城県,行方郡,潮来町,158
1990,08424,茨城県,行方郡,北浦村,157
1990,08425,茨城県,行方郡,玉造町,157
1990,08441,茨城県,稲敷郡,江戸崎町,152
1990,08442,茨城県,稲敷郡,美浦村,147
1990,08443,茨城県,稲敷郡,阿見町,147
1990,08445,茨城県,稲敷郡,茎崎町,147
1990,08446,茨城県,稲敷郡,新利根村,152
1990,08447,茨城県,稲敷郡,河内村,152
1990,08448,茨城県,稲敷郡,桜川村,152
1990,08449,茨城県,稲敷郡,東村,152
1990,08461,茨城県,新治郡,出島村,147
1990,08462,茨城県,新治郡,玉里村,149
1990,08463,茨城県,新治郡,八郷町,149
1990,08464,茨城県,新治郡,千代田村,147
1990,08465,茨城県,新治郡,新治村,147
1990,08482,茨城県,筑波郡,伊奈町,154
1990,08483,茨城県,筑波郡,谷和原村,154
1990,08501,茨城県,真壁郡,関城町,150
1990,08502,茨城県,真壁郡,明野町,150
1990,08503,茨城県,真壁郡,真壁町,150
1990,08504,茨城県,真壁郡,大和村,150
1990,08505,茨城県,真壁郡,協和町,150
1990,08521,茨城県,結城郡,八千代町,153
1990,08522,茨城県,結城郡,千代川村,153
1990,08523,茨城県,結城郡,石下町,153
1990,08541,茨城県,猿島郡,総和町,148
1990,08542,茨城県,猿島郡,五霞村,159
1990,08543,茨城県,猿島郡,三和町,148
1990,08544,茨城県,猿島郡,猿島町,155
1990,08546,茨城県,猿島郡,境町,155
1990,08561,茨城県,北相馬郡,守谷町,154
1990,08563,茨城県,北相馬郡,藤代町,154
1990,08564,茨城県,北相馬郡,利根町,160
1990,09201,栃木県,,宇都宮市,161
1990,09202,栃木県,,足利市,162
1990,09203,栃木県,,栃木市,163
1990,09204,栃木県,,佐野市,162
1990,09205,栃木県,,鹿沼市,163
1990,09206,栃木県,,日光市,164
1990,09207,栃木県,,今市市,164
1990,09208,栃木県,,小山市,151
1990,09209,栃木県,,真岡市,165
1990,09210,栃木県,,大田原市,166
1990,09211,栃木県,,矢板市,161
1990,09212,栃木県,,黒磯市,166
1990,09301,栃木県,河内郡,上三川町,161
1990,09302,栃木県,河内郡,南河内町,151
1990,09303,栃木県,河内郡,上河内村,161
1990,09304,栃木県,河内郡,河内町,161
1990,09321,栃木県,上都賀郡,西方村,163
1990,09322,栃木県,上都賀郡,粟野町,163
1990,09323,栃木県,上都賀郡,足尾町,164
1990,09341,栃木県,芳賀郡,二宮町,165
1990,09342,栃木県,芳賀郡,益子町,165
1990,09343,栃木県,芳賀郡,茂木町,165
1990,09344,栃木県,芳賀郡,市貝町,165
1990,09345,栃木県,芳賀郡,芳賀町,161
1990,09361,栃木県,下都賀郡,壬生町,161
1990,09362,栃木県,下都賀郡,石橋町,161
1990,09363,栃木県,下都賀郡,国分寺町,151
1990,09364,栃木県,下都賀郡,野木町,148
1990,09365,栃木県,下都賀郡,大平町,163
1990,09366,栃木県,下都賀郡,藤岡町,163
1990,09367,栃木県,下都賀郡,岩舟町,163
1990,09368,栃木県,下都賀郡,都賀町,163
1990,09382,栃木県,塩谷郡,栗山村,164
1990,09383,栃木県,塩谷郡,藤原町,164
1990,09384,栃木県,塩谷郡,塩谷町,161
1990,09385,栃木県,塩谷郡,氏家町,161
1990,09386,栃木県,塩谷郡,高根沢町,161
1990,09387,栃木県,塩谷郡,喜連川町,161
1990,09401,栃木県,那須郡,南那須町,167
1990,09402,栃木県,那須郡,烏山町,167
1990,09403,栃木県,那須郡,馬頭町,167
1990,09404,栃木県,那須郡,小川町,167
1990,09405,栃木県,那須郡,湯津上村,166
1990,09406,栃木県,那須郡,黒羽町,166
1990,09407,栃木県,那須郡,那須町,166
1990,09409,栃木県,那須郡,西那須野町,166
1990,09410,栃木県,那須郡,塩原町,166
1990,09421,栃木県,安蘇郡,田沼町,162
1990,09422,栃木県,安蘇郡,葛生町,162
1990,10201,群馬県,,前橋市,168
1990,10202,群馬県,,高崎市,168
1990,10203,群馬県,,桐生市,169
1990,10204,群馬県,,伊勢崎市,169
1990,10205,群馬県,,太田市,170
1990,10206,群馬県,,沼田市,171
1990,10207,群馬県,,館林市,170
1990,10208,群馬県,,渋川市,172
1990,10209,群馬県,,藤岡市,173
1990,10210,群馬県,,富岡市,174
1990,10211,群馬県,,安中市,174
1990,10301,群馬県,勢多郡,北橘村,172
1990,10302,群馬県,勢多郡,赤城村,172
1990,10303,群馬県,勢多郡,富士見村,168
1990,10304,群馬県,勢多郡,大胡町,168
1990,10305,群馬県,勢多郡,宮城村,168
1990,10306,群馬県,勢多郡,粕川村,168
1990,10307,群馬県,勢多郡,新里村,169
1990,10308,群馬県,勢多郡,黒保根村,169
1990,10309,群馬県,勢多郡,東村,169
1990,10321,群馬県,群馬郡,榛名町,168
1990,10322,群馬県,群馬郡,倉淵村,168
1990,10323,群馬県,群馬郡,箕郷町,168
1990,10324,群馬県,群馬郡,群馬町,168
1990,10341,群馬県,北群馬郡,子持村,172
1990,10342,群馬県,北群馬郡,小野上村,172
1990,10343,群馬県,北群馬郡,伊香保町,172
1990,10344,群馬県,北群馬郡,榛東村,168
1990,10345,群馬県,北群馬郡,吉岡村,168
1990,10361,群馬県,多野郡,新町,173
1990,10362,群馬県,多野郡,鬼石町,173
1990,10363,群馬県,多野郡,吉井町,174
1990,10364,群馬県,多野郡,万場町,175
1990,10365,群馬県,多野郡,中里村,175
1990,10366,群馬県,多野郡,上野村,175
1990,10381,群馬県,甘楽郡,妙義町,174
1990,10382,群馬県,甘楽郡,下仁田町,174
1990,10383,群馬県,甘楽郡,南牧村,174
1990,10384,群馬県,甘楽郡,甘楽町,174
1990,10401,群馬県,碓氷郡,松井田町,174
1990,10421,群馬県,吾妻郡,中之条町,172
1990,10422,群馬県,吾妻郡,東村,172
1990,10423,群馬県,吾妻郡,吾妻町,172
1990,10424,群馬県,吾妻郡,長野原町,176
1990,10425,群馬県,吾妻郡,嬬恋村,176
1990,10426,群馬県,吾妻郡,草津町,176
1990,10427,群馬県,吾妻郡,六合村,176
1990,10428,群馬県,吾妻郡,高山村,172
1990,10441,群馬県,利根郡,白沢村,171
1990,10442,群馬県,利根郡,利根村,171
1990,10443,群馬県,利根郡,片品村,171
1990,10444,群馬県,利根郡,川場村,171
1990,10445,群馬県,利根郡,月夜野町,171
1990,10446,群馬県,利根郡,水上町,171
1990,10447,群馬県,利根郡,新治村,171
1990,10448,群馬県,利根郡,昭和村,171
1990,10461,群馬県,佐波郡,赤堀町,169
1990,10462,群馬県,佐波郡,東村,169
1990,10463,群馬県,佐波郡,境町,169
1990,10464,群馬県,佐波郡,玉村町,168
1990,10481,群馬県,新田郡,尾島町,170
1990,10482,群馬県,新田郡,新田町,170
1990,10483,群馬県,新田郡,藪塚本町,169
1990,10484,群馬県,新田郡,笠懸町,169
1990,10501,群馬県,山田郡,大間々町,169
1990,10521,群馬県,邑楽郡,板倉町,170
1990,10522,群馬県,邑楽郡,明和村,170
1990,10523,群馬県,邑楽郡,千代田町,170
1990,10524,群馬県,邑楽郡,大泉町,170
1990,10525,群馬県,邑楽郡,邑楽町,170
1990,11201,埼玉県,,川越市,177
1990,11202,埼玉県,,熊谷市,178
1990,11203,埼玉県,,川口市,179
1990,11204,埼玉県,,浦和市,179
1990,11205,埼玉県,,大宮市,179
1990,11206,埼玉県,,行田市,180
1990,11207,埼玉県,,秩父市,181
1990,11208,埼玉県,,所沢市,182
1990,11209,埼玉県,,飯能市,182
1990,11210,埼玉県,,加須市,180
1990,11211,埼玉県,,本庄市,173
1990,11212,埼玉県,,東松山市,177
1990,11213,埼玉県,,岩槻市,183
1990,11214,埼玉県,,春日部市,183
1990,11215,埼玉県,,狭山市,182
1990,11216,埼玉県,,羽生市,180
1990,11217,埼玉県,,鴻巣市,180
1990,11218,埼玉県,,深谷市,178
1990,11219,埼玉県,,上尾市,179
1990,11220,埼玉県,,与野市,179
1990,11221,埼玉県,,草加市,184
1990,11222,埼玉県,,越谷市,184
1990,11223,埼玉県,,蕨市,179
1990,11224,埼玉県,,戸田市,179
1990,11225,埼玉県,,入間市,182
1990,11226,埼玉県,,鳩ヶ谷市,179
1990,11227,埼玉県,,朝霞市,185
1990,11228,埼玉県,,志木市,185
1990,11229,埼玉県,,和光市,185
1990,11230,埼玉県,,新座市,185
1990,11231,埼玉県,,桶川市,179
1990,11232,埼玉県,,久喜市,159
1990,11233,埼玉県,,北本市,179
1990,11234,埼玉県,,八潮市,184
1990,11235,埼玉県,,富士見市,186
1990,11236,埼玉県,,上福岡市,186
1990,11237,埼玉県,,三郷市,184
1990,11238,埼玉県,,蓮田市,179
1990,11239,埼玉県,,坂戸市,177
1990,11240,埼玉県,,幸手市,159
1990,11301,埼玉県,北足立郡,伊奈町,179
1990,11304,埼玉県,北足立郡,吹上町,180
1990,11322,埼玉県,入間郡,大井町,186
1990,11324,埼玉県,入間郡,三芳町,186
1990,11326,埼玉県,入間郡,毛呂山町,177
1990,11327,埼玉県,入間郡,越生町,177
1990,11328,埼玉県,入間郡,鶴ヶ島町,177
1990,11329,埼玉県,入間郡,日高町,182
1990,11330,埼玉県,入間郡,名栗村,182
1990,11341,埼玉県,比企郡,滑川町,177
1990,11342,埼玉県,比企郡,嵐山町,177
1990,11343,埼玉県,比企郡,小川町,177
1990,11344,埼玉県,比企郡,都幾川村,177
1990,11345,埼玉県,比企郡,玉川村,177
1990,11346,埼玉県,比企郡,川島町,177
1990,11347,埼玉県,比企郡,吉見町,177
1990,11348,埼玉県,比企郡,鳩山町,177
1990,11361,埼玉県,秩父郡,横瀬町,181
1990,11362,埼玉県,秩父郡,皆野町,181
1990,11363,埼玉県,秩父郡,長瀞町,181
1990,11364,埼玉県,秩父郡,吉田町,181
1990,11365,埼玉県,秩父郡,小鹿野町,181
1990,11366,埼玉県,秩父郡,両神村,181
1990,11367,埼玉県,秩父郡,大滝村,181
1990,11368,埼玉県,秩父郡,荒川村,181
1990,11369,埼玉県,秩父郡,東秩父村,177
1990,11381,埼玉県,児玉郡,美里町,173
1990,11382,埼玉県,児玉郡,児玉町,173
1990,11383,埼玉県,児玉郡,神川町,173
1990,11384,埼玉県,児玉郡,神泉村,173
1990,11385,埼玉県,児玉郡,上里町,173
1990,11401,埼玉県,大里郡,大里村,178
1990,11402,埼玉県,大里郡,江南町,178
1990,11403,埼玉県,大里郡,妻沼町,178
1990,11405,埼玉県,大里郡,岡部町,178
1990,11406,埼玉県,大里郡,川本町,178
1990,11407,埼玉県,大里郡,花園町,178
1990,11408,埼玉県,大里郡,寄居町,178
1990,11421,埼玉県,北埼玉郡,騎西町,180
1990,11422,埼玉県,北埼玉郡,南河原村,180
1990,11423,埼玉県,北埼玉郡,川里村,180
1990,11424,埼玉県,北埼玉郡,北川辺町,148
1990,11425,埼玉県,北埼玉郡,大利根町,159
1990,11442,埼玉県,南埼玉郡,宮代町,183
1990,11445,埼玉県,南埼玉郡,白岡町,179
1990,11446,埼玉県,南埼玉郡,菖蒲町,159
1990,11461,埼玉県,北葛飾郡,栗橋町,159
1990,11462,埼玉県,北葛飾郡,鷲宮町,159
1990,11464,埼玉県,北葛飾郡,杉戸町,183
1990,11465,埼玉県,北葛飾郡,松伏町,184
1990,11466,埼玉県,北葛飾郡,吉川町,184
1990,11468,埼玉県,北葛飾郡,庄和町,183
1990,12201,千葉県,,千葉市,187
1990,12202,千葉県,,銚子市,188
1990,12203,千葉県,,市川市,185
1990,12204,千葉県,,船橋市,189
1990,12205,千葉県,,館山市,190
1990,12206,千葉県,,木更津市,191
1990,12207,千葉県,,松戸市,192
1990,12208,千葉県,,野田市,192
1990,12209,千葉県,,佐原市,193
1990,12210,千葉県,,茂原市,194
1990,12211,千葉県,,成田市,193
1990,12212,千葉県,,佐倉市,189
1990,12213,千葉県,,東金市,187
1990,12214,千葉県,,八日市場市,187
1990,12215,千葉県,,旭市,188
1990,12216,千葉県,,習志野市,189
1990,12217,千葉県,,柏市,192
1990,12218,千葉県,,勝浦市,194
1990,12219,千葉県,,市原市,191
1990,12220,千葉県,,流山市,192
1990,12221,千葉県,,八千代市,189
1990,12222,千葉県,,我孫子市,192
1990,12223,千葉県,,鴨川市,190
1990,12224,千葉県,,鎌ヶ谷市,189
1990,12225,千葉県,,君津市,191
1990,12226,千葉県,,富津市,191
1990,12227,千葉県,,浦安市,185
1990,12228,千葉県,,四街道市,187
1990,12303,千葉県,東葛飾郡,関宿町,192
1990,12305,千葉県,東葛飾郡,沼南町,192
1990,12322,千葉県,印旛郡,酒々井町,189
1990,12323,千葉県,印旛郡,八街町,187
1990,12324,千葉県,印旛郡,富里町,193
1990,12325,千葉県,印旛郡,印旛村,189
1990,12326,千葉県,印旛郡,白井町,189
1990,12327,千葉県,印旛郡,印西町,195
1990,12328,千葉県,印旛郡,本埜村,195
1990,12329,千葉県,印旛郡,栄町,195
1990,12341,千葉県,香取郡,下総町,193
1990,12342,千葉県,香取郡,神崎町,193
1990,12343,千葉県,香取郡,大栄町,193
1990,12344,千葉県,香取郡,小見川町,193
1990,12345,千葉県,香取郡,山田町,193
1990,12346,千葉県,香取郡,栗源町,193
1990,12347,千葉県,香取郡,多古町,193
1990,12348,千葉県,香取郡,干潟町,188
1990,12349,千葉県,香取郡,東庄町,158
1990,12361,千葉県,海上郡,海上町,188
1990,12362,千葉県,海上郡,飯岡町,188
1990,12381,千葉県,匝瑳郡,光町,187
1990,12382,千葉県,匝瑳郡,野栄町,187
1990,12402,千葉県,山武郡,大網白里町,187
1990,12403,千葉県,山武郡,九十九里町,187
1990,12404,千葉県,山武郡,成東町,187
1990,12405,千葉県,山武郡,山武町,187
1990,12406,千葉県,山武郡,蓮沼村,187
1990,12407,千葉県,山武郡,松尾町,187
1990,12408,千葉県,山武郡,横芝町,187
1990,12409,千葉県,山武郡,芝山町,193
1990,12421,千葉県,長生郡,一宮町,194
1990,12422,千葉県,長生郡,睦沢町,194
1990,12423,千葉県,長生郡,長生村,194
1990,12424,千葉県,長生郡,白子町,194
1990,12426,千葉県,長生郡,長柄町,194
1990,12427,千葉県,長生郡,長南町,194
1990,12441,千葉県,夷隅郡,大多喜町,194
1990,12442,千葉県,夷隅郡,夷隅町,194
1990,12443,千葉県,夷隅郡,御宿町,194
1990,12444,千葉県,夷隅郡,大原町,194
1990,12445,千葉県,夷隅郡,岬町,194
1990,12461,千葉県,安房郡,富浦町,190
1990,12462,千葉県,安房郡,富山町,190
1990,12463,千葉県,安房郡,鋸南町,190
1990,12464,千葉県,安房郡,三芳村,190
1990,12465,千葉県,安房郡,白浜町,190
1990,12466,千葉県,安房郡,千倉町,190
1990,12467,千葉県,安房郡,丸山町,190
1990,12468,千葉県,安房郡,和田町,190
1990,12472,千葉県,安房郡,天津小湊町,190
1990,12481,千葉県,君津郡,袖ヶ浦町,191
1990,13101,東京都,,千代田区,185
1990,13102,東京都,,中央区,185
1990,13103,東京都,,港区,185
1990,13104,東京都,,新宿区,185
1990,13105,東京都,,文京区,185
1990,13106,東京都,,台東区,185
1990,13107,東京都,,墨田区,185
1990,13108,東京都,,江東区,185
1990,13109,東京都,,品川区,185
1990,13110,東京都,,目黒区,185
1990,13111,東京都,,大田区,185
1990,13112,東京都,,世田谷区,185
1990,13113,東京都,,渋谷区,185
1990,13114,東京都,,中野区,185
1990,13115,東京都,,杉並区,185
1990,13116,東京都,,豊島区,185
1990,13117,東京都,,北区,185
1990,13118,東京都,,荒川区,185
1990,13119,東京都,,板橋区,185
1990,13120,東京都,,練馬区,185
1990,13121,東京都,,足立区,185
1990,13122,東京都,,葛飾区,185
1990,13123,東京都,,江戸川区,185
1990,13201,東京都,,八王子市,196
1990,13202,東京都,,立川市,197
1990,13203,東京都,,武蔵野市,185
1990,13204,東京都,,三鷹市,185
1990,13205,東京都,,青梅市,197
1990,13206,東京都,,府中市,185
1990,13207,東京都,,昭島市,197
1990,13208,東京都,,調布市,185
1990,13209,東京都,,町田市,198
1990,13210,東京都,,小金井市,185
1990,13211,東京都,,小平市,185
1990,13212,東京都,,日野市,196
1990,13213,東京都,,東村山市,185
1990,13214,東京都,,国分寺市,185
1990,13215,東京都,,国立市,185
1990,13216,東京都,,田無市,185
1990,13217,東京都,,保谷市,185
1990,13218,東京都,,福生市,197
1990,13219,東京都,,狛江市,185
1990,13220,東京都,,東大和市,185
1990,13221,東京都,,清瀬市,185
1990,13222,東京都,,東久留米市,185
1990,13223,東京都,,武蔵村山市,197
1990,13224,東京都,,多摩市,185
1990,13225,東京都,,稲城市,185
1990,13226,東京都,,秋川市,197
1990,13302,東京都,西多摩郡,羽村町,197
1990,13303,東京都,西多摩郡,瑞穂町,197
1990,13305,東京都,西多摩郡,日の出町,197
1990,13306,東京都,西多摩郡,五日市町,197
1990,13307,東京都,西多摩郡,檜原村,197
1990,13308,東京都,西多摩郡,奥多摩町,197
1990,13361,東京都,大島支庁,大島町,513
1990,13362,東京都,大島支庁,利島村,514
1990,13363,東京都,大島支庁,新島本村,515
1990,13364,東京都,大島支庁,神津島村,516
1990,13381,東京都,三宅支庁,三宅村,517
1990,13382,東京都,三宅支庁,御蔵島村,518
1990,13401,東京都,八丈支庁,八丈町,519
1990,13402,東京都,八丈支庁,青ヶ島村,520
1990,13421,東京都,小笠原支庁,小笠原村,521
1990,14100,神奈川県,,横浜市,199
1990,14130,神奈川県,,川崎市,185
1990,14201,神奈川県,,横須賀市,199
1990,14203,神奈川県,,平塚市,200
1990,14204,神奈川県,,鎌倉市,199
1990,14205,神奈川県,,藤沢市,199
1990,14206,神奈川県,,小田原市,200
1990,14207,神奈川県,,茅ヶ崎市,199
1990,14208,神奈川県,,逗子市,199
1990,14209,神奈川県,,相模原市,198
1990,14210,神奈川県,,三浦市,199
1990,14211,神奈川県,,秦野市,200
1990,14212,神奈川県,,厚木市,198
1990,14213,神奈川県,,大和市,199
1990,14214,神奈川県,,伊勢原市,198
1990,14215,神奈川県,,海老名市,199
1990,14216,神奈川県,,座間市,199
1990,14217,神奈川県,,南足柄市,200
1990,14218,神奈川県,,綾瀬市,199
1990,14301,神奈川県,三浦郡,葉山町,199
1990,14321,神奈川県,高座郡,寒川町,199
1990,14341,神奈川県,中郡,大磯町,200
1990,14342,神奈川県,中郡,二宮町,200
1990,14361,神奈川県,足柄上郡,中井町,200
1990,14362,神奈川県,足柄上郡,大井町,200
1990,14363,神奈川県,足柄上郡,松田町,200
1990,14364,神奈川県,足柄上郡,山北町,200
1990,14366,神奈川県,足柄上郡,開成町,200
1990,14382,神奈川県,足柄下郡,箱根町,200
1990,14383,神奈川県,足柄下郡,真鶴町,201
1990,14384,神奈川県,足柄下郡,湯河原町,201
1990,14401,神奈川県,愛甲郡,愛川町,198
1990,14402,神奈川県,愛甲郡,清川村,198
1990,14421,神奈川県,津久井郡,城山町,198
1990,14422,神奈川県,津久井郡,津久井町,198
1990,14423,神奈川県,津久井郡,相模湖町,196
1990,14424,神奈川県,津久井郡,藤野町,196
1990,15201,新潟県,,新潟市,202
1990,15202,新潟県,,長岡市,203
1990,15204,新潟県,,三条市,204
1990,15205,新潟県,,柏崎市,205
1990,15206,新潟県,,新発田市,206
1990,15207,新潟県,,新津市,202
1990,15208,新潟県,,小千谷市,203
1990,15209,新潟県,,加茂市,204
1990,15210,新潟県,,十日町市,207
1990,15211,新潟県,,見附市,203
1990,15212,新潟県,,村上市,208
1990,15213,新潟県,,燕市,209
1990,15215,新潟県,,栃尾市,203
1990,15216,新潟県,,糸魚川市,210
1990,15217,新潟県,,新井市,211
1990,15218,新潟県,,五泉市,212
1990,15219,新潟県,,両津市,522
1990,15220,新潟県,,白根市,202
1990,15221,新潟県,,豊栄市,202
1990,15222,新潟県,,上越市,213
1990,15301,新潟県,北蒲原郡,安田町,202
1990,15302,新潟県,北蒲原郡,京ヶ瀬村,202
1990,15303,新潟県,北蒲原郡,水原町,202
1990,15304,新潟県,北蒲原郡,笹神村,202
1990,15306,新潟県,北蒲原郡,豊浦町,206
1990,15307,新潟県,北蒲原郡,聖籠町,206
1990,15308,新潟県,北蒲原郡,加治川村,206
1990,15309,新潟県,北蒲原郡,紫雲寺町,206
1990,15310,新潟県,北蒲原郡,中条町,208
1990,15311,新潟県,北蒲原郡,黒川村,208
1990,15321,新潟県,中蒲原郡,小須戸町,202
1990,15322,新潟県,中蒲原郡,村松町,212
1990,15323,新潟県,中蒲原郡,横越村,202
1990,15324,新潟県,中蒲原郡,亀田町,202
1990,15341,新潟県,西蒲原郡,岩室村,209
1990,15342,新潟県,西蒲原郡,弥彦村,209
1990,15343,新潟県,西蒲原郡,分水町,209
1990,15344,新潟県,西蒲原郡,吉田町,209
1990,15345,新潟県,西蒲原郡,巻町,209
1990,15346,新潟県,西蒲原郡,西川町,209
1990,15347,新潟県,西蒲原郡,黒埼町,202
1990,15348,新潟県,西蒲原郡,味方村,202
1990,15349,新潟県,西蒲原郡,潟東村,209
1990,15350,新潟県,西蒲原郡,月潟村,202
1990,15351,新潟県,西蒲原郡,中之口村,209
1990,15361,新潟県,南蒲原郡,田上町,204
1990,15362,新潟県,南蒲原郡,下田村,204
1990,15363,新潟県,南蒲原郡,栄町,204
1990,15364,新潟県,南蒲原郡,中之島町,203
1990,15381,新潟県,東蒲原郡,津川町,212
1990,15382,新潟県,東蒲原郡,鹿瀬町,212
1990,15383,新潟県,東蒲原郡,上川村,212
1990,15384,新潟県,東蒲原郡,三川村,212
1990,15401,新潟県,三島郡,越路町,203
1990,15402,新潟県,三島郡,三島町,203
1990,15403,新潟県,三島郡,与板町,203
1990,15404,新潟県,三島郡,和島村,209
1990,15405,新潟県,三島郡,出雲崎町,209
1990,15406,新潟県,三島郡,寺泊町,209
1990,15421,新潟県,古志郡,山古志村,203
1990,15441,新潟県,北魚沼郡,川口町,203
1990,15442,新潟県,北魚沼郡,堀之内町,214
1990,15443,新潟県,北魚沼郡,小出町,214
1990,15444,新潟県,北魚沼郡,湯之谷村,214
1990,15445,新潟県,北魚沼郡,広神村,214
1990,15446,新潟県,北魚沼郡,守門村,214
1990,15447,新潟県,北魚沼郡,入広瀬村,214
1990,15461,新潟県,南魚沼郡,湯沢町,215
1990,15462,新潟県,南魚沼郡,塩沢町,215
1990,15463,新潟県,南魚沼郡,六日町,215
1990,15464,新潟県,南魚沼郡,大和町,215
1990,15481,新潟県,中魚沼郡,川西町,207
1990,15482,新潟県,中魚沼郡,津南町,207
1990,15483,新潟県,中魚沼郡,中里村,207
1990,15501,新潟県,刈羽郡,高柳町,205
1990,15502,新潟県,刈羽郡,小国町,203
1990,15504,新潟県,刈羽郡,刈羽村,205
1990,15505,新潟県,刈羽郡,西山町,205
1990,15521,新潟県,東頸城郡,安塚町,213
1990,15522,新潟県,東頸城郡,浦川原村,213
1990,15523,新潟県,東頸城郡,松代町,216
1990,15524,新潟県,東頸城郡,松之山町,216
1990,15525,新潟県,東頸城郡,大島村,213
1990,15526,新潟県,東頸城郡,牧村,213
1990,15541,新潟県,中頸城郡,柿崎町,213
1990,15542,新潟県,中頸城郡,大潟町,213
1990,15543,新潟県,中頸城郡,頸城村,213
1990,15544,新潟県,中頸城郡,吉川町,213
1990,15545,新潟県,中頸城郡,妙高高原町,211
1990,15546,新潟県,中頸城郡,中郷村,211
1990,15547,新潟県,中頸城郡,妙高村,211
1990,15548,新潟県,中頸城郡,板倉町,211
1990,15549,新潟県,中頸城郡,清里村,213
1990,15550,新潟県,中頸城郡,三和村,213
1990,15561,新潟県,西頸城郡,名立町,213
1990,15562,新潟県,西頸城郡,能生町,210
1990,15563,新潟県,西頸城郡,青海町,210
1990,15581,新潟県,岩船郡,関川村,208
1990,15582,新潟県,岩船郡,荒川町,208
1990,15583,新潟県,岩船郡,神林村,208
1990,15584,新潟県,岩船郡,朝日村,208
1990,15585,新潟県,岩船郡,山北町,128
1990,15586,新潟県,岩船郡,粟島浦村,524
1990,15601,新潟県,佐渡郡,相川町,522
1990,15602,新潟県,佐渡郡,佐和田町,522
1990,15603,新潟県,佐渡郡,金井町,522
1990,15604,新潟県,佐渡郡,新穂村,522
1990,15605,新潟県,佐渡郡,畑野町,522
1990,15606,新潟県,佐渡郡,真野町,522
1990,15607,新潟県,佐渡郡,小木町,523
1990,15608,新潟県,佐渡郡,羽茂町,523
1990,15609,新潟県,佐渡郡,赤泊村,523
1990,16201,富山県,,富山市,217
1990,16202,富山県,,高岡市,218
1990,16203,富山県,,新湊市,218
1990,16204,富山県,,魚津市,219
1990,16205,富山県,,氷見市,218
1990,16206,富山県,,滑川市,219
1990,16207,富山県,,黒部市,219
1990,16208,富山県,,砺波市,220
1990,16209,富山県,,小矢部市,218
1990,16301,富山県,上新川郡,大沢野町,217
1990,16302,富山県,上新川郡,大山町,217
1990,16321,富山県,中新川郡,舟橋村,217
1990,16322,富山県,中新川郡,上市町,217
1990,16323,富山県,中新川郡,立山町,217
1990,16341,富山県,下新川郡,宇奈月町,219
1990,16342,富山県,下新川郡,入善町,219
1990,16343,富山県,下新川郡,朝日町,219
1990,16361,富山県,婦負郡,八尾町,217
1990,16362,富山県,婦負郡,婦中町,217
1990,16363,富山県,婦負郡,山田村,217
1990,16364,富山県,婦負郡,細入村,217
1990,16381,富山県,射水郡,小杉町,218
1990,16382,富山県,射水郡,大門町,218
1990,16383,富山県,射水郡,下村,218
1990,16384,富山県,射水郡,大島町,218
1990,16401,富山県,東礪波郡,城端町,220
1990,16402,富山県,東礪波郡,平村,221
1990,16403,富山県,東礪波郡,上平村,221
1990,16404,富山県,東礪波郡,利賀村,222
1990,16405,富山県,東礪波郡,庄川町,220
1990,16406,富山県,東礪波郡,井波町,220
1990,16407,富山県,東礪波郡,井口村,220
1990,16408,富山県,東礪波郡,福野町,220
1990,16421,富山県,西礪波郡,福光町,220
1990,16422,富山県,西礪波郡,福岡町,218
1990,17201,石川県,,金沢市,223
1990,17202,石川県,,七尾市,224
1990,17203,石川県,,小松市,225
1990,17204,石川県,,輪島市,226
1990,17205,石川県,,珠洲市,227
1990,17206,石川県,,加賀市,225
1990,17207,石川県,,羽咋市,224
1990,17208,石川県,,松任市,223
1990,17301,石川県,江沼郡,山中町,225
1990,17321,石川県,能美郡,根上町,225
1990,17322,石川県,能美郡,寺井町,225
1990,17323,石川県,能美郡,辰口町,225
1990,17324,石川県,能美郡,川北町,223
1990,17342,石川県,石川郡,美川町,223
1990,17343,石川県,石川郡,鶴来町,223
1990,17344,石川県,石川郡,野々市町,223
1990,17345,石川県,石川郡,河内村,223
1990,17346,石川県,石川郡,吉野谷村,223
1990,17347,石川県,石川郡,鳥越村,223
1990,17348,石川県,石川郡,尾口村,223
1990,17349,石川県,石川郡,白峰村,228
1990,17361,石川県,河北郡,津幡町,223
1990,17362,石川県,河北郡,高松町,223
1990,17363,石川県,河北郡,七塚町,223
1990,17364,石川県,河北郡,宇ノ気町,223
1990,17365,石川県,河北郡,内灘町,223
1990,17382,石川県,羽咋郡,富来町,224
1990,17383,石川県,羽咋郡,志雄町,224
1990,17384,石川県,羽咋郡,志賀町,224
1990,17385,石川県,羽咋郡,押水町,224
1990,17401,石川県,鹿島郡,田鶴浜町,224
1990,17402,石川県,鹿島郡,鳥屋町,224
1990,17403,石川県,鹿島郡,中島町,224
1990,17404,石川県,鹿島郡,鹿島町,224
1990,17405,石川県,鹿島郡,能登島町,525
1990,17406,石川県,鹿島郡,鹿西町,224
1990,17421,石川県,鳳至郡,穴水町,226
1990,17422,石川県,鳳至郡,門前町,226
1990,17423,石川県,鳳至郡,能都町,227
1990,17424,石川県,鳳至郡,柳田村,227
1990,17441,石川県,珠洲郡,内浦町,227
1990,18201,福井県,,福井市,229
1990,18202,福井県,,敦賀市,230
1990,18203,福井県,,武生市,231
1990,18204,福井県,,小浜市,232
1990,18205,福井県,,大野市,228
1990,18206,福井県,,勝山市,228
1990,18207,福井県,,鯖江市,231
1990,18302,福井県,足羽郡,美山町,229
1990,18321,福井県,吉田郡,松岡町,229
1990,18322,福井県,吉田郡,永平寺町,229
1990,18323,福井県,吉田郡,上志比村,228
1990,18342,福井県,大野郡,和泉村,228
1990,18361,福井県,坂井郡,三国町,229
1990,18362,福井県,坂井郡,芦原町,229
1990,18363,福井県,坂井郡,金津町,229
1990,18364,福井県,坂井郡,丸岡町,229
1990,18365,福井県,坂井郡,春江町,229
1990,18366,福井県,坂井郡,坂井町,229
1990,18381,福井県,今立郡,今立町,231
1990,18382,福井県,今立郡,池田町,231
1990,18401,福井県,南条郡,南条町,231
1990,18402,福井県,南条郡,今庄町,231
1990,18403,福井県,南条郡,河野村,231
1990,18421,福井県,丹生郡,朝日町,231
1990,18422,福井県,丹生郡,宮崎村,231
1990,18423,福井県,丹生郡,越前町,231
1990,18424,福井県,丹生郡,越廼村,229
1990,18425,福井県,丹生郡,織田町,231
1990,18426,福井県,丹生郡,清水町,229
1990,18441,福井県,三方郡,三方町,230
1990,18442,福井県,三方郡,美浜町,230
1990,18461,福井県,遠敷郡,上中町,232
1990,18462,福井県,遠敷郡,名田庄村,232
1990,18481,福井県,大飯郡,高浜町,232
1990,18482,福井県,大飯郡,大飯町,232
1990,19201,山梨県,,甲府市,233
1990,19202,山梨県,,富士吉田市,234
1990,19203,山梨県,,塩山市,235
1990,19204,山梨県,,都留市,234
1990,19205,山梨県,,山梨市,235
1990,19206,山梨県,,大月市,234
1990,19207,山梨県,,韮崎市,236
1990,19301,山梨県,東山梨郡,春日居町,237
1990,19302,山梨県,東山梨郡,牧丘町,235
1990,19303,山梨県,東山梨郡,三富村,235
1990,19304,山梨県,東山梨郡,勝沼町,235
1990,19305,山梨県,東山梨郡,大和村,235
1990,19321,山梨県,東八代郡,石和町,237
1990,19322,山梨県,東八代郡,御坂町,237
1990,19323,山梨県,東八代郡,一宮町,237
1990,19324,山梨県,東八代郡,八代町,237
1990,19325,山梨県,東八代郡,境川村,233
1990,19326,山梨県,東八代郡,中道町,233
1990,19327,山梨県,東八代郡,芦川村,237
1990,19328,山梨県,東八代郡,豊富村,233
1990,19341,山梨県,西八代郡,上九一色村,238
1990,19342,山梨県,西八代郡,三珠町,233
1990,19343,山梨県,西八代郡,市川大門町,233
1990,19344,山梨県,西八代郡,六郷町,233
1990,19345,山梨県,西八代郡,下部町,233
1990,19361,山梨県,南巨摩郡,増穂町,233
1990,19362,山梨県,南巨摩郡,鰍沢町,233
1990,19363,山梨県,南巨摩郡,中富町,239
1990,19364,山梨県,南巨摩郡,早川町,239
1990,19365,山梨県,南巨摩郡,身延町,239
1990,19366,山梨県,南巨摩郡,南部町,240
1990,19367,山梨県,南巨摩郡,富沢町,240
1990,19381,山梨県,中巨摩郡,竜王町,233
1990,19382,山梨県,中巨摩郡,敷島町,233
1990,19383,山梨県,中巨摩郡,玉穂町,233
1990,19384,山梨県,中巨摩郡,昭和町,233
1990,19385,山梨県,中巨摩郡,田富町,233
1990,19386,山梨県,中巨摩郡,八田村,233
1990,19387,山梨県,中巨摩郡,白根町,233
1990,19388,山梨県,中巨摩郡,芦安村,233
1990,19389,山梨県,中巨摩郡,若草町,233
1990,19390,山梨県,中巨摩郡,櫛形町,233
1990,19391,山梨県,中巨摩郡,甲西町,233
1990,19401,山梨県,北巨摩郡,双葉町,233
1990,19402,山梨県,北巨摩郡,明野村,236
1990,19403,山梨県,北巨摩郡,須玉町,236
1990,19404,山梨県,北巨摩郡,高根町,236
1990,19405,山梨県,北巨摩郡,長坂町,236
1990,19406,山梨県,北巨摩郡,大泉村,236
1990,19407,山梨県,北巨摩郡,小淵沢町,236
1990,19408,山梨県,北巨摩郡,白州町,236
1990,19409,山梨県,北巨摩郡,武川村,236
1990,19421,山梨県,南都留郡,秋山村,196
1990,19422,山梨県,南都留郡,道志村,241
1990,19423,山梨県,南都留郡,西桂町,234
1990,19424,山梨県,南都留郡,忍野村,234
1990,19425,山梨県,南都留郡,山中湖村,234
1990,19426,山梨県,南都留郡,河口湖町,234
1990,19427,山梨県,南都留郡,勝山村,234
1990,19428,山梨県,南都留郡,足和田村,234
1990,19429,山梨県,南都留郡,鳴沢村,234
1990,19441,山梨県,北都留郡,上野原町,196
1990,19442,山梨県,北都留郡,小菅村,242
1990,19443,山梨県,北都留郡,丹波山村,242
1990,20201,長野県,,長野市,243
1990,20202,長野県,,松本市,244
1990,20203,長野県,,上田市,245
1990,20204,長野県,,岡谷市,246
1990,20205,長野県,,飯田市,247
1990,20206,長野県,,諏訪市,246
1990,20207,長野県,,須坂市,243
1990,20208,長野県,,小諸市,248
1990,20209,長野県,,伊那市,249
1990,20210,長野県,,駒ヶ根市,249
1990,20211,長野県,,中野市,250
1990,20212,長野県,,大町市,251
1990,20213,長野県,,飯山市,250
1990,20214,長野県,,茅野市,246
1990,20215,長野県,,塩尻市,244
1990,20216,長野県,,更埴市,252
1990,20217,長野県,,佐久市,248
1990,20301,長野県,南佐久郡,臼田町,248
1990,20302,長野県,南佐久郡,佐久町,248
1990,20303,長野県,南佐久郡,小海町,253
1990,20304,長野県,南佐久郡,川上村,253
1990,20305,長野県,南佐久郡,南牧村,253
1990,20306,長野県,南佐久郡,南相木村,253
1990,20307,長野県,南佐久郡,北相木村,253
1990,20308,長野県,南佐久郡,八千穂村,248
1990,20321,長野県,北佐久郡,軽井沢町,248
1990,20322,長野県,北佐久郡,望月町,248
1990,20323,長野県,北佐久郡,御代田町,248
1990,20324,長野県,北佐久郡,立科町,248
1990,20325,長野県,北佐久郡,浅科村,248
1990,20326,長野県,北佐久郡,北御牧村,245
1990,20341,長野県,小県郡,丸子町,245
1990,20342,長野県,小県郡,長門町,245
1990,20343,長野県,小県郡,東部町,245
1990,20345,長野県,小県郡,真田町,245
1990,20346,長野県,小県郡,武石村,245
1990,20347,長野県,小県郡,和田村,245
1990,20349,長野県,小県郡,青木村,245
1990,20361,長野県,諏訪郡,下諏訪町,246
1990,20362,長野県,諏訪郡,富士見町,246
1990,20363,長野県,諏訪郡,原村,246
1990,20381,長野県,上伊那郡,高遠町,249
1990,20382,長野県,上伊那郡,辰野町,246
1990,20383,長野県,上伊那郡,箕輪町,249
1990,20384,長野県,上伊那郡,飯島町,249
1990,20385,長野県,上伊那郡,南箕輪村,249
1990,20386,長野県,上伊那郡,中川村,249
1990,20387,長野県,上伊那郡,長谷村,249
1990,20388,長野県,上伊那郡,宮田村,249
1990,20402,長野県,下伊那郡,松川町,249
1990,20403,長野県,下伊那郡,高森町,247
1990,20404,長野県,下伊那郡,阿南町,254
1990,20405,長野県,下伊那郡,上郷町,247
1990,20406,長野県,下伊那郡,清内路村,247
1990,20407,長野県,下伊那郡,阿智村,247
1990,20408,長野県,下伊那郡,浪合村,247
1990,20409,長野県,下伊那郡,平谷村,255
1990,20410,長野県,下伊那郡,根羽村,255
1990,20411,長野県,下伊那郡,下條村,247
1990,20412,長野県,下伊那郡,売木村,254
1990,20413,長野県,下伊那郡,天龍村,256
1990,20414,長野県,下伊那郡,泰阜村,254
1990,20415,長野県,下伊那郡,喬木村,247
1990,20416,長野県,下伊那郡,豊丘村,247
1990,20417,長野県,下伊那郡,大鹿村,257
1990,20418,長野県,下伊那郡,上村,258
1990,20419,長野県,下伊那郡,南信濃村,258
1990,20421,長野県,木曽郡,木曽福島町,259
1990,20422,長野県,木曽郡,上松町,259
1990,20423,長野県,木曽郡,南木曽町,260
1990,20424,長野県,木曽郡,楢川村,244
1990,20425,長野県,木曽郡,木祖村,259
1990,20426,長野県,木曽郡,日義村,259
1990,20427,長野県,木曽郡,開田村,259
1990,20428,長野県,木曽郡,三岳村,259
1990,20429,長野県,木曽郡,王滝村,259
1990,20430,長野県,木曽郡,大桑村,260
1990,20431,長野県,木曽郡,山口村,261
1990,20441,長野県,東筑摩郡,明科町,244
1990,20443,長野県,東筑摩郡,四賀村,244
1990,20444,長野県,東筑摩郡,本城村,262
1990,20445,長野県,東筑摩郡,坂北村,262
1990,20446,長野県,東筑摩郡,麻績村,262
1990,20447,長野県,東筑摩郡,坂井村,262
1990,20448,長野県,東筑摩郡,生坂村,244
1990,20449,長野県,東筑摩郡,波田町,244
1990,20450,長野県,東筑摩郡,山形村,244
1990,20451,長野県,東筑摩郡,朝日村,244
1990,20461,長野県,南安曇郡,豊科町,244
1990,20462,長野県,南安曇郡,穂高町,244
1990,20463,長野県,南安曇郡,奈川村,263
1990,20464,長野県,南安曇郡,安曇村,263
1990,20465,長野県,南安曇郡,梓川村,244
1990,20466,長野県,南安曇郡,三郷村,244
1990,20467,長野県,南安曇郡,堀金村,244
1990,20481,長野県,北安曇郡,池田町,251
1990,20482,長野県,北安曇郡,松川村,251
1990,20483,長野県,北安曇郡,八坂村,251
1990,20484,長野県,北安曇郡,美麻村,251
1990,20485,長野県,北安曇郡,白馬村,251
1990,20486,長野県,北安曇郡,小谷村,251
1990,20501,長野県,更級郡,上山田町,252
1990,20502,長野県,更級郡,大岡村,264
1990,20521,長野県,埴科郡,坂城町,252
1990,20522,長野県,埴科郡,戸倉町,252
1990,20541,長野県,上高井郡,小布施町,243
1990,20543,長野県,上高井郡,高山村,243
1990,20561,長野県,下高井郡,山ノ内町,250
1990,20562,長野県,下高井郡,木島平村,250
1990,20563,長野県,下高井郡,野沢温泉村,250
1990,20581,長野県,上水内郡,信州新町,264
1990,20582,長野県,上水内郡,豊野町,243
1990,20583,長野県,上水内郡,信濃町,243
1990,20584,長野県,上水内郡,牟礼村,243
1990,20585,長野県,上水内郡,三水村,243
1990,20586,長野県,上水内郡,戸隠村,243
1990,20587,長野県,上水内郡,鬼無里村,243
1990,20588,長野県,上水内郡,小川村,243
1990,20589,長野県,上水内郡,中条村,243
1990,20601,長野県,下水内郡,豊田村,250
1990,20602,長野県,下水内郡,栄村,207
1990,21201,岐阜県,,岐阜市,265
1990,21202,岐阜県,,大垣市,266
1990,21203,岐阜県,,高山市,267
1990,21204,岐阜県,,多治見市,268
1990,21205,岐阜県,,関市,269
1990,21206,岐阜県,,中津川市,261
1990,21207,岐阜県,,美濃市,269
1990,21208,岐阜県,,瑞浪市,268
1990,21209,岐阜県,,羽島市,265
1990,21210,岐阜県,,恵那市,261
1990,21211,岐阜県,,美濃加茂市,270
1990,21212,岐阜県,,土岐市,268
1990,21213,岐阜県,,各務原市,265
1990,21214,岐阜県,,可児市,270
1990,21301,岐阜県,羽島郡,川島町,271
1990,21302,岐阜県,羽島郡,岐南町,265
1990,21303,岐阜県,羽島郡,笠松町,265
1990,21304,岐阜県,羽島郡,柳津町,265
1990,21321,岐阜県,海津郡,海津町,272
1990,21322,岐阜県,海津郡,平田町,272
1990,21323,岐阜県,海津郡,南濃町,272
1990,21341,岐阜県,養老郡,養老町,266
1990,21342,岐阜県,養老郡,上石津町,266
1990,21361,岐阜県,不破郡,垂井町,266
1990,21362,岐阜県,不破郡,関ヶ原町,266
1990,21381,岐阜県,安八郡,神戸町,266
1990,21382,岐阜県,安八郡,輪之内町,266
1990,21383,岐阜県,安八郡,安八町,266
1990,21384,岐阜県,安八郡,墨俣町,266
1990,21401,岐阜県,揖斐郡,揖斐川町,273
1990,21402,岐阜県,揖斐郡,谷汲村,265
1990,21403,岐阜県,揖斐郡,大野町,265
1990,21404,岐阜県,揖斐郡,池田町,266
1990,21405,岐阜県,揖斐郡,春日村,273
1990,21406,岐阜県,揖斐郡,久瀬村,273
1990,21407,岐阜県,揖斐郡,藤橋村,273
1990,21408,岐阜県,揖斐郡,坂内村,273
1990,21421,岐阜県,本巣郡,北方町,265
1990,21422,岐阜県,本巣郡,本巣町,265
1990,21423,岐阜県,本巣郡,穂積町,265
1990,21424,岐阜県,本巣郡,巣南町,265
1990,21425,岐阜県,本巣郡,真正町,265
1990,21426,岐阜県,本巣郡,糸貫町,265
1990,21427,岐阜県,本巣郡,根尾村,274
1990,21441,岐阜県,山県郡,高富町,265
1990,21442,岐阜県,山県郡,伊自良村,265
1990,21443,岐阜県,山県郡,美山町,275
1990,21461,岐阜県,武儀郡,洞戸村,275
1990,21462,岐阜県,武儀郡,板取村,275
1990,21463,岐阜県,武儀郡,武芸川町,269
1990,21464,岐阜県,武儀郡,武儀町,269
1990,21465,岐阜県,武儀郡,上之保村,269
1990,21481,岐阜県,郡上郡,八幡町,276
1990,21482,岐阜県,郡上郡,大和町,276
1990,21483,岐阜県,郡上郡,白鳥町,276
1990,21484,岐阜県,郡上郡,高鷲村,276
1990,21485,岐阜県,郡上郡,美並村,276
1990,21486,岐阜県,郡上郡,明方村,276
1990,21487,岐阜県,郡上郡,和良村,277
1990,21501,岐阜県,加茂郡,坂祝町,270
1990,21502,岐阜県,加茂郡,富加町,269
1990,21503,岐阜県,加茂郡,川辺町,270
1990,21504,岐阜県,加茂郡,七宗町,270
1990,21505,岐阜県,加茂郡,八百津町,270
1990,21506,岐阜県,加茂郡,白川町,278
1990,21507,岐阜県,加茂郡,東白川村,278
1990,21521,岐阜県,可児郡,御嵩町,270
1990,21523,岐阜県,可児郡,兼山町,270
1990,21541,岐阜県,土岐郡,笠原町,268
1990,21561,岐阜県,恵那郡,坂下町,261
1990,21562,岐阜県,恵那郡,川上村,261
1990,21563,岐阜県,恵那郡,加子母村,278
1990,21564,岐阜県,恵那郡,付知町,261
1990,21565,岐阜県,恵那郡,福岡町,261
1990,21566,岐阜県,恵那郡,蛭川村,261
1990,21567,岐阜県,恵那郡,岩村町,261
1990,21568,岐阜県,恵那郡,山岡町,268
1990,21569,岐阜県,恵那郡,明智町,268
1990,21570,岐阜県,恵那郡,串原村,268
1990,21571,岐阜県,恵那郡,上矢作町,255
1990,21581,岐阜県,益田郡,萩原町,279
1990,21582,岐阜県,益田郡,小坂町,279
1990,21583,岐阜県,益田郡,下呂町,279
1990,21584,岐阜県,益田郡,金山町,277
1990,21585,岐阜県,益田郡,馬瀬村,279
1990,21601,岐阜県,大野郡,丹生川村,267
1990,21602,岐阜県,大野郡,清見村,267
1990,21603,岐阜県,大野郡,荘川村,276
1990,21604,岐阜県,大野郡,白川村,221
1990,21605,岐阜県,大野郡,宮村,267
1990,21606,岐阜県,大野郡,久々野町,267
1990,21607,岐阜県,大野郡,朝日村,267
1990,21608,岐阜県,大野郡,高根村,267
1990,21621,岐阜県,吉城郡,古川町,267
1990,21622,岐阜県,吉城郡,国府町,267
1990,21623,岐阜県,吉城郡,河合村,267
1990,21624,岐阜県,吉城郡,宮川村,267
1990,21625,岐阜県,吉城郡,神岡町,280
1990,21626,岐阜県,吉城郡,上宝村,280
1990,22201,静岡県,,静岡市,281
1990,22202,静岡県,,浜松市,282
1990,22203,静岡県,,沼津市,283
1990,22204,静岡県,,清水市,240
1990,22205,静岡県,,熱海市,201
1990,22206,静岡県,,三島市,283
1990,22207,静岡県,,富士宮市,240
1990,22208,静岡県,,伊東市,284
1990,22209,静岡県,,島田市,281
1990,22210,静岡県,,富士市,240
1990,22211,静岡県,,磐田市,282
1990,22212,静岡県,,焼津市,281
1990,22213,静岡県,,掛川市,285
1990,22214,静岡県,,藤枝市,281
1990,22215,静岡県,,御殿場市,283
1990,22216,静岡県,,袋井市,285
1990,22217,静岡県,,天竜市,282
1990,22218,静岡県,,浜北市,282
1990,22219,静岡県,,下田市,284
1990,22220,静岡県,,裾野市,283
1990,22221,静岡県,,湖西市,282
1990,22301,静岡県,賀茂郡,東伊豆町,284
1990,22302,静岡県,賀茂郡,河津町,284
1990,22304,静岡県,賀茂郡,南伊豆町,284
1990,22305,静岡県,賀茂郡,松崎町,286
1990,22306,静岡県,賀茂郡,西伊豆町,286
1990,22307,静岡県,賀茂郡,賀茂村,286
1990,22321,静岡県,田方郡,伊豆長岡町,283
1990,22322,静岡県,田方郡,修善寺町,283
1990,22323,静岡県,田方郡,戸田村,287
1990,22324,静岡県,田方郡,土肥町,286
1990,22325,静岡県,田方郡,函南町,283
1990,22326,静岡県,田方郡,韮山町,283
1990,22327,静岡県,田方郡,大仁町,283
1990,22328,静岡県,田方郡,天城湯ヶ島町,283
1990,22329,静岡県,田方郡,中伊豆町,283
1990,22341,静岡県,駿東郡,清水町,283
1990,22342,静岡県,駿東郡,長泉町,283
1990,22344,静岡県,駿東郡,小山町,283
1990,22361,静岡県,富士郡,芝川町,240
1990,22381,静岡県,庵原郡,富士川町,240
1990,22382,静岡県,庵原郡,蒲原町,240
1990,22383,静岡県,庵原郡,由比町,240
1990,22401,静岡県,志太郡,岡部町,281
1990,22402,静岡県,志太郡,大井川町,281
1990,22421,静岡県,榛原郡,御前崎町,285
1990,22422,静岡県,榛原郡,相良町,285
1990,22423,静岡県,榛原郡,榛原町,281
1990,22424,静岡県,榛原郡,吉田町,281
1990,22425,静岡県,榛原郡,金谷町,281
1990,22426,静岡県,榛原郡,川根町,281
1990,22427,静岡県,榛原郡,中川根町,281
1990,22428,静岡県,榛原郡,本川根町,281
1990,22442,静岡県,小笠郡,大須賀町,285
1990,22444,静岡県,小笠郡,浜岡町,285
1990,22445,静岡県,小笠郡,小笠町,285
1990,22446,静岡県,小笠郡,菊川町,285
1990,22447,静岡県,小笠郡,大東町,285
1990,22461,静岡県,周智郡,森町,285
1990,22462,静岡県,周智郡,春野町,288
1990,22481,静岡県,磐田郡,浅羽町,285
1990,22482,静岡県,磐田郡,福田町,282
1990,22483,静岡県,磐田郡,竜洋町,282
1990,22484,静岡県,磐田郡,豊田町,282
1990,22485,静岡県,磐田郡,豊岡村,282
1990,22486,静岡県,磐田郡,龍山村,282
1990,22487,静岡県,磐田郡,佐久間町,256
1990,22488,静岡県,磐田郡,水窪町,256
1990,22501,静岡県,浜名郡,可美村,282
1990,22502,静岡県,浜名郡,舞阪町,282
1990,22503,静岡県,浜名郡,新居町,282
1990,22505,静岡県,浜名郡,雄踏町,282
1990,22521,静岡県,引佐郡,細江町,282
1990,22522,静岡県,引佐郡,引佐町,282
1990,22523,静岡県,引佐郡,三ヶ日町,282
1990,23100,愛知県,,名古屋市,289
1990,23201,愛知県,,豊橋市,290
1990,23202,愛知県,,岡崎市,291
1990,23203,愛知県,,一宮市,271
1990,23204,愛知県,,瀬戸市,289
1990,23205,愛知県,,半田市,292
1990,23206,愛知県,,春日井市,293
1990,23207,愛知県,,豊川市,290
1990,23208,愛知県,,津島市,289
1990,23209,愛知県,,碧南市,291
1990,23210,愛知県,,刈谷市,291
1990,23211,愛知県,,豊田市,294
1990,23212,愛知県,,安城市,291
1990,23213,愛知県,,西尾市,291
1990,23214,愛知県,,蒲郡市,291
1990,23215,愛知県,,犬山市,293
1990,23216,愛知県,,常滑市,292
1990,23217,愛知県,,江南市,293
1990,23218,愛知県,,尾西市,271
1990,23219,愛知県,,小牧市,293
1990,23220,愛知県,,稲沢市,271
1990,23221,愛知県,,新城市,290
1990,23222,愛知県,,東海市,292
1990,23223,愛知県,,大府市,292
1990,23224,愛知県,,知多市,292
1990,23225,愛知県,,知立市,291
1990,23226,愛知県,,尾張旭市,289
1990,23227,愛知県,,高浜市,291
1990,23228,愛知県,,岩倉市,293
1990,23229,愛知県,,豊明市,289
1990,23302,愛知県,愛知郡,東郷町,289
1990,23303,愛知県,愛知郡,日進町,289
1990,23304,愛知県,愛知郡,長久手町,289
1990,23341,愛知県,西春日井郡,西枇杷島町,289
1990,23342,愛知県,西春日井郡,豊山町,293
1990,23343,愛知県,西春日井郡,師勝町,293
1990,23344,愛知県,西春日井郡,西春町,293
1990,23345,愛知県,西春日井郡,春日町,271
1990,23346,愛知県,西春日井郡,清洲町,289
1990,23347,愛知県,西春日井郡,新川町,289
1990,23361,愛知県,丹羽郡,大口町,293
1990,23362,愛知県,丹羽郡,扶桑町,293
1990,23381,愛知県,葉栗郡,木曽川町,271
1990,23401,愛知県,中島郡,祖父江町,271
1990,23402,愛知県,中島郡,平和町,289
1990,23421,愛知県,海部郡,七宝町,289
1990,23422,愛知県,海部郡,美和町,289
1990,23423,愛知県,海部郡,甚目寺町,289
1990,23424,愛知県,海部郡,大治町,289
1990,23425,愛知県,海部郡,蟹江町,289
1990,23426,愛知県,海部郡,十四山村,289
1990,23427,愛知県,海部郡,飛島村,289
1990,23428,愛知県,海部郡,弥富町,289
1990,23429,愛知県,海部郡,佐屋町,289
1990,23430,愛知県,海部郡,立田村,289
1990,23431,愛知県,海部郡,八開村,289
1990,23432,愛知県,海部郡,佐織町,289
1990,23441,愛知県,知多郡,阿久比町,292
1990,23442,愛知県,知多郡,東浦町,292
1990,23445,愛知県,知多郡,南知多町,292
1990,23446,愛知県,知多郡,美浜町,292
1990,23447,愛知県,知多郡,武豊町,292
1990,23481,愛知県,幡豆郡,一色町,291
1990,23482,愛知県,幡豆郡,吉良町,291
1990,23483,愛知県,幡豆郡,幡豆町,291
1990,23501,愛知県,額田郡,幸田町,291
1990,23502,愛知県,額田郡,額田町,291
1990,23521,愛知県,西加茂郡,三好町,294
1990,23522,愛知県,西加茂郡,藤岡町,294
1990,23523,愛知県,西加茂郡,小原村,294
1990,23541,愛知県,東加茂郡,足助町,294
1990,23543,愛知県,東加茂郡,下山村,291
1990,23544,愛知県,東加茂郡,旭町,294
1990,23561,愛知県,北設楽郡,設楽町,295
1990,23562,愛知県,北設楽郡,東栄町,295
1990,23563,愛知県,北設楽郡,豊根村,295
1990,23564,愛知県,北設楽郡,富山村,256
1990,23565,愛知県,北設楽郡,津具村,295
1990,23566,愛知県,北設楽郡,稲武町,255
1990,23581,愛知県,南設楽郡,鳳来町,290
1990,23582,愛知県,南設楽郡,作手村,290
1990,23601,愛知県,宝飯郡,音羽町,290
1990,23602,愛知県,宝飯郡,一宮町,290
1990,23603,愛知県,宝飯郡,小坂井町,290
1990,23604,愛知県,宝飯郡,御津町,290
1990,23621,愛知県,渥美郡,田原町,290
1990,23622,愛知県,渥美郡,赤羽根町,296
1990,23623,愛知県,渥美郡,渥美町,296
1990,24201,三重県,,津市,297
1990,24202,三重県,,四日市市,298
1990,24203,三重県,,伊勢市,299
1990,24204,三重県,,松阪市,300
1990,24205,三重県,,桑名市,298
1990,24206,三重県,,上野市,301
1990,24207,三重県,,鈴鹿市,298
1990,24208,三重県,,名張市,302
1990,24209,三重県,,尾鷲市,303
1990,24210,三重県,,亀山市,298
1990,24211,三重県,,鳥羽市,304
1990,24212,三重県,,熊野市,305
1990,24213,三重県,,久居市,297
1990,24301,三重県,桑名郡,多度町,272
1990,24302,三重県,桑名郡,長島町,298
1990,24303,三重県,桑名郡,木曽岬町,289
1990,24321,三重県,員弁郡,北勢町,298
1990,24322,三重県,員弁郡,員弁町,298
1990,24323,三重県,員弁郡,大安町,298
1990,24324,三重県,員弁郡,東員町,298
1990,24325,三重県,員弁郡,藤原町,298
1990,24341,三重県,三重郡,菰野町,298
1990,24342,三重県,三重郡,楠町,298
1990,24343,三重県,三重郡,朝日町,298
1990,24344,三重県,三重郡,川越町,298
1990,24361,三重県,鈴鹿郡,関町,298
1990,24381,三重県,安芸郡,河芸町,298
1990,24382,三重県,安芸郡,芸濃町,297
1990,24383,三重県,安芸郡,美里村,297
1990,24384,三重県,安芸郡,安濃町,297
1990,24402,三重県,一志郡,香良洲町,297
1990,24403,三重県,一志郡,一志町,297
1990,24404,三重県,一志郡,白山町,297
1990,24405,三重県,一志郡,嬉野町,297
1990,24406,三重県,一志郡,美杉村,297
1990,24407,三重県,一志郡,三雲町,300
1990,24421,三重県,飯南郡,飯南町,300
1990,24422,三重県,飯南郡,飯高町,300
1990,24441,三重県,多気郡,多気町,300
1990,24442,三重県,多気郡,明和町,299
1990,24443,三重県,多気郡,大台町,300
1990,24444,三重県,多気郡,勢和村,300
1990,24445,三重県,多気郡,宮川村,300
1990,24461,三重県,度会郡,玉城町,299
1990,24462,三重県,度会郡,二見町,299
1990,24463,三重県,度会郡,小俣町,299
1990,24464,三重県,度会郡,南勢町,304
1990,24465,三重県,度会郡,南島町,306
1990,24466,三重県,度会郡,大宮町,300
1990,24467,三重県,度会郡,紀勢町,303
1990,24468,三重県,度会郡,御薗村,299
1990,24469,三重県,度会郡,大内山村,303
1990,24470,三重県,度会郡,度会町,299
1990,24481,三重県,阿山郡,伊賀町,301
1990,24482,三重県,阿山郡,島ヶ原村,301
1990,24483,三重県,阿山郡,阿山町,301
1990,24484,三重県,阿山郡,大山田村,301
1990,24501,三重県,名賀郡,青山町,302
1990,24521,三重県,志摩郡,浜島町,304
1990,24522,三重県,志摩郡,大王町,304
1990,24523,三重県,志摩郡,志摩町,304
1990,24524,三重県,志摩郡,阿児町,304
1990,24525,三重県,志摩郡,磯部町,304
1990,24541,三重県,北牟婁郡,紀伊長島町,303
1990,24542,三重県,北牟婁郡,海山町,303
1990,24561,三重県,南牟婁郡,御浜町,305
1990,24562,三重県,南牟婁郡,紀宝町,307
1990,24563,三重県,南牟婁郡,紀和町,305
1990,24564,三重県,南牟婁郡,鵜殿村,307
1990,25201,滋賀県,,大津市,308
1990,25202,滋賀県,,彦根市,309
1990,25203,滋賀県,,長浜市,310
1990,25204,滋賀県,,近江八幡市,308
1990,25205,滋賀県,,八日市市,309
1990,25206,滋賀県,,草津市,308
1990,25207,滋賀県,,守山市,308
1990,25301,滋賀県,滋賀郡,志賀町,308
1990,25321,滋賀県,栗太郡,栗東町,308
1990,25342,滋賀県,野洲郡,中主町,308
1990,25343,滋賀県,野洲郡,野洲町,308
1990,25361,滋賀県,甲賀郡,石部町,308
1990,25362,滋賀県,甲賀郡,甲西町,308
1990,25363,滋賀県,甲賀郡,水口町,308
1990,25364,滋賀県,甲賀郡,土山町,308
1990,25365,滋賀県,甲賀郡,甲賀町,308
1990,25366,滋賀県,甲賀郡,甲南町,308
1990,25367,滋賀県,甲賀郡,信楽町,308
1990,25381,滋賀県,蒲生郡,安土町,308
1990,25382,滋賀県,蒲生郡,蒲生町,309
1990,25383,滋賀県,蒲生郡,日野町,309
1990,25384,滋賀県,蒲生郡,竜王町,308
1990,25401,滋賀県,神崎郡,永源寺町,309
1990,25402,滋賀県,神崎郡,五個荘町,309
1990,25403,滋賀県,神崎郡,能登川町,309
1990,25421,滋賀県,愛知郡,愛東町,309
1990,25422,滋賀県,愛知郡,湖東町,309
1990,25423,滋賀県,愛知郡,秦荘町,309
1990,25424,滋賀県,愛知郡,愛知川町,309
1990,25441,滋賀県,犬上郡,豊郷町,309
1990,25442,滋賀県,犬上郡,甲良町,309
1990,25443,滋賀県,犬上郡,多賀町,309
1990,25461,滋賀県,坂田郡,山東町,310
1990,25462,滋賀県,坂田郡,伊吹町,310
1990,25463,滋賀県,坂田郡,米原町,310
1990,25464,滋賀県,坂田郡,近江町,310
1990,25481,滋賀県,東浅井郡,浅井町,310
1990,25482,滋賀県,東浅井郡,虎姫町,310
1990,25483,滋賀県,東浅井郡,湖北町,310
1990,25484,滋賀県,東浅井郡,びわ町,310
1990,25501,滋賀県,伊香郡,高月町,310
1990,25502,滋賀県,伊香郡,木之本町,310
1990,25503,滋賀県,伊香郡,余呉町,310
1990,25504,滋賀県,伊香郡,西浅井町,310
1990,25521,滋賀県,高島郡,マキノ町,311
1990,25522,滋賀県,高島郡,今津町,311
1990,25523,滋賀県,高島郡,朽木村,311
1990,25524,滋賀県,高島郡,安曇川町,311
1990,25525,滋賀県,高島郡,高島町,311
1990,25526,滋賀県,高島郡,新旭町,311
1990,26100,京都府,,京都市,312
1990,26201,京都府,,福知山市,313
1990,26202,京都府,,舞鶴市,232
1990,26203,京都府,,綾部市,313
1990,26204,京都府,,宇治市,312
1990,26205,京都府,,宮津市,314
1990,26206,京都府,,亀岡市,315
1990,26207,京都府,,城陽市,312
1990,26208,京都府,,向日市,312
1990,26209,京都府,,長岡京市,312
1990,26210,京都府,,八幡市,316
1990,26303,京都府,乙訓郡,大山崎町,312
1990,26322,京都府,久世郡,久御山町,312
1990,26342,京都府,綴喜郡,田辺町,312
1990,26343,京都府,綴喜郡,井手町,312
1990,26344,京都府,綴喜郡,宇治田原町,312
1990,26361,京都府,相楽郡,山城町,312
1990,26362,京都府,相楽郡,木津町,312
1990,26363,京都府,相楽郡,加茂町,317
1990,26364,京都府,相楽郡,笠置町,317
1990,26365,京都府,相楽郡,和束町,317
1990,26366,京都府,相楽郡,精華町,312
1990,26367,京都府,相楽郡,南山城村,301
1990,26381,京都府,北桑田郡,京北町,318
1990,26382,京都府,北桑田郡,美山町,318
1990,26401,京都府,船井郡,園部町,315
1990,26402,京都府,船井郡,八木町,315
1990,26403,京都府,船井郡,丹波町,315
1990,26404,京都府,船井郡,日吉町,315
1990,26405,京都府,船井郡,瑞穂町,315
1990,26406,京都府,船井郡,和知町,313
1990,26421,京都府,天田郡,三和町,313
1990,26422,京都府,天田郡,夜久野町,313
1990,26441,京都府,加佐郡,大江町,313
1990,26461,京都府,与謝郡,加悦町,314
1990,26462,京都府,与謝郡,岩滝町,314
1990,26463,京都府,与謝郡,伊根町,314
1990,26464,京都府,与謝郡,野田川町,314
1990,26481,京都府,中郡,峰山町,319
1990,26482,京都府,中郡,大宮町,319
1990,26501,京都府,竹野郡,網野町,319
1990,26502,京都府,竹野郡,丹後町,319
1990,26503,京都府,竹野郡,弥栄町,319
1990,26521,京都府,熊野郡,久美浜町,319
1990,27100,大阪府,,大阪市,316
1990,27201,大阪府,,堺市,320
1990,27202,大阪府,,岸和田市,321
1990,27203,大阪府,,豊中市,316
1990,27204,大阪府,,池田市,316
1990,27205,大阪府,,吹田市,316
1990,27206,大阪府,,泉大津市,321
1990,27207,大阪府,,高槻市,316
1990,27208,大阪府,,貝塚市,321
1990,27209,大阪府,,守口市,316
1990,27210,大阪府,,枚方市,316
1990,27211,大阪府,,茨木市,316
1990,27212,大阪府,,八尾市,322
1990,27213,大阪府,,泉佐野市,321
1990,27214,大阪府,,富田林市,320
1990,27215,大阪府,,寝屋川市,316
1990,27216,大阪府,,河内長野市,320
1990,27217,大阪府,,松原市,320
1990,27218,大阪府,,大東市,316
1990,27219,大阪府,,和泉市,321
1990,27220,大阪府,,箕面市,316
1990,27221,大阪府,,柏原市,322
1990,27222,大阪府,,羽曳野市,320
1990,27223,大阪府,,門真市,316
1990,27224,大阪府,,摂津市,316
1990,27225,大阪府,,高石市,320
1990,27226,大阪府,,藤井寺市,320
1990,27227,大阪府,,東大阪市,316
1990,27228,大阪府,,泉南市,321
1990,27229,大阪府,,四條畷市,316
1990,27230,大阪府,,交野市,316
1990,27231,大阪府,,大阪狭山市,320
1990,27301,大阪府,三島郡,島本町,316
1990,27321,大阪府,豊能郡,豊能町,316
1990,27322,大阪府,豊能郡,能勢町,316
1990,27341,大阪府,泉北郡,忠岡町,321
1990,27361,大阪府,泉南郡,熊取町,321
1990,27362,大阪府,泉南郡,田尻町,321
1990,27366,大阪府,泉南郡,岬町,321
1990,27367,大阪府,泉南郡,阪南町,321
1990,27381,大阪府,南河内郡,太子町,320
1990,27382,大阪府,南河内郡,河南町,320
1990,27383,大阪府,南河内郡,千早赤阪村,320
1990,27385,大阪府,南河内郡,美原町,320
1990,28100,兵庫県,,神戸市,323
1990,28201,兵庫県,,姫路市,324
1990,28202,兵庫県,,尼崎市,316
1990,28203,兵庫県,,明石市,323
1990,28204,兵庫県,,西宮市,316
1990,28205,兵庫県,,洲本市,325
1990,28206,兵庫県,,芦屋市,316
1990,28207,兵庫県,,伊丹市,316
1990,28208,兵庫県,,相生市,324
1990,28209,兵庫県,,豊岡市,326
1990,28210,兵庫県,,加古川市,323
1990,28211,兵庫県,,龍野市,324
1990,28212,兵庫県,,赤穂市,324
1990,28213,兵庫県,,西脇市,327
1990,28214,兵庫県,,宝塚市,316
1990,28215,兵庫県,,三木市,323
1990,28216,兵庫県,,高砂市,323
1990,28217,兵庫県,,川西市,316
1990,28218,兵庫県,,小野市,327
1990,28219,兵庫県,,三田市,328
1990,28220,兵庫県,,加西市,327
1990,28301,兵庫県,川辺郡,猪名川町,316
1990,28321,兵庫県,美嚢郡,吉川町,328
1990,28341,兵庫県,加東郡,社町,327
1990,28342,兵庫県,加東郡,滝野町,327
1990,28343,兵庫県,加東郡,東条町,327
1990,28361,兵庫県,多可郡,中町,327
1990,28362,兵庫県,多可郡,加美町,327
1990,28363,兵庫県,多可郡,八千代町,327
1990,28364,兵庫県,多可郡,黒田庄町,327
1990,28381,兵庫県,加古郡,稲美町,323
1990,28382,兵庫県,加古郡,播磨町,323
1990,28421,兵庫県,飾磨郡,家島町,526
1990,28422,兵庫県,飾磨郡,夢前町,324
1990,28441,兵庫県,神崎郡,神崎町,324
1990,28442,兵庫県,神崎郡,市川町,324
1990,28443,兵庫県,神崎郡,福崎町,324
1990,28444,兵庫県,神崎郡,香寺町,324
1990,28445,兵庫県,神崎郡,大河内町,324
1990,28461,兵庫県,揖保郡,新宮町,324
1990,28462,兵庫県,揖保郡,揖保川町,324
1990,28463,兵庫県,揖保郡,御津町,324
1990,28464,兵庫県,揖保郡,太子町,324
1990,28481,兵庫県,赤穂郡,上郡町,324
1990,28501,兵庫県,佐用郡,佐用町,329
1990,28502,兵庫県,佐用郡,上月町,329
1990,28503,兵庫県,佐用郡,南光町,329
1990,28504,兵庫県,佐用郡,三日月町,329
1990,28521,兵庫県,宍粟郡,山崎町,330
1990,28522,兵庫県,宍粟郡,安富町,330
1990,28523,兵庫県,宍粟郡,一宮町,330
1990,28524,兵庫県,宍粟郡,波賀町,330
1990,28525,兵庫県,宍粟郡,千種町,330
1990,28541,兵庫県,城崎郡,城崎町,326
1990,28542,兵庫県,城崎郡,竹野町,326
1990,28543,兵庫県,城崎郡,香住町,331
1990,28544,兵庫県,城崎郡,日高町,326
1990,28561,兵庫県,出石郡,出石町,326
1990,28562,兵庫県,出石郡,但東町,326
1990,28581,兵庫県,美方郡,村岡町,331
1990,28582,兵庫県,美方郡,浜坂町,331
1990,28583,兵庫県,美方郡,美方町,331
1990,28584,兵庫県,美方郡,温泉町,331
1990,28601,兵庫県,養父郡,八鹿町,332
1990,28602,兵庫県,養父郡,養父町,332
1990,28603,兵庫県,養父郡,大屋町,332
1990,28604,兵庫県,養父郡,関宮町,332
1990,28621,兵庫県,朝来郡,生野町,332
1990,28622,兵庫県,朝来郡,和田山町,332
1990,28623,兵庫県,朝来郡,山東町,332
1990,28624,兵庫県,朝来郡,朝来町,332
1990,28641,兵庫県,氷上郡,柏原町,333
1990,28642,兵庫県,氷上郡,氷上町,333
1990,28643,兵庫県,氷上郡,青垣町,333
1990,28644,兵庫県,氷上郡,春日町,333
1990,28645,兵庫県,氷上郡,山南町,333
1990,28646,兵庫県,氷上郡,市島町,333
1990,28661,兵庫県,多紀郡,篠山町,328
1990,28664,兵庫県,多紀郡,西紀町,328
1990,28665,兵庫県,多紀郡,丹南町,328
1990,28666,兵庫県,多紀郡,今田町,328
1990,28681,兵庫県,津名郡,津名町,325
1990,28682,兵庫県,津名郡,淡路町,325
1990,28683,兵庫県,津名郡,北淡町,325
1990,28684,兵庫県,津名郡,一宮町,325
1990,28685,兵庫県,津名郡,五色町,325
1990,28686,兵庫県,津名郡,東浦町,325
1990,28701,兵庫県,三原郡,緑町,325
1990,28702,兵庫県,三原郡,西淡町,325
1990,28703,兵庫県,三原郡,三原町,325
1990,28704,兵庫県,三原郡,南淡町,325
1990,29201,奈良県,,奈良市,317
1990,29202,奈良県,,大和高田市,334
1990,29203,奈良県,,大和郡山市,317
1990,29204,奈良県,,天理市,317
1990,29205,奈良県,,橿原市,334
1990,29206,奈良県,,桜井市,335
1990,29207,奈良県,,五條市,336
1990,29208,奈良県,,御所市,334
1990,29209,奈良県,,生駒市,316
1990,29301,奈良県,添上郡,月ヶ瀬村,301
1990,29321,奈良県,山辺郡,都祁村,317
1990,29322,奈良県,山辺郡,山添村,301
1990,29342,奈良県,生駒郡,平群町,337
1990,29343,奈良県,生駒郡,三郷町,322
1990,29344,奈良県,生駒郡,斑鳩町,317
1990,29345,奈良県,生駒郡,安堵町,317
1990,29361,奈良県,磯城郡,川西町,317
1990,29362,奈良県,磯城郡,三宅町,317
1990,29363,奈良県,磯城郡,田原本町,317
1990,29381,奈良県,宇陀郡,大宇陀町,335
1990,29382,奈良県,宇陀郡,菟田野町,335
1990,29383,奈良県,宇陀郡,榛原町,335
1990,29384,奈良県,宇陀郡,室生村,335
1990,29385,奈良県,宇陀郡,曽爾村,302
1990,29386,奈良県,宇陀郡,御杖村,302
1990,29401,奈良県,高市郡,高取町,334
1990,29402,奈良県,高市郡,明日香村,334
1990,29421,奈良県,北葛城郡,新庄町,334
1990,29422,奈良県,北葛城郡,當麻町,334
1990,29423,奈良県,北葛城郡,香芝町,322
1990,29424,奈良県,北葛城郡,上牧町,322
1990,29425,奈良県,北葛城郡,王寺町,322
1990,29426,奈良県,北葛城郡,広陵町,334
1990,29427,奈良県,北葛城郡,河合町,322
1990,29441,奈良県,吉野郡,吉野町,338
1990,29442,奈良県,吉野郡,大淀町,338
1990,29443,奈良県,吉野郡,下市町,338
1990,29444,奈良県,吉野郡,黒滝村,338
1990,29445,奈良県,吉野郡,西吉野村,336
1990,29446,奈良県,吉野郡,天川村,339
1990,29447,奈良県,吉野郡,野迫川村,340
1990,29448,奈良県,吉野郡,大塔村,341
1990,29449,奈良県,吉野郡,十津川村,341
1990,29450,奈良県,吉野郡,下北山村,305
1990,29451,奈良県,吉野郡,上北山村,305
1990,29452,奈良県,吉野郡,川上村,338
1990,29453,奈良県,吉野郡,東吉野村,335
1990,30201,和歌山県,,和歌山市,342
1990,30202,和歌山県,,海南市,342
1990,30203,和歌山県,,橋本市,343
1990,30204,和歌山県,,有田市,344
1990,30205,和歌山県,,御坊市,345
1990,30206,和歌山県,,田辺市,346
1990,30207,和歌山県,,新宮市,307
1990,30301,和歌山県,海草郡,下津町,342
1990,30302,和歌山県,海草郡,野上町,342
1990,30303,和歌山県,海草郡,美里町,342
1990,30321,和歌山県,那賀郡,打田町,342
1990,30322,和歌山県,那賀郡,粉河町,342
1990,30323,和歌山県,那賀郡,那賀町,342
1990,30324,和歌山県,那賀郡,桃山町,342
1990,30325,和歌山県,那賀郡,貴志川町,342
1990,30326,和歌山県,那賀郡,岩出町,342
1990,30341,和歌山県,伊都郡,かつらぎ町,343
1990,30342,和歌山県,伊都郡,高野口町,343
1990,30343,和歌山県,伊都郡,九度山町,343
1990,30344,和歌山県,伊都郡,高野町,347
1990,30345,和歌山県,伊都郡,花園村,347
1990,30361,和歌山県,有田郡,湯浅町,344
1990,30362,和歌山県,有田郡,広川町,344
1990,30363,和歌山県,有田郡,吉備町,344
1990,30364,和歌山県,有田郡,金屋町,344
1990,30365,和歌山県,有田郡,清水町,347
1990,30381,和歌山県,日高郡,美浜町,345
1990,30382,和歌山県,日高郡,日高町,345
1990,30383,和歌山県,日高郡,由良町,345
1990,30384,和歌山県,日高郡,川辺町,345
1990,30385,和歌山県,日高郡,中津村,345
1990,30386,和歌山県,日高郡,美山村,345
1990,30387,和歌山県,日高郡,龍神村,348
1990,30388,和歌山県,日高郡,南部川村,346
1990,30389,和歌山県,日高郡,南部町,346
1990,30390,和歌山県,日高郡,印南町,345
1990,30401,和歌山県,西牟婁郡,白浜町,346
1990,30402,和歌山県,西牟婁郡,中辺路町,346
1990,30403,和歌山県,西牟婁郡,大塔村,346
1990,30404,和歌山県,西牟婁郡,上富田町,346
1990,30405,和歌山県,西牟婁郡,日置川町,346
1990,30406,和歌山県,西牟婁郡,すさみ町,346
1990,30407,和歌山県,西牟婁郡,串本町,349
1990,30421,和歌山県,東牟婁郡,那智勝浦町,307
1990,30422,和歌山県,東牟婁郡,太地町,307
1990,30423,和歌山県,東牟婁郡,古座町,349
1990,30424,和歌山県,東牟婁郡,古座川町,349
1990,30425,和歌山県,東牟婁郡,熊野川町,307
1990,30426,和歌山県,東牟婁郡,本宮町,307
1990,30427,和歌山県,東牟婁郡,北山村,305
1990,31201,鳥取県,,鳥取市,350
1990,31202,鳥取県,,米子市,351
1990,31203,鳥取県,,倉吉市,352
1990,31204,鳥取県,,境港市,351
1990,31301,鳥取県,岩美郡,国府町,350
1990,31302,鳥取県,岩美郡,岩美町,350
1990,31303,鳥取県,岩美郡,福部村,350
1990,31321,鳥取県,八頭郡,郡家町,350
1990,31322,鳥取県,八頭郡,船岡町,350
1990,31323,鳥取県,八頭郡,河原町,350
1990,31324,鳥取県,八頭郡,八東町,350
1990,31325,鳥取県,八頭郡,若桜町,350
1990,31326,鳥取県,八頭郡,用瀬町,350
1990,31327,鳥取県,八頭郡,佐治村,350
1990,31328,鳥取県,八頭郡,智頭町,350
1990,31341,鳥取県,気高郡,気高町,350
1990,31342,鳥取県,気高郡,鹿野町,350
1990,31343,鳥取県,気高郡,青谷町,350
1990,31361,鳥取県,東伯郡,羽合町,352
1990,31362,鳥取県,東伯郡,泊村,352
1990,31363,鳥取県,東伯郡,東郷町,352
1990,31364,鳥取県,東伯郡,三朝町,352
1990,31365,鳥取県,東伯郡,関金町,352
1990,31366,鳥取県,東伯郡,北条町,352
1990,31367,鳥取県,東伯郡,大栄町,352
1990,31368,鳥取県,東伯郡,東伯町,352
1990,31369,鳥取県,東伯郡,赤碕町,352
1990,31381,鳥取県,西伯郡,西伯町,351
1990,31382,鳥取県,西伯郡,会見町,351
1990,31383,鳥取県,西伯郡,岸本町,351
1990,31384,鳥取県,西伯郡,日吉津村,351
1990,31385,鳥取県,西伯郡,淀江町,351
1990,31386,鳥取県,西伯郡,大山町,351
1990,31387,鳥取県,西伯郡,名和町,351
1990,31388,鳥取県,西伯郡,中山町,352
1990,31401,鳥取県,日野郡,日南町,351
1990,31402,鳥取県,日野郡,日野町,351
1990,31403,鳥取県,日野郡,江府町,351
1990,31404,鳥取県,日野郡,溝口町,351
1990,32201,島根県,,松江市,353
1990,32202,島根県,,浜田市,354
1990,32203,島根県,,出雲市,355
1990,32204,島根県,,益田市,356
1990,32205,島根県,,大田市,357
1990,32206,島根県,,安来市,358
1990,32207,島根県,,江津市,357
1990,32208,島根県,,平田市,355
1990,32301,島根県,八束郡,鹿島町,353
1990,32302,島根県,八束郡,島根町,353
1990,32303,島根県,八束郡,美保関町,353
1990,32304,島根県,八束郡,東出雲町,353
1990,32305,島根県,八束郡,八雲村,353
1990,32306,島根県,八束郡,玉湯町,353
1990,32307,島根県,八束郡,宍道町,353
1990,32308,島根県,八束郡,八束町,527
1990,32321,島根県,能義郡,広瀬町,358
1990,32322,島根県,能義郡,伯太町,358
1990,32341,島根県,仁多郡,仁多町,359
1990,32342,島根県,仁多郡,横田町,359
1990,32361,島根県,大原郡,大東町,360
1990,32362,島根県,大原郡,加茂町,360
1990,32363,島根県,大原郡,木次町,360
1990,32381,島根県,飯石郡,三刀屋町,360
1990,32382,島根県,飯石郡,吉田村,360
1990,32383,島根県,飯石郡,掛合町,360
1990,32384,島根県,飯石郡,頓原町,361
1990,32385,島根県,飯石郡,赤来町,361
1990,32401,島根県,簸川郡,斐川町,355
1990,32402,島根県,簸川郡,佐田町,355
1990,32403,島根県,簸川郡,多伎町,355
1990,32404,島根県,簸川郡,湖陵町,355
1990,32405,島根県,簸川郡,大社町,355
1990,32421,島根県,邇摩郡,温泉津町,357
1990,32422,島根県,邇摩郡,仁摩町,357
1990,32441,島根県,邑智郡,川本町,357
1990,32442,島根県,邑智郡,邑智町,357
1990,32443,島根県,邑智郡,大和村,362
1990,32444,島根県,邑智郡,羽須美村,362
1990,32445,島根県,邑智郡,瑞穂町,363
1990,32446,島根県,邑智郡,石見町,363
1990,32447,島根県,邑智郡,桜江町,357
1990,32462,島根県,那賀郡,金城町,354
1990,32463,島根県,那賀郡,旭町,354
1990,32464,島根県,那賀郡,弥栄村,354
1990,32465,島根県,那賀郡,三隅町,354
1990,32481,島根県,美濃郡,美都町,356
1990,32482,島根県,美濃郡,匹見町,364
1990,32501,島根県,鹿足郡,津和野町,356
1990,32502,島根県,鹿足郡,日原町,356
1990,32503,島根県,鹿足郡,柿木村,365
1990,32504,島根県,鹿足郡,六日市町,365
1990,32521,島根県,隠岐郡,西郷町,528
1990,32522,島根県,隠岐郡,布施村,528
1990,32523,島根県,隠岐郡,五箇村,528
1990,32524,島根県,隠岐郡,都万村,528
1990,32525,島根県,隠岐郡,海士町,529
1990,32526,島根県,隠岐郡,西ノ島町,530
1990,32527,島根県,隠岐郡,知夫村,531
1990,33201,岡山県,,岡山市,366
1990,33202,岡山県,,倉敷市,367
1990,33203,岡山県,,津山市,368
1990,33204,岡山県,,玉野市,369
1990,33205,岡山県,,笠岡市,367
1990,33207,岡山県,,井原市,370
1990,33208,岡山県,,総社市,367
1990,33209,岡山県,,高梁市,371
1990,33210,岡山県,,新見市,372
1990,33211,岡山県,,備前市,366
1990,33301,岡山県,御津郡,御津町,366
1990,33303,岡山県,御津郡,建部町,366
1990,33305,岡山県,御津郡,加茂川町,373
1990,33321,岡山県,赤磐郡,瀬戸町,366
1990,33322,岡山県,赤磐郡,山陽町,366
1990,33323,岡山県,赤磐郡,赤坂町,366
1990,33324,岡山県,赤磐郡,熊山町,366
1990,33325,岡山県,赤磐郡,吉井町,374
1990,33342,岡山県,和気郡,日生町,366
1990,33344,岡山県,和気郡,吉永町,366
1990,33345,岡山県,和気郡,佐伯町,366
1990,33346,岡山県,和気郡,和気町,366
1990,33361,岡山県,邑久郡,牛窓町,366
1990,33362,岡山県,邑久郡,邑久町,366
1990,33363,岡山県,邑久郡,長船町,366
1990,33401,岡山県,児島郡,灘崎町,369
1990,33423,岡山県,都窪郡,早島町,367
1990,33427,岡山県,都窪郡,山手村,367
1990,33428,岡山県,都窪郡,清音村,367
1990,33441,岡山県,浅口郡,船穂町,367
1990,33442,岡山県,浅口郡,金光町,367
1990,33443,岡山県,浅口郡,鴨方町,367
1990,33444,岡山県,浅口郡,寄島町,367
1990,33445,岡山県,浅口郡,里庄町,367
1990,33461,岡山県,小田郡,矢掛町,370
1990,33462,岡山県,小田郡,美星町,370
1990,33481,岡山県,後月郡,芳井町,370
1990,33503,岡山県,吉備郡,真備町,367
1990,33521,岡山県,上房郡,有漢町,371
1990,33522,岡山県,上房郡,北房町,375
1990,33523,岡山県,上房郡,賀陽町,373
1990,33541,岡山県,川上郡,成羽町,371
1990,33542,岡山県,川上郡,川上町,371
1990,33543,岡山県,川上郡,備中町,371
1990,33561,岡山県,阿哲郡,大佐町,372
1990,33562,岡山県,阿哲郡,神郷町,372
1990,33563,岡山県,阿哲郡,哲多町,372
1990,33564,岡山県,阿哲郡,哲西町,376
1990,33581,岡山県,真庭郡,勝山町,375
1990,33582,岡山県,真庭郡,落合町,375
1990,33583,岡山県,真庭郡,湯原町,375
1990,33584,岡山県,真庭郡,久世町,375
1990,33585,岡山県,真庭郡,美甘村,375
1990,33586,岡山県,真庭郡,新庄村,375
1990,33587,岡山県,真庭郡,川上村,377
1990,33588,岡山県,真庭郡,八束村,377
1990,33589,岡山県,真庭郡,中和村,377
1990,33601,岡山県,苫田郡,加茂町,368
1990,33602,岡山県,苫田郡,富村,375
1990,33603,岡山県,苫田郡,奥津町,368
1990,33604,岡山県,苫田郡,上齋原村,368
1990,33605,岡山県,苫田郡,阿波村,368
1990,33606,岡山県,苫田郡,鏡野町,368
1990,33621,岡山県,勝田郡,勝田町,374
1990,33622,岡山県,勝田郡,勝央町,374
1990,33623,岡山県,勝田郡,奈義町,368
1990,33624,岡山県,勝田郡,勝北町,368
1990,33641,岡山県,英田郡,大原町,378
1990,33642,岡山県,英田郡,東粟倉村,378
1990,33643,岡山県,英田郡,西粟倉村,378
1990,33644,岡山県,英田郡,美作町,374
1990,33645,岡山県,英田郡,作東町,374
1990,33646,岡山県,英田郡,英田町,374
1990,33661,岡山県,久米郡,中央町,368
1990,33662,岡山県,久米郡,旭町,379
1990,33663,岡山県,久米郡,久米南町,368
1990,33664,岡山県,久米郡,久米町,368
1990,33665,岡山県,久米郡,柵原町,374
1990,34100,広島県,,広島市,380
1990,34202,広島県,,呉市,381
1990,34203,広島県,,竹原市,382
1990,34204,広島県,,三原市,382
1990,34205,広島県,,尾道市,383
1990,34206,広島県,,因島市,532
1990,34207,広島県,,福山市,383
1990,34208,広島県,,府中市,383
1990,34209,広島県,,三次市,384
1990,34210,広島県,,庄原市,384
1990,34211,広島県,,大竹市,385
1990,34212,広島県,,東広島市,386
1990,34213,広島県,,廿日市市,380
1990,34302,広島県,安芸郡,府中町,380
1990,34304,広島県,安芸郡,海田町,380
1990,34307,広島県,安芸郡,熊野町,380
1990,34309,広島県,安芸郡,坂町,380
1990,34310,広島県,安芸郡,江田島町,381
1990,34311,広島県,安芸郡,音戸町,381
1990,34312,広島県,安芸郡,倉橋町,381
1990,34313,広島県,安芸郡,下蒲刈町,534
1990,34314,広島県,安芸郡,蒲刈町,535
1990,34323,広島県,佐伯郡,大野町,380
1990,34324,広島県,佐伯郡,湯来町,380
1990,34325,広島県,佐伯郡,佐伯町,380
1990,34326,広島県,佐伯郡,吉和村,387
1990,34327,広島県,佐伯郡,宮島町,536
1990,34328,広島県,佐伯郡,能美町,381
1990,34329,広島県,佐伯郡,沖美町,381
1990,34330,広島県,佐伯郡,大柿町,381
1990,34361,広島県,山県郡,加計町,380
1990,34362,広島県,山県郡,筒賀村,380
1990,34363,広島県,山県郡,戸河内町,380
1990,34364,広島県,山県郡,芸北町,388
1990,34365,広島県,山県郡,大朝町,388
1990,34366,広島県,山県郡,千代田町,388
1990,34367,広島県,山県郡,豊平町,388
1990,34381,広島県,高田郡,吉田町,389
1990,34382,広島県,高田郡,八千代町,389
1990,34383,広島県,高田郡,美土里町,389
1990,34384,広島県,高田郡,高宮町,389
1990,34385,広島県,高田郡,甲田町,389
1990,34386,広島県,高田郡,向原町,389
1990,34402,広島県,賀茂郡,黒瀬町,381
1990,34405,広島県,賀茂郡,福富町,386
1990,34406,広島県,賀茂郡,豊栄町,386
1990,34407,広島県,賀茂郡,大和町,386
1990,34408,広島県,賀茂郡,河内町,386
1990,34421,広島県,豊田郡,本郷町,382
1990,34422,広島県,豊田郡,安芸津町,382
1990,34423,広島県,豊田郡,安浦町,381
1990,34424,広島県,豊田郡,川尻町,381
1990,34425,広島県,豊田郡,豊浜町,537
1990,34426,広島県,豊田郡,豊町,537
1990,34427,広島県,豊田郡,大崎町,538
1990,34428,広島県,豊田郡,東野町,538
1990,34429,広島県,豊田郡,木江町,538
1990,34430,広島県,豊田郡,瀬戸田町,532
1990,34441,広島県,御調郡,御調町,383
1990,34442,広島県,御調郡,久井町,382
1990,34444,広島県,御調郡,向島町,383
1990,34461,広島県,世羅郡,甲山町,390
1990,34462,広島県,世羅郡,世羅町,390
1990,34463,広島県,世羅郡,世羅西町,390
1990,34481,広島県,沼隈郡,内海町,539
1990,34482,広島県,沼隈郡,沼隈町,383
1990,34501,広島県,深安郡,神辺町,383
1990,34524,広島県,芦品郡,新市町,383
1990,34541,広島県,神石郡,油木町,391
1990,34542,広島県,神石郡,神石町,376
1990,34543,広島県,神石郡,豊松村,391
1990,34544,広島県,神石郡,三和町,391
1990,34561,広島県,甲奴郡,上下町,392
1990,34562,広島県,甲奴郡,総領町,392
1990,34563,広島県,甲奴郡,甲奴町,392
1990,34581,広島県,双三郡,君田村,384
1990,34582,広島県,双三郡,布野村,384
1990,34583,広島県,双三郡,作木村,362
1990,34584,広島県,双三郡,吉舎町,384
1990,34585,広島県,双三郡,三良坂町,384
1990,34586,広島県,双三郡,三和町,393
1990,34601,広島県,比婆郡,西城町,384
1990,34602,広島県,比婆郡,東城町,376
1990,34603,広島県,比婆郡,口和町,384
1990,34604,広島県,比婆郡,高野町,384
1990,34605,広島県,比婆郡,比和町,384
1990,35201,山口県,,下関市,394
1990,35202,山口県,,宇部市,395
1990,35203,山口県,,山口市,396
1990,35204,山口県,,萩市,397
1990,35205,山口県,,徳山市,398
1990,35206,山口県,,防府市,396
1990,35207,山口県,,下松市,398
1990,35208,山口県,,岩国市,385
1990,35209,山口県,,小野田市,395
1990,35210,山口県,,光市,398
1990,35211,山口県,,長門市,399
1990,35212,山口県,,柳井市,398
1990,35213,山口県,,美祢市,396
1990,35214,山口県,,新南陽市,398
1990,35301,山口県,大島郡,久賀町,400
1990,35302,山口県,大島郡,大島町,400
1990,35303,山口県,大島郡,東和町,400
1990,35304,山口県,大島郡,橘町,400
1990,35321,山口県,玖珂郡,和木町,385
1990,35322,山口県,玖珂郡,由宇町,385
1990,35323,山口県,玖珂郡,玖珂町,385
1990,35324,山口県,玖珂郡,本郷村,385
1990,35325,山口県,玖珂郡,周東町,385
1990,35326,山口県,玖珂郡,錦町,385
1990,35327,山口県,玖珂郡,大畠町,398
1990,35328,山口県,玖珂郡,美川町,385
1990,35329,山口県,玖珂郡,美和町,385
1990,35341,山口県,熊毛郡,上関町,398
1990,35342,山口県,熊毛郡,大和町,398
1990,35343,山口県,熊毛郡,田布施町,398
1990,35344,山口県,熊毛郡,平生町,398
1990,35345,山口県,熊毛郡,熊毛町,398
1990,35361,山口県,都濃郡,鹿野町,398
1990,35381,山口県,佐波郡,徳地町,396
1990,35401,山口県,吉敷郡,秋穂町,396
1990,35402,山口県,吉敷郡,小郡町,396
1990,35403,山口県,吉敷郡,阿知須町,395
1990,35421,山口県,厚狭郡,楠町,395
1990,35422,山口県,厚狭郡,山陽町,395
1990,35441,山口県,豊浦郡,菊川町,394
1990,35442,山口県,豊浦郡,豊田町,394
1990,35443,山口県,豊浦郡,豊浦町,394
1990,35444,山口県,豊浦郡,豊北町,394
1990,35461,山口県,美祢郡,美東町,396
1990,35462,山口県,美祢郡,秋芳町,396
1990,35481,山口県,大津郡,三隅町,399
1990,35482,山口県,大津郡,日置町,399
1990,35483,山口県,大津郡,油谷町,399
1990,35501,山口県,阿武郡,川上村,397
1990,35502,山口県,阿武郡,阿武町,397
1990,35503,山口県,阿武郡,田万川町,356
1990,35504,山口県,阿武郡,阿東町,396
1990,35505,山口県,阿武郡,むつみ村,397
1990,35506,山口県,阿武郡,須佐町,356
1990,35507,山口県,阿武郡,旭村,397
1990,35508,山口県,阿武郡,福栄村,397
1990,36201,徳島県,,徳島市,401
1990,36202,徳島県,,鳴門市,401
1990,36203,徳島県,,小松島市,402
1990,36204,徳島県,,阿南市,402
1990,36301,徳島県,勝浦郡,勝浦町,403
1990,36302,徳島県,勝浦郡,上勝町,403
1990,36321,徳島県,名東郡,佐那河内村,401
1990,36341,徳島県,名西郡,石井町,401
1990,36342,徳島県,名西郡,神山町,404
1990,36361,徳島県,那賀郡,那賀川町,402
1990,36362,徳島県,那賀郡,羽ノ浦町,402
1990,36363,徳島県,那賀郡,鷲敷町,402
1990,36364,徳島県,那賀郡,相生町,402
1990,36365,徳島県,那賀郡,上那賀町,405
1990,36366,徳島県,那賀郡,木沢村,405
1990,36367,徳島県,那賀郡,木頭村,405
1990,36381,徳島県,海部郡,由岐町,406
1990,36382,徳島県,海部郡,日和佐町,406
1990,36383,徳島県,海部郡,牟岐町,406
1990,36384,徳島県,海部郡,海南町,406
1990,36385,徳島県,海部郡,海部町,406
1990,36386,徳島県,海部郡,宍喰町,406
1990,36401,徳島県,板野郡,松茂町,401
1990,36402,徳島県,板野郡,北島町,401
1990,36403,徳島県,板野郡,藍住町,401
1990,36404,徳島県,板野郡,板野町,401
1990,36405,徳島県,板野郡,上板町,401
1990,36406,徳島県,板野郡,吉野町,401
1990,36407,徳島県,板野郡,土成町,401
1990,36421,徳島県,阿波郡,市場町,401
1990,36422,徳島県,阿波郡,阿波町,401
1990,36441,徳島県,麻植郡,鴨島町,401
1990,36442,徳島県,麻植郡,川島町,401
1990,36443,徳島県,麻植郡,山川町,401
1990,36444,徳島県,麻植郡,美郷村,401
1990,36461,徳島県,美馬郡,脇町,407
1990,36462,徳島県,美馬郡,美馬町,407
1990,36463,徳島県,美馬郡,半田町,407
1990,36464,徳島県,美馬郡,貞光町,407
1990,36465,徳島県,美馬郡,一宇村,407
1990,36466,徳島県,美馬郡,穴吹町,407
1990,36467,徳島県,美馬郡,木屋平村,408
1990,36481,徳島県,三好郡,三野町,409
1990,36482,徳島県,三好郡,三好町,409
1990,36483,徳島県,三好郡,池田町,409
1990,36484,徳島県,三好郡,山城町,409
1990,36485,徳島県,三好郡,井川町,409
1990,36486,徳島県,三好郡,三加茂町,409
1990,36487,徳島県,三好郡,東祖谷山村,410
1990,36488,徳島県,三好郡,西祖谷山村,409
1990,37201,香川県,,高松市,411
1990,37202,香川県,,丸亀市,412
1990,37203,香川県,,坂出市,412
1990,37204,香川県,,善通寺市,412
1990,37205,香川県,,観音寺市,413
1990,37301,香川県,大川郡,引田町,414
1990,37302,香川県,大川郡,白鳥町,414
1990,37303,香川県,大川郡,大内町,414
1990,37304,香川県,大川郡,津田町,411
1990,37305,香川県,大川郡,大川町,411
1990,37306,香川県,大川郡,志度町,411
1990,37307,香川県,大川郡,寒川町,411
1990,37308,香川県,大川郡,長尾町,411
1990,37321,香川県,小豆郡,内海町,540
1990,37322,香川県,小豆郡,土庄町,540
1990,37323,香川県,小豆郡,池田町,540
1990,37341,香川県,木田郡,三木町,411
1990,37342,香川県,木田郡,牟礼町,411
1990,37343,香川県,木田郡,庵治町,411
1990,37361,香川県,香川郡,塩江町,411
1990,37362,香川県,香川郡,香川町,411
1990,37363,香川県,香川郡,香南町,411
1990,37364,香川県,香川郡,直島町,541
1990,37381,香川県,綾歌郡,綾上町,411
1990,37382,香川県,綾歌郡,綾南町,411
1990,37383,香川県,綾歌郡,国分寺町,411
1990,37384,香川県,綾歌郡,綾歌町,412
1990,37385,香川県,綾歌郡,飯山町,412
1990,37386,香川県,綾歌郡,宇多津町,412
1990,37401,香川県,仲多度郡,琴南町,412
1990,37402,香川県,仲多度郡,満濃町,412
1990,37403,香川県,仲多度郡,琴平町,412
1990,37404,香川県,仲多度郡,多度津町,412
1990,37405,香川県,仲多度郡,仲南町,412
1990,37421,香川県,三豊郡,高瀬町,413
1990,37422,香川県,三豊郡,山本町,413
1990,37423,香川県,三豊郡,三野町,413
1990,37424,香川県,三豊郡,大野原町,413
1990,37425,香川県,三豊郡,豊中町,413
1990,37426,香川県,三豊郡,詫間町,413
1990,37427,香川県,三豊郡,仁尾町,413
1990,37428,香川県,三豊郡,豊浜町,413
1990,37429,香川県,三豊郡,財田町,413
1990,38201,愛媛県,,松山市,415
1990,38202,愛媛県,,今治市,416
1990,38203,愛媛県,,宇和島市,417
1990,38204,愛媛県,,八幡浜市,418
1990,38205,愛媛県,,新居浜市,419
1990,38206,愛媛県,,西条市,420
1990,38207,愛媛県,,大洲市,421
1990,38208,愛媛県,,川之江市,419
1990,38209,愛媛県,,伊予三島市,419
1990,38210,愛媛県,,伊予市,415
1990,38211,愛媛県,,北条市,415
1990,38212,愛媛県,,東予市,420
1990,38301,愛媛県,宇摩郡,新宮村,419
1990,38302,愛媛県,宇摩郡,土居町,419
1990,38303,愛媛県,宇摩郡,別子山村,419
1990,38321,愛媛県,周桑郡,小松町,420
1990,38323,愛媛県,周桑郡,丹原町,420
1990,38341,愛媛県,越智郡,朝倉村,416
1990,38342,愛媛県,越智郡,玉川町,416
1990,38343,愛媛県,越智郡,波方町,416
1990,38344,愛媛県,越智郡,大西町,416
1990,38345,愛媛県,越智郡,菊間町,416
1990,38346,愛媛県,越智郡,吉海町,542
1990,38347,愛媛県,越智郡,宮窪町,542
1990,38348,愛媛県,越智郡,伯方町,543
1990,38349,愛媛県,越智郡,魚島村,544
1990,38350,愛媛県,越智郡,弓削町,545
1990,38351,愛媛県,越智郡,生名村,546
1990,38352,愛媛県,越智郡,岩城村,547
1990,38353,愛媛県,越智郡,上浦町,533
1990,38354,愛媛県,越智郡,大三島町,533
1990,38355,愛媛県,越智郡,関前村,548
1990,38361,愛媛県,温泉郡,重信町,415
1990,38362,愛媛県,温泉郡,川内町,415
1990,38363,愛媛県,温泉郡,中島町,549
1990,38381,愛媛県,上浮穴郡,久万町,422
1990,38382,愛媛県,上浮穴郡,面河村,422
1990,38383,愛媛県,上浮穴郡,美川村,422
1990,38384,愛媛県,上浮穴郡,柳谷村,422
1990,38385,愛媛県,上浮穴郡,小田町,423
1990,38401,愛媛県,伊予郡,松前町,415
1990,38402,愛媛県,伊予郡,砥部町,415
1990,38403,愛媛県,伊予郡,広田村,423
1990,38404,愛媛県,伊予郡,中山町,415
1990,38405,愛媛県,伊予郡,双海町,415
1990,38421,愛媛県,喜多郡,長浜町,421
1990,38422,愛媛県,喜多郡,内子町,421
1990,38423,愛媛県,喜多郡,五十崎町,421
1990,38424,愛媛県,喜多郡,肱川町,421
1990,38425,愛媛県,喜多郡,河辺村,421
1990,38441,愛媛県,西宇和郡,保内町,418
1990,38442,愛媛県,西宇和郡,伊方町,418
1990,38443,愛媛県,西宇和郡,瀬戸町,424
1990,38444,愛媛県,西宇和郡,三崎町,424
1990,38445,愛媛県,西宇和郡,三瓶町,418
1990,38461,愛媛県,東宇和郡,明浜町,425
1990,38462,愛媛県,東宇和郡,宇和町,425
1990,38463,愛媛県,東宇和郡,野村町,426
1990,38464,愛媛県,東宇和郡,城川町,426
1990,38481,愛媛県,北宇和郡,吉田町,417
1990,38482,愛媛県,北宇和郡,三間町,417
1990,38483,愛媛県,北宇和郡,広見町,417
1990,38484,愛媛県,北宇和郡,松野町,417
1990,38485,愛媛県,北宇和郡,日吉村,417
1990,38486,愛媛県,北宇和郡,津島町,427
1990,38501,愛媛県,南宇和郡,内海村,427
1990,38502,愛媛県,南宇和郡,御荘町,427
1990,38503,愛媛県,南宇和郡,城辺町,427
1990,38504,愛媛県,南宇和郡,一本松町,427
1990,38505,愛媛県,南宇和郡,西海町,427
1990,39201,高知県,,高知市,428
1990,39202,高知県,,室戸市,429
1990,39203,高知県,,安芸市,430
1990,39204,高知県,,南国市,428
1990,39205,高知県,,土佐市,428
1990,39206,高知県,,須崎市,431
1990,39207,高知県,,中村市,432
1990,39208,高知県,,宿毛市,432
1990,39209,高知県,,土佐清水市,433
1990,39301,高知県,安芸郡,東洋町,429
1990,39302,高知県,安芸郡,奈半利町,430
1990,39303,高知県,安芸郡,田野町,430
1990,39304,高知県,安芸郡,安田町,430
1990,39305,高知県,安芸郡,北川村,430
1990,39306,高知県,安芸郡,馬路村,430
1990,39307,高知県,安芸郡,芸西村,430
1990,39321,高知県,香美郡,赤岡町,428
1990,39322,高知県,香美郡,香我美町,428
1990,39323,高知県,香美郡,土佐山田町,428
1990,39324,高知県,香美郡,野市町,428
1990,39325,高知県,香美郡,夜須町,428
1990,39326,高知県,香美郡,香北町,428
1990,39327,高知県,香美郡,吉川村,428
1990,39328,高知県,香美郡,物部村,428
1990,39341,高知県,長岡郡,本山町,434
1990,39344,高知県,長岡郡,大豊町,434
1990,39361,高知県,土佐郡,鏡村,428
1990,39362,高知県,土佐郡,土佐山村,428
1990,39363,高知県,土佐郡,土佐町,434
1990,39364,高知県,土佐郡,大川村,434
1990,39365,高知県,土佐郡,本川村,435
1990,39381,高知県,吾川郡,伊野町,428
1990,39382,高知県,吾川郡,池川町,436
1990,39383,高知県,吾川郡,春野町,428
1990,39384,高知県,吾川郡,吾川村,436
1990,39385,高知県,吾川郡,吾北村,435
1990,39401,高知県,高岡郡,中土佐町,431
1990,39402,高知県,高岡郡,佐川町,436
1990,39403,高知県,高岡郡,越知町,436
1990,39404,高知県,高岡郡,窪川町,437
1990,39405,高知県,高岡郡,檮原町,438
1990,39406,高知県,高岡郡,大野見村,431
1990,39407,高知県,高岡郡,東津野村,438
1990,39408,高知県,高岡郡,葉山村,431
1990,39409,高知県,高岡郡,仁淀村,436
1990,39410,高知県,高岡郡,日高村,428
1990,39421,高知県,幡多郡,佐賀町,432
1990,39422,高知県,幡多郡,大正町,437
1990,39423,高知県,幡多郡,大方町,432
1990,39424,高知県,幡多郡,大月町,432
1990,39425,高知県,幡多郡,十和村,437
1990,39426,高知県,幡多郡,西土佐村,439
1990,39427,高知県,幡多郡,三原村,432
1990,40100,福岡県,,北九州市,440
1990,40130,福岡県,,福岡市,441
1990,40202,福岡県,,大牟田市,442
1990,40203,福岡県,,久留米市,443
1990,40204,福岡県,,直方市,444
1990,40205,福岡県,,飯塚市,444
1990,40206,福岡県,,田川市,445
1990,40207,福岡県,,柳川市,446
1990,40208,福岡県,,山田市,444
1990,40209,福岡県,,甘木市,447
1990,40210,福岡県,,八女市,448
1990,40211,福岡県,,筑後市,443
1990,40212,福岡県,,大川市,446
1990,40213,福岡県,,行橋市,440
1990,40214,福岡県,,豊前市,449
1990,40215,福岡県,,中間市,440
1990,40216,福岡県,,小郡市,447
1990,40217,福岡県,,筑紫野市,441
1990,40218,福岡県,,春日市,441
1990,40219,福岡県,,大野城市,441
1990,40220,福岡県,,宗像市,441
1990,40221,福岡県,,太宰府市,441
1990,40305,福岡県,筑紫郡,那珂川町,441
1990,40341,福岡県,糟屋郡,宇美町,441
1990,40342,福岡県,糟屋郡,篠栗町,441
1990,40343,福岡県,糟屋郡,志免町,441
1990,40344,福岡県,糟屋郡,須恵町,441
1990,40345,福岡県,糟屋郡,新宮町,441
1990,40347,福岡県,糟屋郡,古賀町,441
1990,40348,福岡県,糟屋郡,久山町,441
1990,40349,福岡県,糟屋郡,粕屋町,441
1990,40362,福岡県,宗像郡,福間町,441
1990,40363,福岡県,宗像郡,津屋崎町,441
1990,40364,福岡県,宗像郡,玄海町,441
1990,40365,福岡県,宗像郡,大島村,550
1990,40381,福岡県,遠賀郡,芦屋町,440
1990,40382,福岡県,遠賀郡,水巻町,440
1990,40383,福岡県,遠賀郡,岡垣町,440
1990,40384,福岡県,遠賀郡,遠賀町,440
1990,40401,福岡県,鞍手郡,小竹町,444
1990,40402,福岡県,鞍手郡,鞍手町,440
1990,40403,福岡県,鞍手郡,宮田町,444
1990,40404,福岡県,鞍手郡,若宮町,444
1990,40421,福岡県,嘉穂郡,桂川町,444
1990,40422,福岡県,嘉穂郡,稲築町,444
1990,40423,福岡県,嘉穂郡,碓井町,444
1990,40424,福岡県,嘉穂郡,嘉穂町,444
1990,40425,福岡県,嘉穂郡,筑穂町,444
1990,40426,福岡県,嘉穂郡,穂波町,444
1990,40427,福岡県,嘉穂郡,庄内町,444
1990,40428,福岡県,嘉穂郡,頴田町,444
1990,40441,福岡県,朝倉郡,杷木町,450
1990,40442,福岡県,朝倉郡,朝倉町,447
1990,40443,福岡県,朝倉郡,三輪町,447
1990,40444,福岡県,朝倉郡,夜須町,441
1990,40445,福岡県,朝倉郡,小石原村,450
1990,40446,福岡県,朝倉郡,宝珠山村,450
1990,40461,福岡県,糸島郡,前原町,441
1990,40462,福岡県,糸島郡,二丈町,441
1990,40463,福岡県,糸島郡,志摩町,441
1990,40481,福岡県,浮羽郡,吉井町,450
1990,40482,福岡県,浮羽郡,田主丸町,450
1990,40483,福岡県,浮羽郡,浮羽町,450
1990,40501,福岡県,三井郡,北野町,443
1990,40503,福岡県,三井郡,大刀洗町,447
1990,40521,福岡県,三潴郡,城島町,446
1990,40522,福岡県,三潴郡,大木町,446
1990,40523,福岡県,三潴郡,三潴町,443
1990,40541,福岡県,八女郡,黒木町,448
1990,40542,福岡県,八女郡,上陽町,448
1990,40543,福岡県,八女郡,立花町,448
1990,40544,福岡県,八女郡,広川町,443
1990,40545,福岡県,八女郡,矢部村,448
1990,40546,福岡県,八女郡,星野村,448
1990,40561,福岡県,山門郡,瀬高町,442
1990,40562,福岡県,山門郡,大和町,446
1990,40563,福岡県,山門郡,三橋町,446
1990,40564,福岡県,山門郡,山川町,442
1990,40581,福岡県,三池郡,高田町,442
1990,40601,福岡県,田川郡,香春町,445
1990,40602,福岡県,田川郡,添田町,445
1990,40603,福岡県,田川郡,金田町,445
1990,40604,福岡県,田川郡,糸田町,445
1990,40605,福岡県,田川郡,川崎町,445
1990,40606,福岡県,田川郡,赤池町,445
1990,40607,福岡県,田川郡,方城町,445
1990,40608,福岡県,田川郡,大任町,445
1990,40609,福岡県,田川郡,赤村,445
1990,40621,福岡県,京都郡,苅田町,440
1990,40622,福岡県,京都郡,犀川町,440
1990,40623,福岡県,京都郡,勝山町,440
1990,40624,福岡県,京都郡,豊津町,440
1990,40641,福岡県,築上郡,椎田町,440
1990,40642,福岡県,築上郡,吉富町,449
1990,40643,福岡県,築上郡,築城町,440
1990,40644,福岡県,築上郡,新吉富村,449
1990,40645,福岡県,築上郡,大平村,449
1990,41201,佐賀県,,佐賀市,451
1990,41202,佐賀県,,唐津市,452
1990,41203,佐賀県,,鳥栖市,443
1990,41204,佐賀県,,多久市,451
1990,41205,佐賀県,,伊万里市,453
1990,41206,佐賀県,,武雄市,454
1990,41207,佐賀県,,鹿島市,454
1990,41301,佐賀県,佐賀郡,諸富町,446
1990,41302,佐賀県,佐賀郡,川副町,451
1990,41303,佐賀県,佐賀郡,東与賀町,451
1990,41304,佐賀県,佐賀郡,久保田町,451
1990,41305,佐賀県,佐賀郡,大和町,451
1990,41306,佐賀県,佐賀郡,富士町,455
1990,41321,佐賀県,神埼郡,神埼町,443
1990,41322,佐賀県,神埼郡,千代田町,451
1990,41323,佐賀県,神埼郡,三田川町,443
1990,41324,佐賀県,神埼郡,東脊振村,443
1990,41325,佐賀県,神埼郡,脊振村,443
1990,41326,佐賀県,神埼郡,三瀬村,455
1990,41341,佐賀県,三養基郡,基山町,443
1990,41342,佐賀県,三養基郡,中原町,443
1990,41343,佐賀県,三養基郡,北茂安町,443
1990,41344,佐賀県,三養基郡,三根町,443
1990,41345,佐賀県,三養基郡,上峰町,443
1990,41361,佐賀県,小城郡,小城町,451
1990,41362,佐賀県,小城郡,三日月町,451
1990,41363,佐賀県,小城郡,牛津町,451
1990,41364,佐賀県,小城郡,芦刈町,451
1990,41381,佐賀県,東松浦郡,浜玉町,452
1990,41382,佐賀県,東松浦郡,七山村,452
1990,41383,佐賀県,東松浦郡,厳木町,451
1990,41384,佐賀県,東松浦郡,相知町,452
1990,41385,佐賀県,東松浦郡,北波多村,452
1990,41386,佐賀県,東松浦郡,肥前町,452
1990,41387,佐賀県,東松浦郡,玄海町,452
1990,41388,佐賀県,東松浦郡,鎮西町,452
1990,41389,佐賀県,東松浦郡,呼子町,452
1990,41401,佐賀県,西松浦郡,有田町,453
1990,41402,佐賀県,西松浦郡,西有田町,453
1990,41421,佐賀県,杵島郡,山内町,453
1990,41422,佐賀県,杵島郡,北方町,454
1990,41423,佐賀県,杵島郡,大町町,454
1990,41424,佐賀県,杵島郡,江北町,454
1990,41425,佐賀県,杵島郡,白石町,454
1990,41426,佐賀県,杵島郡,福富町,454
1990,41427,佐賀県,杵島郡,有明町,454
1990,41441,佐賀県,藤津郡,太良町,454
1990,41442,佐賀県,藤津郡,塩田町,454
1990,41443,佐賀県,藤津郡,嬉野町,454
1990,42201,長崎県,,長崎市,456
1990,42202,長崎県,,佐世保市,457
1990,42203,長崎県,,島原市,458
1990,42204,長崎県,,諫早市,456
1990,42205,長崎県,,大村市,459
1990,42206,長崎県,,福江市,551
1990,42207,長崎県,,平戸市,552
1990,42208,長崎県,,松浦市,457
1990,42301,長崎県,西彼杵郡,香焼町,456
1990,42302,長崎県,西彼杵郡,伊王島町,553
1990,42303,長崎県,西彼杵郡,高島町,554
1990,42304,長崎県,西彼杵郡,野母崎町,456
1990,42305,長崎県,西彼杵郡,三和町,456
1990,42306,長崎県,西彼杵郡,多良見町,456
1990,42307,長崎県,西彼杵郡,長与町,456
1990,42308,長崎県,西彼杵郡,時津町,456
1990,42309,長崎県,西彼杵郡,琴海町,456
1990,42310,長崎県,西彼杵郡,西彼町,460
1990,42311,長崎県,西彼杵郡,西海町,460
1990,42312,長崎県,西彼杵郡,大島町,555
1990,42313,長崎県,西彼杵郡,崎戸町,556
1990,42314,長崎県,西彼杵郡,大瀬戸町,460
1990,42315,長崎県,西彼杵郡,外海町,460
1990,42321,長崎県,東彼杵郡,東彼杵町,459
1990,42322,長崎県,東彼杵郡,川棚町,459
1990,42323,長崎県,東彼杵郡,波佐見町,459
1990,42341,長崎県,北高来郡,森山町,456
1990,42342,長崎県,北高来郡,飯盛町,456
1990,42343,長崎県,北高来郡,高来町,456
1990,42344,長崎県,北高来郡,小長井町,456
1990,42361,長崎県,南高来郡,有明町,458
1990,42362,長崎県,南高来郡,国見町,458
1990,42363,長崎県,南高来郡,瑞穂町,458
1990,42364,長崎県,南高来郡,吾妻町,456
1990,42365,長崎県,南高来郡,愛野町,456
1990,42366,長崎県,南高来郡,千々石町,461
1990,42367,長崎県,南高来郡,小浜町,461
1990,42368,長崎県,南高来郡,南串山町,461
1990,42369,長崎県,南高来郡,加津佐町,462
1990,42370,長崎県,南高来郡,口之津町,462
1990,42371,長崎県,南高来郡,南有馬町,462
1990,42372,長崎県,南高来郡,北有馬町,462
1990,42373,長崎県,南高来郡,西有家町,462
1990,42374,長崎県,南高来郡,有家町,462
1990,42375,長崎県,南高来郡,布津町,458
1990,42376,長崎県,南高来郡,深江町,458
1990,42381,長崎県,北松浦郡,大島村,557
1990,42382,長崎県,北松浦郡,生月町,558
1990,42383,長崎県,北松浦郡,小値賀町,559
1990,42384,長崎県,北松浦郡,宇久町,560
1990,42385,長崎県,北松浦郡,田平町,457
1990,42386,長崎県,北松浦郡,福島町,561
1990,42387,長崎県,北松浦郡,鷹島町,562
1990,42388,長崎県,北松浦郡,江迎町,457
1990,42389,長崎県,北松浦郡,鹿町町,457
1990,42390,長崎県,北松浦郡,小佐々町,457
1990,42391,長崎県,北松浦郡,佐々町,457
1990,42392,長崎県,北松浦郡,吉井町,457
1990,42393,長崎県,北松浦郡,世知原町,457
1990,42401,長崎県,南松浦郡,富江町,551
1990,42402,長崎県,南松浦郡,玉之浦町,551
1990,42403,長崎県,南松浦郡,三井楽町,551
1990,42404,長崎県,南松浦郡,岐宿町,551
1990,42405,長崎県,南松浦郡,奈留町,563
1990,42406,長崎県,南松浦郡,若松町,564
1990,42407,長崎県,南松浦郡,上五島町,564
1990,42408,長崎県,南松浦郡,新魚目町,564
1990,42409,長崎県,南松浦郡,有川町,564
1990,42410,長崎県,南松浦郡,奈良尾町,564
1990,42421,長崎県,壱岐郡,郷ノ浦町,565
1990,42422,長崎県,壱岐郡,勝本町,565
1990,42423,長崎県,壱岐郡,芦辺町,565
1990,42424,長崎県,壱岐郡,石田町,565
1990,42441,長崎県,対馬支庁,厳原町,566
1990,42442,長崎県,対馬支庁,美津島町,566
1990,42443,長崎県,対馬支庁,豊玉町,566
1990,42444,長崎県,対馬支庁,峰町,566
1990,42445,長崎県,対馬支庁,上県町,567
1990,42446,長崎県,対馬支庁,上対馬町,567
1990,43201,熊本県,,熊本市,463
1990,43202,熊本県,,八代市,464
1990,43203,熊本県,,人吉市,465
1990,43204,熊本県,,荒尾市,442
1990,43205,熊本県,,水俣市,466
1990,43206,熊本県,,玉名市,467
1990,43207,熊本県,,本渡市,568
1990,43208,熊本県,,山鹿市,468
1990,43209,熊本県,,牛深市,569
1990,43210,熊本県,,菊池市,463
1990,43211,熊本県,,宇土市,469
1990,43301,熊本県,飽託郡,北部町,463
1990,43302,熊本県,飽託郡,河内町,470
1990,43303,熊本県,飽託郡,飽田町,463
1990,43304,熊本県,飽託郡,天明町,463
1990,43321,熊本県,宇土郡,三角町,471
1990,43322,熊本県,宇土郡,不知火町,469
1990,43341,熊本県,下益城郡,城南町,463
1990,43342,熊本県,下益城郡,富合町,469
1990,43343,熊本県,下益城郡,松橋町,469
1990,43344,熊本県,下益城郡,小川町,464
1990,43345,熊本県,下益城郡,豊野村,469
1990,43346,熊本県,下益城郡,中央町,469
1990,43347,熊本県,下益城郡,砥用町,469
1990,43361,熊本県,玉名郡,岱明町,467
1990,43362,熊本県,玉名郡,横島町,467
1990,43363,熊本県,玉名郡,天水町,467
1990,43364,熊本県,玉名郡,玉東町,467
1990,43365,熊本県,玉名郡,菊水町,467
1990,43366,熊本県,玉名郡,三加和町,467
1990,43367,熊本県,玉名郡,南関町,467
1990,43368,熊本県,玉名郡,長洲町,442
1990,43381,熊本県,鹿本郡,鹿北町,468
1990,43382,熊本県,鹿本郡,菊鹿町,468
1990,43383,熊本県,鹿本郡,鹿本町,468
1990,43384,熊本県,鹿本郡,鹿央町,468
1990,43385,熊本県,鹿本郡,植木町,468
1990,43401,熊本県,菊池郡,七城町,463
1990,43402,熊本県,菊池郡,旭志村,463
1990,43403,熊本県,菊池郡,大津町,463
1990,43404,熊本県,菊池郡,菊陽町,463
1990,43405,熊本県,菊池郡,合志町,463
1990,43406,熊本県,菊池郡,泗水町,463
1990,43407,熊本県,菊池郡,西合志町,463
1990,43421,熊本県,阿蘇郡,一の宮町,472
1990,43422,熊本県,阿蘇郡,阿蘇町,472
1990,43423,熊本県,阿蘇郡,南小国町,473
1990,43424,熊本県,阿蘇郡,小国町,473
1990,43425,熊本県,阿蘇郡,産山村,472
1990,43426,熊本県,阿蘇郡,波野村,472
1990,43427,熊本県,阿蘇郡,蘇陽町,474
1990,43428,熊本県,阿蘇郡,高森町,475
1990,43429,熊本県,阿蘇郡,白水村,475
1990,43430,熊本県,阿蘇郡,久木野村,475
1990,43431,熊本県,阿蘇郡,長陽村,475
1990,43432,熊本県,阿蘇郡,西原村,463
1990,43441,熊本県,上益城郡,御船町,463
1990,43442,熊本県,上益城郡,嘉島町,463
1990,43443,熊本県,上益城郡,益城町,463
1990,43444,熊本県,上益城郡,甲佐町,463
1990,43445,熊本県,上益城郡,矢部町,474
1990,43446,熊本県,上益城郡,清和村,474
1990,43461,熊本県,八代郡,坂本村,464
1990,43462,熊本県,八代郡,千丁町,464
1990,43463,熊本県,八代郡,鏡町,464
1990,43464,熊本県,八代郡,竜北町,464
1990,43465,熊本県,八代郡,宮原町,464
1990,43466,熊本県,八代郡,東陽村,464
1990,43467,熊本県,八代郡,泉村,464
1990,43481,熊本県,葦北郡,田浦町,466
1990,43482,熊本県,葦北郡,芦北町,466
1990,43484,熊本県,葦北郡,津奈木町,466
1990,43501,熊本県,球磨郡,錦町,465
1990,43502,熊本県,球磨郡,上村,465
1990,43503,熊本県,球磨郡,免田町,465
1990,43504,熊本県,球磨郡,岡原村,465
1990,43505,熊本県,球磨郡,多良木町,465
1990,43506,熊本県,球磨郡,湯前町,465
1990,43507,熊本県,球磨郡,水上村,465
1990,43508,熊本県,球磨郡,須恵村,465
1990,43509,熊本県,球磨郡,深田村,465
1990,43510,熊本県,球磨郡,相良村,465
1990,43511,熊本県,球磨郡,五木村,465
1990,43512,熊本県,球磨郡,山江村,465
1990,43513,熊本県,球磨郡,球磨村,465
1990,43521,熊本県,天草郡,大矢野町,471
1990,43522,熊本県,天草郡,松島町,570
1990,43523,熊本県,天草郡,有明町,568
1990,43524,熊本県,天草郡,姫戸町,570
1990,43525,熊本県,天草郡,龍ヶ岳町,570
1990,43526,熊本県,天草郡,御所浦町,571
1990,43527,熊本県,天草郡,倉岳町,570
1990,43528,熊本県,天草郡,栖本町,568
1990,43529,熊本県,天草郡,新和町,568
1990,43530,熊本県,天草郡,五和町,568
1990,43531,熊本県,天草郡,苓北町,568
1990,43532,熊本県,天草郡,天草町,568
1990,43533,熊本県,天草郡,河浦町,569
1990,44201,大分県,,大分市,476
1990,44202,大分県,,別府市,477
1990,44203,大分県,,中津市,449
1990,44204,大分県,,日田市,478
1990,44205,大分県,,佐伯市,479
1990,44206,大分県,,臼杵市,480
1990,44207,大分県,,津久見市,480
1990,44208,大分県,,竹田市,481
1990,44209,大分県,,豊後高田市,482
1990,44210,大分県,,杵築市,477
1990,44211,大分県,,宇佐市,482
1990,44301,大分県,西国東郡,大田村,482
1990,44302,大分県,西国東郡,真玉町,482
1990,44303,大分県,西国東郡,香々地町,483
1990,44321,大分県,東国東郡,国見町,483
1990,44322,大分県,東国東郡,姫島村,572
1990,44323,大分県,東国東郡,国東町,477
1990,44324,大分県,東国東郡,武蔵町,477
1990,44325,大分県,東国東郡,安岐町,477
1990,44341,大分県,速見郡,日出町,477
1990,44342,大分県,速見郡,山香町,477
1990,44361,大分県,大分郡,野津原町,476
1990,44362,大分県,大分郡,挾間町,476
1990,44363,大分県,大分郡,庄内町,476
1990,44364,大分県,大分郡,湯布院町,484
1990,44381,大分県,北海部郡,佐賀関町,476
1990,44401,大分県,南海部郡,上浦町,479
1990,44402,大分県,南海部郡,弥生町,479
1990,44403,大分県,南海部郡,本匠村,479
1990,44404,大分県,南海部郡,宇目町,479
1990,44405,大分県,南海部郡,直川村,479
1990,44406,大分県,南海部郡,鶴見町,479
1990,44407,大分県,南海部郡,米水津村,479
1990,44408,大分県,南海部郡,蒲江町,485
1990,44421,大分県,大野郡,野津町,476
1990,44422,大分県,大野郡,三重町,476
1990,44423,大分県,大野郡,清川村,476
1990,44424,大分県,大野郡,緒方町,476
1990,44425,大分県,大野郡,朝地町,476
1990,44426,大分県,大野郡,大野町,476
1990,44427,大分県,大野郡,千歳村,476
1990,44428,大分県,大野郡,犬飼町,476
1990,44441,大分県,直入郡,荻町,481
1990,44442,大分県,直入郡,久住町,481
1990,44443,大分県,直入郡,直入町,481
1990,44461,大分県,玖珠郡,九重町,484
1990,44462,大分県,玖珠郡,玖珠町,484
1990,44481,大分県,日田郡,前津江村,478
1990,44482,大分県,日田郡,中津江村,478
1990,44483,大分県,日田郡,上津江村,478
1990,44484,大分県,日田郡,大山町,478
1990,44485,大分県,日田郡,天瀬町,478
1990,44501,大分県,下毛郡,三光村,449
1990,44502,大分県,下毛郡,本耶馬溪町,449
1990,44503,大分県,下毛郡,耶馬溪町,449
1990,44504,大分県,下毛郡,山国町,449
1990,44521,大分県,宇佐郡,院内町,482
1990,44522,大分県,宇佐郡,安心院町,482
1990,45201,宮崎県,,宮崎市,486
1990,45202,宮崎県,,都城市,487
1990,45203,宮崎県,,延岡市,488
1990,45204,宮崎県,,日南市,489
1990,45205,宮崎県,,小林市,490
1990,45206,宮崎県,,日向市,491
1990,45207,宮崎県,,串間市,489
1990,45208,宮崎県,,西都市,492
1990,45209,宮崎県,,えびの市,493
1990,45301,宮崎県,宮崎郡,清武町,486
1990,45302,宮崎県,宮崎郡,田野町,486
1990,45303,宮崎県,宮崎郡,佐土原町,486
1990,45321,宮崎県,南那珂郡,北郷町,489
1990,45322,宮崎県,南那珂郡,南郷町,489
1990,45341,宮崎県,北諸県郡,三股町,487
1990,45342,宮崎県,北諸県郡,山之口町,487
1990,45343,宮崎県,北諸県郡,高城町,487
1990,45344,宮崎県,北諸県郡,山田町,487
1990,45345,宮崎県,北諸県郡,高崎町,487
1990,45361,宮崎県,西諸県郡,高原町,490
1990,45362,宮崎県,西諸県郡,野尻町,490
1990,45363,宮崎県,西諸県郡,須木村,490
1990,45381,宮崎県,東諸県郡,高岡町,486
1990,45382,宮崎県,東諸県郡,国富町,486
1990,45383,宮崎県,東諸県郡,綾町,486
1990,45401,宮崎県,児湯郡,高鍋町,492
1990,45402,宮崎県,児湯郡,新富町,492
1990,45403,宮崎県,児湯郡,西米良村,494
1990,45404,宮崎県,児湯郡,木城町,492
1990,45405,宮崎県,児湯郡,川南町,492
1990,45406,宮崎県,児湯郡,都農町,492
1990,45421,宮崎県,東臼杵郡,門川町,491
1990,45422,宮崎県,東臼杵郡,東郷町,491
1990,45423,宮崎県,東臼杵郡,南郷村,491
1990,45424,宮崎県,東臼杵郡,西郷村,491
1990,45425,宮崎県,東臼杵郡,北郷村,495
1990,45426,宮崎県,東臼杵郡,北方町,488
1990,45427,宮崎県,東臼杵郡,北川町,488
1990,45428,宮崎県,東臼杵郡,北浦町,488
1990,45429,宮崎県,東臼杵郡,諸塚村,496
1990,45430,宮崎県,東臼杵郡,椎葉村,497
1990,45441,宮崎県,西臼杵郡,高千穂町,498
1990,45442,宮崎県,西臼杵郡,日之影町,498
1990,45443,宮崎県,西臼杵郡,五ヶ瀬町,474
1990,46201,鹿児島県,,鹿児島市,499
1990,46202,鹿児島県,,川内市,500
1990,46203,鹿児島県,,鹿屋市,501
1990,46204,鹿児島県,,枕崎市,502
1990,46205,鹿児島県,,串木野市,499
1990,46206,鹿児島県,,阿久根市,503
1990,46207,鹿児島県,,名瀬市,573
1990,46208,鹿児島県,,出水市,503
1990,46209,鹿児島県,,大口市,504
1990,46210,鹿児島県,,指宿市,505
1990,46211,鹿児島県,,加世田市,502
1990,46212,鹿児島県,,国分市,506
1990,46213,鹿児島県,,西之表市,575
1990,46214,鹿児島県,,垂水市,507
1990,46301,鹿児島県,鹿児島郡,吉田町,499
1990,46302,鹿児島県,鹿児島郡,桜島町,499
1990,46303,鹿児島県,鹿児島郡,三島村,576
1990,46304,鹿児島県,鹿児島郡,十島村,577
1990,46321,鹿児島県,揖宿郡,喜入町,499
1990,46322,鹿児島県,揖宿郡,山川町,505
1990,46323,鹿児島県,揖宿郡,頴娃町,505
1990,46324,鹿児島県,揖宿郡,開聞町,505
1990,46341,鹿児島県,川辺郡,笠沙町,502
1990,46342,鹿児島県,川辺郡,大浦町,502
1990,46343,鹿児島県,川辺郡,坊津町,502
1990,46344,鹿児島県,川辺郡,知覧町,502
1990,46345,鹿児島県,川辺郡,川辺町,502
1990,46361,鹿児島県,日置郡,市来町,499
1990,46362,鹿児島県,日置郡,東市来町,499
1990,46363,鹿児島県,日置郡,伊集院町,499
1990,46364,鹿児島県,日置郡,松元町,499
1990,46365,鹿児島県,日置郡,郡山町,499
1990,46366,鹿児島県,日置郡,日吉町,499
1990,46367,鹿児島県,日置郡,吹上町,499
1990,46368,鹿児島県,日置郡,金峰町,502
1990,46381,鹿児島県,薩摩郡,樋脇町,500
1990,46382,鹿児島県,薩摩郡,入来町,500
1990,46383,鹿児島県,薩摩郡,東郷町,500
1990,46384,鹿児島県,薩摩郡,宮之城町,500
1990,46385,鹿児島県,薩摩郡,鶴田町,500
1990,46386,鹿児島県,薩摩郡,薩摩町,500
1990,46387,鹿児島県,薩摩郡,祁答院町,500
1990,46388,鹿児島県,薩摩郡,里村,578
1990,46389,鹿児島県,薩摩郡,上甑村,578
1990,46390,鹿児島県,薩摩郡,下甑村,579
1990,46391,鹿児島県,薩摩郡,鹿島村,579
1990,46401,鹿児島県,出水郡,野田町,503
1990,46402,鹿児島県,出水郡,高尾野町,503
1990,46403,鹿児島県,出水郡,東町,508
1990,46404,鹿児島県,出水郡,長島町,508
1990,46421,鹿児島県,伊佐郡,菱刈町,504
1990,46441,鹿児島県,姶良郡,加治木町,506
1990,46442,鹿児島県,姶良郡,姶良町,506
1990,46443,鹿児島県,姶良郡,蒲生町,506
1990,46444,鹿児島県,姶良郡,溝辺町,506
1990,46445,鹿児島県,姶良郡,横川町,493
1990,46446,鹿児島県,姶良郡,栗野町,493
1990,46447,鹿児島県,姶良郡,吉松町,493
1990,46448,鹿児島県,姶良郡,牧園町,493
1990,46449,鹿児島県,姶良郡,霧島町,506
1990,46450,鹿児島県,姶良郡,隼人町,506
1990,46451,鹿児島県,姶良郡,福山町,506
1990,46461,鹿児島県,曽於郡,大隅町,509
1990,46462,鹿児島県,曽於郡,輝北町,510
1990,46463,鹿児島県,曽於郡,財部町,487
1990,46464,鹿児島県,曽於郡,末吉町,509
1990,46465,鹿児島県,曽於郡,松山町,509
1990,46466,鹿児島県,曽於郡,志布志町,509
1990,46467,鹿児島県,曽於郡,有明町,509
1990,46468,鹿児島県,曽於郡,大崎町,509
1990,46481,鹿児島県,肝属郡,串良町,501
1990,46482,鹿児島県,肝属郡,東串良町,501
1990,46483,鹿児島県,肝属郡,内之浦町,511
1990,46484,鹿児島県,肝属郡,高山町,501
1990,46485,鹿児島県,肝属郡,吾平町,501
1990,46486,鹿児島県,肝属郡,大根占町,512
1990,46487,鹿児島県,肝属郡,根占町,512
1990,46488,鹿児島県,肝属郡,田代町,512
1990,46489,鹿児島県,肝属郡,佐多町,512
1990,46501,鹿児島県,熊毛郡,中種子町,575
1990,46502,鹿児島県,熊毛郡,南種子町,575
1990,46503,鹿児島県,熊毛郡,上屋久町,580
1990,46504,鹿児島県,熊毛郡,屋久町,580
1990,46523,鹿児島県,大島郡,大和村,573
1990,46524,鹿児島県,大島郡,宇検村,574
1990,46525,鹿児島県,大島郡,瀬戸内町,574
1990,46526,鹿児島県,大島郡,住用村,573
1990,46527,鹿児島県,大島郡,龍郷町,573
1990,46528,鹿児島県,大島郡,笠利町,573
1990,46529,鹿児島県,大島郡,喜界町,581
1990,46530,鹿児島県,大島郡,徳之島町,582
1990,46531,鹿児島県,大島郡,天城町,582
1990,46532,鹿児島県,大島郡,伊仙町,582
1990,46533,鹿児島県,大島郡,和泊町,583
1990,46534,鹿児島県,大島郡,知名町,583
1990,46535,鹿児島県,大島郡,与論町,584
1990,47201,沖縄県,,那覇市,585
1990,47202,沖縄県,,石川市,586
1990,47203,沖縄県,,具志川市,586
1990,47205,沖縄県,,宜野湾市,586
1990,47206,沖縄県,,平良市,588
1990,47207,沖縄県,,石垣市,589
1990,47208,沖縄県,,浦添市,585
1990,47209,沖縄県,,名護市,587
1990,47210,沖縄県,,糸満市,585
1990,47211,沖縄県,,沖縄市,586
1990,47301,沖縄県,国頭郡,国頭村,587
1990,47302,沖縄県,国頭郡,大宜味村,587
1990,47303,沖縄県,国頭郡,東村,587
1990,47306,沖縄県,国頭郡,今帰仁村,587
1990,47308,沖縄県,国頭郡,本部町,587
1990,47311,沖縄県,国頭郡,恩納村,586
1990,47313,沖縄県,国頭郡,宜野座村,586
1990,47314,沖縄県,国頭郡,金武町,586
1990,47315,沖縄県,国頭郡,伊江村,590
1990,47322,沖縄県,中頭郡,与那城村,586
1990,47323,沖縄県,中頭郡,勝連町,586
1990,47324,沖縄県,中頭郡,読谷村,586
1990,47325,沖縄県,中頭郡,嘉手納町,586
1990,47326,沖縄県,中頭郡,北谷町,586
1990,47327,沖縄県,中頭郡,北中城村,586
1990,47328,沖縄県,中頭郡,中城村,586
1990,47329,沖縄県,中頭郡,西原町,585
1990,47341,沖縄県,島尻郡,豊見城村,585
1990,47343,沖縄県,島尻郡,東風平町,585
1990,47344,沖縄県,島尻郡,具志頭村,585
1990,47345,沖縄県,島尻郡,玉城村,585
1990,47346,沖縄県,島尻郡,知念村,585
1990,47347,沖縄県,島尻郡,佐敷町,585
1990,47348,沖縄県,島尻郡,与那原町,585
1990,47349,沖縄県,島尻郡,大里村,585
1990,47350,沖縄県,島尻郡,南風原町,585
1990,47351,沖縄県,島尻郡,仲里村,591
1990,47352,沖縄県,島尻郡,具志川村,591
1990,47353,沖縄県,島尻郡,渡嘉敷村,592
1990,47354,沖縄県,島尻郡,座間味村,593
1990,47355,沖縄県,島尻郡,粟国村,594
1990,47356,沖縄県,島尻郡,渡名喜村,595
1990,47357,沖縄県,島尻郡,南大東村,596
1990,47358,沖縄県,島尻郡,北大東村,597
1990,47359,沖縄県,島尻郡,伊平屋村,598
1990,47360,沖縄県,島尻郡,伊是名村,599
1990,47371,沖縄県,宮古郡,城辺町,588
1990,47372,沖縄県,宮古郡,下地町,588
1990,47373,沖縄県,宮古郡,上野村,588
1990,47374,沖縄県,宮古郡,伊良部町,600
1990,47375,沖縄県,宮古郡,多良間村,601
1990,47381,沖縄県,八重山郡,竹富町,602
1990,47382,沖縄県,八重山郡,与那国町,603
1995,01100,北海道,,札幌市,1
1995,01202,北海道,,函館市,2
1995,01203,北海道,,小樽市,3
1995,01204,北海道,,旭川市,4
1995,01205,北海道,,室蘭市,5
1995,01206,北海道,,釧路市,6
1995,01207,北海道,,帯広市,7
1995,01208,北海道,,北見市,8
1995,01209,北海道,,夕張市,9
1995,01210,北海道,,岩見沢市,10
1995,01211,北海道,,網走市,11
1995,01212,北海道,,留萌市,12
1995,01213,北海道,,苫小牧市,13
1995,01214,北海道,,稚内市,14
1995,01215,北海道,,美唄市,10
1995,01216,北海道,,芦別市,15
1995,01217,北海道,,江別市,1
1995,01218,北海道,,赤平市,15
1995,01219,北海道,,紋別市,16
1995,01220,北海道,,士別市,17
1995,01221,北海道,,名寄市,18
1995,01222,北海道,,三笠市,10
1995,01223,北海道,,根室市,19
1995,01224,北海道,,千歳市,13
1995,01225,北海道,,滝川市,15
1995,01226,北海道,,砂川市,15
1995,01227,北海道,,歌志内市,15
1995,01228,北海道,,深川市,20
1995,01229,北海道,,富良野市,21
1995,01230,北海道,,登別市,5
1995,01231,北海道,,恵庭市,13
1995,01233,北海道,,伊達市,5
1995,01301,北海道,石狩支庁,広島町,1
1995,01302,北海道,石狩支庁,石狩町,1
1995,01303,北海道,石狩支庁,当別町,1
1995,01304,北海道,石狩支庁,新篠津村,22
1995,01305,北海道,石狩支庁,厚田村,1
1995,01306,北海道,石狩支庁,浜益村,23
1995,01331,北海道,渡島支庁,松前町,24
1995,01332,北海道,渡島支庁,福島町,24
1995,01333,北海道,渡島支庁,知内町,2
1995,01334,北海道,渡島支庁,木古内町,2
1995,01335,北海道,渡島支庁,上磯町,2
1995,01336,北海道,渡島支庁,大野町,2
1995,01337,北海道,渡島支庁,七飯町,2
1995,01339,北海道,渡島支庁,戸井町,2
1995,01340,北海道,渡島支庁,恵山町,25
1995,01341,北海道,渡島支庁,椴法華村,25
1995,01342,北海道,渡島支庁,南茅部町,26
1995,01343,北海道,渡島支庁,鹿部町,27
1995,01344,北海道,渡島支庁,砂原町,27
1995,01345,北海道,渡島支庁,森町,27
1995,01346,北海道,渡島支庁,八雲町,28
1995,01347,北海道,渡島支庁,長万部町,28
1995,01361,北海道,檜山支庁,江差町,29
1995,01362,北海道,檜山支庁,上ノ国町,29
1995,01363,北海道,檜山支庁,厚沢部町,29
1995,01364,北海道,檜山支庁,乙部町,29
1995,01365,北海道,檜山支庁,熊石町,30
1995,01366,北海道,檜山支庁,大成町,30
1995,01367,北海道,檜山支庁,奥尻町,64
1995,01368,北海道,檜山支庁,瀬棚町,31
1995,01369,北海道,檜山支庁,北檜山町,31
1995,01370,北海道,檜山支庁,今金町,31
1995,01391,北海道,後志支庁,島牧村,32
1995,01392,北海道,後志支庁,寿都町,32
1995,01393,北海道,後志支庁,黒松内町,28
1995,01394,北海道,後志支庁,蘭越町,33
1995,01395,北海道,後志支庁,ニセコ町,33
1995,01396,北海道,後志支庁,真狩村,33
1995,01397,北海道,後志支庁,留寿都村,33
1995,01398,北海道,後志支庁,喜茂別町,33
1995,01399,北海道,後志支庁,京極町,33
1995,01400,北海道,後志支庁,倶知安町,33
1995,01401,北海道,後志支庁,共和町,34
1995,01402,北海道,後志支庁,岩内町,34
1995,01403,北海道,後志支庁,泊村,34
1995,01404,北海道,後志支庁,神恵内村,34
1995,01405,北海道,後志支庁,積丹町,3
1995,01406,北海道,後志支庁,古平町,3
1995,01407,北海道,後志支庁,仁木町,3
1995,01408,北海道,後志支庁,余市町,3
1995,01409,北海道,後志支庁,赤井川村,3
1995,01421,北海道,空知支庁,北村,10
1995,01422,北海道,空知支庁,栗沢町,10
1995,01423,北海道,空知支庁,南幌町,1
1995,01424,北海道,空知支庁,奈井江町,15
1995,01425,北海道,空知支庁,上砂川町,15
1995,01427,北海道,空知支庁,由仁町,9
1995,01428,北海道,空知支庁,長沼町,9
1995,01429,北海道,空知支庁,栗山町,9
1995,01430,北海道,空知支庁,月形町,10
1995,01431,北海道,空知支庁,浦臼町,15
1995,01432,北海道,空知支庁,新十津川町,15
1995,01433,北海道,空知支庁,妹背牛町,20
1995,01434,北海道,空知支庁,秩父別町,20
1995,01436,北海道,空知支庁,雨竜町,15
1995,01437,北海道,空知支庁,北竜町,20
1995,01438,北海道,空知支庁,沼田町,20
1995,01439,北海道,空知支庁,幌加内町,35
1995,01452,北海道,上川支庁,鷹栖町,4
1995,01453,北海道,上川支庁,東神楽町,4
1995,01454,北海道,上川支庁,当麻町,4
1995,01455,北海道,上川支庁,比布町,4
1995,01456,北海道,上川支庁,愛別町,4
1995,01457,北海道,上川支庁,上川町,36
1995,01458,北海道,上川支庁,東川町,4
1995,01459,北海道,上川支庁,美瑛町,4
1995,01460,北海道,上川支庁,上富良野町,21
1995,01461,北海道,上川支庁,中富良野町,21
1995,01462,北海道,上川支庁,南富良野町,21
1995,01463,北海道,上川支庁,占冠村,21
1995,01464,北海道,上川支庁,和寒町,17
1995,01465,北海道,上川支庁,剣淵町,17
1995,01466,北海道,上川支庁,朝日町,17
1995,01467,北海道,上川支庁,風連町,18
1995,01468,北海道,上川支庁,下川町,18
1995,01469,北海道,上川支庁,美深町,37
1995,01470,北海道,上川支庁,音威子府村,37
1995,01471,北海道,上川支庁,中川町,38
1995,01481,北海道,留萌支庁,増毛町,12
1995,01482,北海道,留萌支庁,小平町,12
1995,01483,北海道,留萌支庁,苫前町,39
1995,01484,北海道,留萌支庁,羽幌町,39
1995,01485,北海道,留萌支庁,初山別村,39
1995,01486,北海道,留萌支庁,遠別町,40
1995,01487,北海道,留萌支庁,天塩町,40
1995,01488,北海道,留萌支庁,幌延町,40
1995,01511,北海道,宗谷支庁,猿払村,41
1995,01512,北海道,宗谷支庁,浜頓別町,41
1995,01513,北海道,宗谷支庁,中頓別町,41
1995,01514,北海道,宗谷支庁,枝幸町,42
1995,01515,北海道,宗谷支庁,歌登町,42
1995,01516,北海道,宗谷支庁,豊富町,14
1995,01517,北海道,宗谷支庁,礼文町,65
1995,01518,北海道,宗谷支庁,利尻町,66
1995,01519,北海道,宗谷支庁,利尻富士町,66
1995,01541,北海道,網走支庁,東藻琴村,11
1995,01542,北海道,網走支庁,女満別町,11
1995,01543,北海道,網走支庁,美幌町,11
1995,01544,北海道,網走支庁,津別町,11
1995,01545,北海道,網走支庁,斜里町,43
1995,01546,北海道,網走支庁,清里町,43
1995,01547,北海道,網走支庁,小清水町,43
1995,01548,北海道,網走支庁,端野町,8
1995,01549,北海道,網走支庁,訓子府町,8
1995,01550,北海道,網走支庁,置戸町,8
1995,01551,北海道,網走支庁,留辺蘂町,8
1995,01552,北海道,網走支庁,佐呂間町,44
1995,01553,北海道,網走支庁,常呂町,45
1995,01554,北海道,網走支庁,生田原町,46
1995,01555,北海道,網走支庁,遠軽町,46
1995,01556,北海道,網走支庁,丸瀬布町,46
1995,01557,北海道,網走支庁,白滝村,47
1995,01558,北海道,網走支庁,上湧別町,46
1995,01559,北海道,網走支庁,湧別町,46
1995,01560,北海道,網走支庁,滝上町,48
1995,01561,北海道,網走支庁,興部町,16
1995,01562,北海道,網走支庁,西興部村,16
1995,01563,北海道,網走支庁,雄武町,16
1995,01571,北海道,胆振支庁,豊浦町,5
1995,01572,北海道,胆振支庁,虻田町,5
1995,01573,北海道,胆振支庁,洞爺村,5
1995,01574,北海道,胆振支庁,大滝村,5
1995,01575,北海道,胆振支庁,壮瞥町,5
1995,01578,北海道,胆振支庁,白老町,13
1995,01579,北海道,胆振支庁,早来町,13
1995,01580,北海道,胆振支庁,追分町,13
1995,01581,北海道,胆振支庁,厚真町,13
1995,01582,北海道,胆振支庁,鵡川町,13
1995,01583,北海道,胆振支庁,穂別町,49
1995,01601,北海道,日高支庁,日高町,50
1995,01602,北海道,日高支庁,平取町,51
1995,01603,北海道,日高支庁,門別町,51
1995,01604,北海道,日高支庁,新冠町,52
1995,01605,北海道,日高支庁,静内町,52
1995,01606,北海道,日高支庁,三石町,53
1995,01607,北海道,日高支庁,浦河町,53
1995,01608,北海道,日高支庁,様似町,53
1995,01609,北海道,日高支庁,えりも町,54
1995,01631,北海道,十勝支庁,音更町,7
1995,01632,北海道,十勝支庁,士幌町,7
1995,01633,北海道,十勝支庁,上士幌町,7
1995,01634,北海道,十勝支庁,鹿追町,55
1995,01635,北海道,十勝支庁,新得町,55
1995,01636,北海道,十勝支庁,清水町,55
1995,01637,北海道,十勝支庁,芽室町,7
1995,01638,北海道,十勝支庁,中札内村,7
1995,01639,北海道,十勝支庁,更別村,56
1995,01640,北海道,十勝支庁,忠類村,57
1995,01641,北海道,十勝支庁,大樹町,57
1995,01642,北海道,十勝支庁,広尾町,57
1995,01643,北海道,十勝支庁,幕別町,7
1995,01644,北海道,十勝支庁,池田町,7
1995,01645,北海道,十勝支庁,豊頃町,58
1995,01646,北海道,十勝支庁,本別町,59
1995,01647,北海道,十勝支庁,足寄町,59
1995,01648,北海道,十勝支庁,陸別町,59
1995,01649,北海道,十勝支庁,浦幌町,58
1995,01661,北海道,釧路支庁,釧路町,6
1995,01662,北海道,釧路支庁,厚岸町,60
1995,01663,北海道,釧路支庁,浜中町,60
1995,01664,北海道,釧路支庁,標茶町,61
1995,01665,北海道,釧路支庁,弟子屈町,61
1995,01666,北海道,釧路支庁,阿寒町,6
1995,01667,北海道,釧路支庁,鶴居村,6
1995,01668,北海道,釧路支庁,白糠町,6
1995,01669,北海道,釧路支庁,音別町,6
1995,01691,北海道,根室支庁,別海町,62
1995,01692,北海道,根室支庁,中標津町,62
1995,01693,北海道,根室支庁,標津町,62
1995,01694,北海道,根室支庁,羅臼町,63
1995,01695,北海道,根室支庁,色丹村,NA
1995,01696,北海道,根室支庁,泊村,NA
1995,01698,北海道,根室支庁,留別村,NA
1995,02201,青森県,,青森市,67
1995,02202,青森県,,弘前市,68
1995,02203,青森県,,八戸市,69
1995,02204,青森県,,黒石市,68
1995,02205,青森県,,五所川原市,70
1995,02206,青森県,,十和田市,71
1995,02207,青森県,,三沢市,69
1995,02208,青森県,,むつ市,72
1995,02301,青森県,東津軽郡,平内町,67
1995,02302,青森県,東津軽郡,蟹田町,67
1995,02303,青森県,東津軽郡,今別町,67
1995,02304,青森県,東津軽郡,蓬田村,67
1995,02305,青森県,東津軽郡,平舘村,67
1995,02306,青森県,東津軽郡,三厩村,67
1995,02321,青森県,西津軽郡,鰺ヶ沢町,73
1995,02322,青森県,西津軽郡,木造町,70
1995,02323,青森県,西津軽郡,深浦町,73
1995,02324,青森県,西津軽郡,森田村,70
1995,02325,青森県,西津軽郡,岩崎村,73
1995,02326,青森県,西津軽郡,柏村,70
1995,02327,青森県,西津軽郡,稲垣村,70
1995,02328,青森県,西津軽郡,車力村,74
1995,02341,青森県,中津軽郡,岩木町,68
1995,02342,青森県,中津軽郡,相馬村,68
1995,02343,青森県,中津軽郡,西目屋村,68
1995,02361,青森県,南津軽郡,藤崎町,68
1995,02362,青森県,南津軽郡,大鰐町,68
1995,02363,青森県,南津軽郡,尾上町,68
1995,02364,青森県,南津軽郡,浪岡町,68
1995,02365,青森県,南津軽郡,平賀町,68
1995,02366,青森県,南津軽郡,常盤村,68
1995,02367,青森県,南津軽郡,田舎館村,68
1995,02368,青森県,南津軽郡,碇ヶ関村,68
1995,02381,青森県,北津軽郡,板柳町,70
1995,02382,青森県,北津軽郡,金木町,74
1995,02383,青森県,北津軽郡,中里町,74
1995,02384,青森県,北津軽郡,鶴田町,70
1995,02385,青森県,北津軽郡,市浦村,74
1995,02386,青森県,北津軽郡,小泊村,74
1995,02401,青森県,上北郡,野辺地町,75
1995,02402,青森県,上北郡,七戸町,71
1995,02403,青森県,上北郡,百石町,69
1995,02404,青森県,上北郡,十和田湖町,71
1995,02405,青森県,上北郡,六戸町,71
1995,02406,青森県,上北郡,横浜町,75
1995,02407,青森県,上北郡,上北町,71
1995,02408,青森県,上北郡,東北町,71
1995,02409,青森県,上北郡,天間林村,71
1995,02410,青森県,上北郡,下田町,69
1995,02411,青森県,上北郡,六ヶ所村,75
1995,02421,青森県,下北郡,川内町,72
1995,02422,青森県,下北郡,大畑町,72
1995,02423,青森県,下北郡,大間町,76
1995,02424,青森県,下北郡,東通村,72
1995,02425,青森県,下北郡,風間浦村,76
1995,02426,青森県,下北郡,佐井村,76
1995,02427,青森県,下北郡,脇野沢村,72
1995,02441,青森県,三戸郡,三戸町,77
1995,02442,青森県,三戸郡,五戸町,69
1995,02443,青森県,三戸郡,田子町,77
1995,02444,青森県,三戸郡,名川町,69
1995,02445,青森県,三戸郡,南部町,77
1995,02446,青森県,三戸郡,階上町,69
1995,02447,青森県,三戸郡,福地村,69
1995,02448,青森県,三戸郡,南郷村,69
1995,02449,青森県,三戸郡,倉石村,69
1995,02450,青森県,三戸郡,新郷村,69
1995,03201,岩手県,,盛岡市,78
1995,03202,岩手県,,宮古市,79
1995,03203,岩手県,,大船渡市,80
1995,03204,岩手県,,水沢市,81
1995,03205,岩手県,,花巻市,82
1995,03206,岩手県,,北上市,81
1995,03207,岩手県,,久慈市,83
1995,03208,岩手県,,遠野市,82
1995,03209,岩手県,,一関市,84
1995,03210,岩手県,,陸前高田市,80
1995,03211,岩手県,,釜石市,85
1995,03212,岩手県,,江刺市,81
1995,03213,岩手県,,二戸市,86
1995,03301,岩手県,岩手郡,雫石町,78
1995,03302,岩手県,岩手郡,葛巻町,87
1995,03303,岩手県,岩手郡,岩手町,78
1995,03304,岩手県,岩手郡,西根町,78
1995,03305,岩手県,岩手郡,滝沢村,78
1995,03306,岩手県,岩手郡,松尾村,78
1995,03307,岩手県,岩手郡,玉山村,78
1995,03321,岩手県,紫波郡,紫波町,78
1995,03322,岩手県,紫波郡,矢巾町,78
1995,03341,岩手県,稗貫郡,大迫町,82
1995,03342,岩手県,稗貫郡,石鳥谷町,82
1995,03361,岩手県,和賀郡,東和町,82
1995,03363,岩手県,和賀郡,湯田町,88
1995,03365,岩手県,和賀郡,沢内村,88
1995,03381,岩手県,胆沢郡,金ヶ崎町,81
1995,03382,岩手県,胆沢郡,前沢町,81
1995,03383,岩手県,胆沢郡,胆沢町,81
1995,03384,岩手県,胆沢郡,衣川村,84
1995,03401,岩手県,西磐井郡,花泉町,84
1995,03402,岩手県,西磐井郡,平泉町,84
1995,03421,岩手県,東磐井郡,大東町,84
1995,03422,岩手県,東磐井郡,藤沢町,84
1995,03423,岩手県,東磐井郡,千厩町,84
1995,03424,岩手県,東磐井郡,東山町,84
1995,03425,岩手県,東磐井郡,室根村,84
1995,03426,岩手県,東磐井郡,川崎村,84
1995,03441,岩手県,気仙郡,住田町,80
1995,03442,岩手県,気仙郡,三陸町,80
1995,03461,岩手県,上閉伊郡,大槌町,85
1995,03462,岩手県,上閉伊郡,宮守村,82
1995,03481,岩手県,下閉伊郡,田老町,79
1995,03482,岩手県,下閉伊郡,山田町,79
1995,03483,岩手県,下閉伊郡,岩泉町,89
1995,03484,岩手県,下閉伊郡,田野畑村,89
1995,03485,岩手県,下閉伊郡,普代村,83
1995,03486,岩手県,下閉伊郡,新里村,79
1995,03487,岩手県,下閉伊郡,川井村,79
1995,03501,岩手県,九戸郡,軽米町,86
1995,03502,岩手県,九戸郡,種市町,69
1995,03503,岩手県,九戸郡,野田村,83
1995,03504,岩手県,九戸郡,山形村,83
1995,03505,岩手県,九戸郡,大野村,83
1995,03506,岩手県,九戸郡,九戸村,86
1995,03521,岩手県,二戸郡,浄法寺町,86
1995,03523,岩手県,二戸郡,安代町,90
1995,03524,岩手県,二戸郡,一戸町,86
1995,04100,宮城県,,仙台市,91
1995,04202,宮城県,,石巻市,92
1995,04203,宮城県,,塩竈市,91
1995,04204,宮城県,,古川市,93
1995,04205,宮城県,,気仙沼市,94
1995,04206,宮城県,,白石市,95
1995,04207,宮城県,,名取市,91
1995,04208,宮城県,,角田市,95
1995,04209,宮城県,,多賀城市,91
1995,04211,宮城県,,岩沼市,91
1995,04301,宮城県,刈田郡,蔵王町,95
1995,04302,宮城県,刈田郡,七ヶ宿町,95
1995,04321,宮城県,柴田郡,大河原町,95
1995,04322,宮城県,柴田郡,村田町,95
1995,04323,宮城県,柴田郡,柴田町,95
1995,04324,宮城県,柴田郡,川崎町,96
1995,04341,宮城県,伊具郡,丸森町,95
1995,04361,宮城県,亘理郡,亘理町,91
1995,04362,宮城県,亘理郡,山元町,91
1995,04401,宮城県,宮城郡,松島町,91
1995,04404,宮城県,宮城郡,七ヶ浜町,91
1995,04406,宮城県,宮城郡,利府町,91
1995,04421,宮城県,黒川郡,大和町,91
1995,04422,宮城県,黒川郡,大郷町,91
1995,04423,宮城県,黒川郡,富谷町,91
1995,04424,宮城県,黒川郡,大衡村,91
1995,04441,宮城県,加美郡,中新田町,97
1995,04442,宮城県,加美郡,小野田町,97
1995,04443,宮城県,加美郡,宮崎町,97
1995,04444,宮城県,加美郡,色麻町,97
1995,04461,宮城県,志田郡,松山町,93
1995,04462,宮城県,志田郡,三本木町,93
1995,04463,宮城県,志田郡,鹿島台町,93
1995,04481,宮城県,玉造郡,岩出山町,93
1995,04482,宮城県,玉造郡,鳴子町,98
1995,04501,宮城県,遠田郡,涌谷町,93
1995,04502,宮城県,遠田郡,田尻町,93
1995,04503,宮城県,遠田郡,小牛田町,93
1995,04504,宮城県,遠田郡,南郷町,93
1995,04521,宮城県,栗原郡,築館町,99
1995,04522,宮城県,栗原郡,若柳町,99
1995,04523,宮城県,栗原郡,栗駒町,99
1995,04524,宮城県,栗原郡,高清水町,93
1995,04525,宮城県,栗原郡,一迫町,99
1995,04526,宮城県,栗原郡,瀬峰町,93
1995,04527,宮城県,栗原郡,鶯沢町,99
1995,04528,宮城県,栗原郡,金成町,99
1995,04529,宮城県,栗原郡,志波姫町,99
1995,04530,宮城県,栗原郡,花山村,99
1995,04541,宮城県,登米郡,迫町,100
1995,04542,宮城県,登米郡,登米町,100
1995,04543,宮城県,登米郡,東和町,100
1995,04544,宮城県,登米郡,中田町,100
1995,04545,宮城県,登米郡,豊里町,100
1995,04546,宮城県,登米郡,米山町,100
1995,04547,宮城県,登米郡,石越町,99
1995,04548,宮城県,登米郡,南方町,100
1995,04561,宮城県,桃生郡,河北町,92
1995,04562,宮城県,桃生郡,矢本町,92
1995,04563,宮城県,桃生郡,雄勝町,92
1995,04564,宮城県,桃生郡,河南町,92
1995,04565,宮城県,桃生郡,桃生町,100
1995,04566,宮城県,桃生郡,鳴瀬町,92
1995,04567,宮城県,桃生郡,北上町,92
1995,04581,宮城県,牡鹿郡,女川町,92
1995,04582,宮城県,牡鹿郡,牡鹿町,92
1995,04601,宮城県,本吉郡,志津川町,94
1995,04602,宮城県,本吉郡,津山町,94
1995,04603,宮城県,本吉郡,本吉町,94
1995,04604,宮城県,本吉郡,唐桑町,94
1995,04605,宮城県,本吉郡,歌津町,94
1995,05201,秋田県,,秋田市,101
1995,05202,秋田県,,能代市,102
1995,05203,秋田県,,横手市,103
1995,05204,秋田県,,大館市,104
1995,05205,秋田県,,本荘市,105
1995,05206,秋田県,,男鹿市,101
1995,05207,秋田県,,湯沢市,106
1995,05208,秋田県,,大曲市,107
1995,05209,秋田県,,鹿角市,104
1995,05303,秋田県,鹿角郡,小坂町,104
1995,05321,秋田県,北秋田郡,鷹巣町,108
1995,05322,秋田県,北秋田郡,比内町,104
1995,05323,秋田県,北秋田郡,森吉町,108
1995,05324,秋田県,北秋田郡,阿仁町,108
1995,05325,秋田県,北秋田郡,田代町,104
1995,05326,秋田県,北秋田郡,合川町,108
1995,05327,秋田県,北秋田郡,上小阿仁村,108
1995,05341,秋田県,山本郡,琴丘町,102
1995,05342,秋田県,山本郡,二ツ井町,102
1995,05343,秋田県,山本郡,八森町,102
1995,05344,秋田県,山本郡,山本町,102
1995,05345,秋田県,山本郡,八竜町,102
1995,05346,秋田県,山本郡,藤里町,102
1995,05347,秋田県,山本郡,峰浜村,102
1995,05361,秋田県,南秋田郡,五城目町,101
1995,05362,秋田県,南秋田郡,昭和町,101
1995,05363,秋田県,南秋田郡,八郎潟町,101
1995,05364,秋田県,南秋田郡,飯田川町,101
1995,05365,秋田県,南秋田郡,天王町,101
1995,05366,秋田県,南秋田郡,井川町,101
1995,05367,秋田県,南秋田郡,若美町,101
1995,05368,秋田県,南秋田郡,大潟村,101
1995,05381,秋田県,河辺郡,河辺町,101
1995,05382,秋田県,河辺郡,雄和町,101
1995,05401,秋田県,由利郡,仁賀保町,105
1995,05402,秋田県,由利郡,金浦町,105
1995,05403,秋田県,由利郡,象潟町,105
1995,05404,秋田県,由利郡,矢島町,105
1995,05405,秋田県,由利郡,岩城町,101
1995,05406,秋田県,由利郡,由利町,105
1995,05407,秋田県,由利郡,西目町,105
1995,05408,秋田県,由利郡,鳥海町,105
1995,05409,秋田県,由利郡,東由利町,109
1995,05410,秋田県,由利郡,大内町,105
1995,05421,秋田県,仙北郡,神岡町,107
1995,05422,秋田県,仙北郡,西仙北町,107
1995,05423,秋田県,仙北郡,角館町,110
1995,05424,秋田県,仙北郡,六郷町,107
1995,05425,秋田県,仙北郡,中仙町,110
1995,05426,秋田県,仙北郡,田沢湖町,110
1995,05427,秋田県,仙北郡,協和町,107
1995,05428,秋田県,仙北郡,南外村,107
1995,05429,秋田県,仙北郡,仙北町,107
1995,05430,秋田県,仙北郡,西木村,110
1995,05431,秋田県,仙北郡,太田町,107
1995,05432,秋田県,仙北郡,千畑町,107
1995,05433,秋田県,仙北郡,仙南村,107
1995,05441,秋田県,平鹿郡,増田町,106
1995,05442,秋田県,平鹿郡,平鹿町,103
1995,05443,秋田県,平鹿郡,雄物川町,103
1995,05444,秋田県,平鹿郡,大森町,103
1995,05445,秋田県,平鹿郡,十文字町,106
1995,05446,秋田県,平鹿郡,山内村,103
1995,05447,秋田県,平鹿郡,大雄村,103
1995,05461,秋田県,雄勝郡,稲川町,106
1995,05462,秋田県,雄勝郡,雄勝町,106
1995,05463,秋田県,雄勝郡,羽後町,106
1995,05464,秋田県,雄勝郡,東成瀬村,106
1995,05465,秋田県,雄勝郡,皆瀬村,106
1995,06201,山形県,,山形市,111
1995,06202,山形県,,米沢市,112
1995,06203,山形県,,鶴岡市,113
1995,06204,山形県,,酒田市,113
1995,06205,山形県,,新庄市,114
1995,06206,山形県,,寒河江市,111
1995,06207,山形県,,上山市,111
1995,06208,山形県,,村山市,111
1995,06209,山形県,,長井市,112
1995,06210,山形県,,天童市,111
1995,06211,山形県,,東根市,111
1995,06212,山形県,,尾花沢市,115
1995,06213,山形県,,南陽市,112
1995,06301,山形県,東村山郡,山辺町,111
1995,06302,山形県,東村山郡,中山町,111
1995,06321,山形県,西村山郡,河北町,111
1995,06322,山形県,西村山郡,西川町,111
1995,06323,山形県,西村山郡,朝日町,111
1995,06324,山形県,西村山郡,大江町,111
1995,06341,山形県,北村山郡,大石田町,115
1995,06361,山形県,最上郡,金山町,114
1995,06362,山形県,最上郡,最上町,98
1995,06363,山形県,最上郡,舟形町,114
1995,06364,山形県,最上郡,真室川町,114
1995,06365,山形県,最上郡,大蔵村,114
1995,06366,山形県,最上郡,鮭川村,114
1995,06367,山形県,最上郡,戸沢村,114
1995,06381,山形県,東置賜郡,高畠町,112
1995,06382,山形県,東置賜郡,川西町,112
1995,06401,山形県,西置賜郡,小国町,116
1995,06402,山形県,西置賜郡,白鷹町,112
1995,06403,山形県,西置賜郡,飯豊町,112
1995,06421,山形県,東田川郡,立川町,113
1995,06422,山形県,東田川郡,余目町,113
1995,06423,山形県,東田川郡,藤島町,113
1995,06424,山形県,東田川郡,羽黒町,113
1995,06425,山形県,東田川郡,櫛引町,113
1995,06426,山形県,東田川郡,三川町,113
1995,06427,山形県,東田川郡,朝日村,113
1995,06441,山形県,西田川郡,温海町,117
1995,06461,山形県,飽海郡,遊佐町,113
1995,06462,山形県,飽海郡,八幡町,113
1995,06463,山形県,飽海郡,松山町,113
1995,06464,山形県,飽海郡,平田町,113
1995,07201,福島県,,福島市,118
1995,07202,福島県,,会津若松市,119
1995,07203,福島県,,郡山市,120
1995,07204,福島県,,いわき市,121
1995,07205,福島県,,白河市,122
1995,07206,福島県,,原町市,123
1995,07207,福島県,,須賀川市,124
1995,07208,福島県,,喜多方市,119
1995,07209,福島県,,相馬市,123
1995,07210,福島県,,二本松市,120
1995,07301,福島県,伊達郡,桑折町,118
1995,07302,福島県,伊達郡,伊達町,118
1995,07303,福島県,伊達郡,国見町,118
1995,07304,福島県,伊達郡,梁川町,118
1995,07305,福島県,伊達郡,保原町,118
1995,07306,福島県,伊達郡,霊山町,118
1995,07307,福島県,伊達郡,月舘町,118
1995,07308,福島県,伊達郡,川俣町,118
1995,07309,福島県,伊達郡,飯野町,118
1995,07321,福島県,安達郡,安達町,120
1995,07322,福島県,安達郡,大玉村,120
1995,07323,福島県,安達郡,本宮町,120
1995,07324,福島県,安達郡,白沢村,120
1995,07325,福島県,安達郡,岩代町,120
1995,07326,福島県,安達郡,東和町,120
1995,07341,福島県,岩瀬郡,長沼町,124
1995,07342,福島県,岩瀬郡,鏡石町,124
1995,07343,福島県,岩瀬郡,岩瀬村,124
1995,07344,福島県,岩瀬郡,天栄村,124
1995,07361,福島県,南会津郡,田島町,125
1995,07362,福島県,南会津郡,下郷町,125
1995,07363,福島県,南会津郡,舘岩村,125
1995,07364,福島県,南会津郡,檜枝岐村,126
1995,07365,福島県,南会津郡,伊南村,125
1995,07366,福島県,南会津郡,南郷村,125
1995,07367,福島県,南会津郡,只見町,125
1995,07381,福島県,北会津郡,北会津村,119
1995,07401,福島県,耶麻郡,熱塩加納村,119
1995,07402,福島県,耶麻郡,北塩原村,119
1995,07403,福島県,耶麻郡,塩川町,119
1995,07404,福島県,耶麻郡,山都町,119
1995,07405,福島県,耶麻郡,西会津町,127
1995,07406,福島県,耶麻郡,高郷村,127
1995,07407,福島県,耶麻郡,磐梯町,119
1995,07408,福島県,耶麻郡,猪苗代町,119
1995,07421,福島県,河沼郡,会津坂下町,127
1995,07422,福島県,河沼郡,湯川村,119
1995,07423,福島県,河沼郡,柳津町,127
1995,07424,福島県,河沼郡,河東町,119
1995,07441,福島県,大沼郡,会津高田町,119
1995,07442,福島県,大沼郡,会津本郷町,119
1995,07443,福島県,大沼郡,新鶴村,119
1995,07444,福島県,大沼郡,三島町,127
1995,07445,福島県,大沼郡,金山町,128
1995,07446,福島県,大沼郡,昭和村,128
1995,07461,福島県,西白河郡,西郷村,122
1995,07462,福島県,西白河郡,表郷村,122
1995,07463,福島県,西白河郡,東村,122
1995,07464,福島県,西白河郡,泉崎村,122
1995,07465,福島県,西白河郡,中島村,122
1995,07466,福島県,西白河郡,矢吹町,122
1995,07467,福島県,西白河郡,大信村,122
1995,07481,福島県,東白川郡,棚倉町,129
1995,07482,福島県,東白川郡,矢祭町,129
1995,07483,福島県,東白川郡,塙町,129
1995,07484,福島県,東白川郡,鮫川村,129
1995,07501,福島県,石川郡,石川町,124
1995,07502,福島県,石川郡,玉川村,124
1995,07503,福島県,石川郡,平田村,124
1995,07504,福島県,石川郡,浅川町,129
1995,07505,福島県,石川郡,古殿町,124
1995,07521,福島県,田村郡,三春町,120
1995,07522,福島県,田村郡,小野町,130
1995,07523,福島県,田村郡,滝根町,130
1995,07524,福島県,田村郡,大越町,130
1995,07525,福島県,田村郡,都路村,130
1995,07526,福島県,田村郡,常葉町,130
1995,07527,福島県,田村郡,船引町,130
1995,07541,福島県,双葉郡,広野町,121
1995,07542,福島県,双葉郡,楢葉町,121
1995,07543,福島県,双葉郡,富岡町,121
1995,07544,福島県,双葉郡,川内村,121
1995,07545,福島県,双葉郡,大熊町,121
1995,07546,福島県,双葉郡,双葉町,121
1995,07547,福島県,双葉郡,浪江町,121
1995,07548,福島県,双葉郡,葛尾村,121
1995,07561,福島県,相馬郡,新地町,123
1995,07562,福島県,相馬郡,鹿島町,123
1995,07563,福島県,相馬郡,小高町,123
1995,07564,福島県,相馬郡,飯舘村,123
1995,08201,茨城県,,水戸市,131
1995,08202,茨城県,,日立市,132
1995,08203,茨城県,,土浦市,133
1995,08204,茨城県,,古河市,134
1995,08205,茨城県,,石岡市,135
1995,08206,茨城県,,下館市,136
1995,08207,茨城県,,結城市,137
1995,08208,茨城県,,龍ヶ崎市,133
1995,08210,茨城県,,下妻市,138
1995,08211,茨城県,,水海道市,139
1995,08212,茨城県,,常陸太田市,132
1995,08214,茨城県,,高萩市,132
1995,08215,茨城県,,北茨城市,132
1995,08216,茨城県,,笠間市,131
1995,08217,茨城県,,取手市,139
1995,08218,茨城県,,岩井市,134
1995,08219,茨城県,,牛久市,133
1995,08220,茨城県,,つくば市,133
1995,08221,茨城県,,ひたちなか市,131
1995,08222,茨城県,,鹿嶋市,140
1995,08302,茨城県,東茨城郡,茨城町,131
1995,08303,茨城県,東茨城郡,小川町,135
1995,08304,茨城県,東茨城郡,美野里町,135
1995,08305,茨城県,東茨城郡,内原町,131
1995,08306,茨城県,東茨城郡,常北町,131
1995,08307,茨城県,東茨城郡,桂村,131
1995,08308,茨城県,東茨城郡,御前山村,131
1995,08309,茨城県,東茨城郡,大洗町,131
1995,08321,茨城県,西茨城郡,友部町,131
1995,08322,茨城県,西茨城郡,岩間町,135
1995,08323,茨城県,西茨城郡,七会村,131
1995,08324,茨城県,西茨城郡,岩瀬町,136
1995,08341,茨城県,那珂郡,東海村,131
1995,08342,茨城県,那珂郡,那珂町,131
1995,08343,茨城県,那珂郡,瓜連町,131
1995,08344,茨城県,那珂郡,大宮町,141
1995,08345,茨城県,那珂郡,山方町,141
1995,08346,茨城県,那珂郡,美和村,141
1995,08347,茨城県,那珂郡,緒川村,141
1995,08361,茨城県,久慈郡,金砂郷町,132
1995,08362,茨城県,久慈郡,水府村,132
1995,08363,茨城県,久慈郡,里美村,132
1995,08364,茨城県,久慈郡,大子町,141
1995,08381,茨城県,多賀郡,十王町,132
1995,08401,茨城県,鹿島郡,旭村,142
1995,08402,茨城県,鹿島郡,鉾田町,142
1995,08403,茨城県,鹿島郡,大洋村,142
1995,08406,茨城県,鹿島郡,神栖町,140
1995,08407,茨城県,鹿島郡,波崎町,140
1995,08421,茨城県,行方郡,麻生町,140
1995,08422,茨城県,行方郡,牛堀町,140
1995,08423,茨城県,行方郡,潮来町,140
1995,08424,茨城県,行方郡,北浦村,142
1995,08425,茨城県,行方郡,玉造町,142
1995,08441,茨城県,稲敷郡,江戸崎町,133
1995,08442,茨城県,稲敷郡,美浦村,133
1995,08443,茨城県,稲敷郡,阿見町,133
1995,08445,茨城県,稲敷郡,茎崎町,133
1995,08446,茨城県,稲敷郡,新利根村,133
1995,08447,茨城県,稲敷郡,河内村,133
1995,08448,茨城県,稲敷郡,桜川村,133
1995,08449,茨城県,稲敷郡,東村,133
1995,08461,茨城県,新治郡,出島村,133
1995,08462,茨城県,新治郡,玉里村,135
1995,08463,茨城県,新治郡,八郷町,135
1995,08464,茨城県,新治郡,千代田町,133
1995,08465,茨城県,新治郡,新治村,133
1995,08482,茨城県,筑波郡,伊奈町,139
1995,08483,茨城県,筑波郡,谷和原村,139
1995,08501,茨城県,真壁郡,関城町,136
1995,08502,茨城県,真壁郡,明野町,136
1995,08503,茨城県,真壁郡,真壁町,136
1995,08504,茨城県,真壁郡,大和村,136
1995,08505,茨城県,真壁郡,協和町,136
1995,08521,茨城県,結城郡,八千代町,138
1995,08522,茨城県,結城郡,千代川村,138
1995,08523,茨城県,結城郡,石下町,138
1995,08541,茨城県,猿島郡,総和町,134
1995,08542,茨城県,猿島郡,五霞村,143
1995,08543,茨城県,猿島郡,三和町,134
1995,08544,茨城県,猿島郡,猿島町,134
1995,08546,茨城県,猿島郡,境町,134
1995,08561,茨城県,北相馬郡,守谷町,139
1995,08563,茨城県,北相馬郡,藤代町,139
1995,08564,茨城県,北相馬郡,利根町,144
1995,09201,栃木県,,宇都宮市,137
1995,09202,栃木県,,足利市,145
1995,09203,栃木県,,栃木市,146
1995,09204,栃木県,,佐野市,145
1995,09205,栃木県,,鹿沼市,146
1995,09206,栃木県,,日光市,147
1995,09207,栃木県,,今市市,147
1995,09208,栃木県,,小山市,137
1995,09209,栃木県,,真岡市,137
1995,09210,栃木県,,大田原市,148
1995,09211,栃木県,,矢板市,149
1995,09212,栃木県,,黒磯市,148
1995,09301,栃木県,河内郡,上三川町,137
1995,09302,栃木県,河内郡,南河内町,137
1995,09303,栃木県,河内郡,上河内町,137
1995,09304,栃木県,河内郡,河内町,137
1995,09321,栃木県,上都賀郡,西方町,146
1995,09322,栃木県,上都賀郡,粟野町,146
1995,09323,栃木県,上都賀郡,足尾町,147
1995,09341,栃木県,芳賀郡,二宮町,137
1995,09342,栃木県,芳賀郡,益子町,137
1995,09343,栃木県,芳賀郡,茂木町,137
1995,09344,栃木県,芳賀郡,市貝町,137
1995,09345,栃木県,芳賀郡,芳賀町,137
1995,09361,栃木県,下都賀郡,壬生町,137
1995,09362,栃木県,下都賀郡,石橋町,137
1995,09363,栃木県,下都賀郡,国分寺町,137
1995,09364,栃木県,下都賀郡,野木町,134
1995,09365,栃木県,下都賀郡,大平町,146
1995,09366,栃木県,下都賀郡,藤岡町,145
1995,09367,栃木県,下都賀郡,岩舟町,146
1995,09368,栃木県,下都賀郡,都賀町,146
1995,09382,栃木県,塩谷郡,栗山村,147
1995,09383,栃木県,塩谷郡,藤原町,147
1995,09384,栃木県,塩谷郡,塩谷町,149
1995,09385,栃木県,塩谷郡,氏家町,149
1995,09386,栃木県,塩谷郡,高根沢町,137
1995,09387,栃木県,塩谷郡,喜連川町,149
1995,09401,栃木県,那須郡,南那須町,150
1995,09402,栃木県,那須郡,烏山町,150
1995,09403,栃木県,那須郡,馬頭町,150
1995,09404,栃木県,那須郡,小川町,150
1995,09405,栃木県,那須郡,湯津上村,148
1995,09406,栃木県,那須郡,黒羽町,148
1995,09407,栃木県,那須郡,那須町,148
1995,09409,栃木県,那須郡,西那須野町,148
1995,09410,栃木県,那須郡,塩原町,148
1995,09421,栃木県,安蘇郡,田沼町,145
1995,09422,栃木県,安蘇郡,葛生町,145
1995,10201,群馬県,,前橋市,151
1995,10202,群馬県,,高崎市,151
1995,10203,群馬県,,桐生市,152
1995,10204,群馬県,,伊勢崎市,152
1995,10205,群馬県,,太田市,153
1995,10206,群馬県,,沼田市,154
1995,10207,群馬県,,館林市,153
1995,10208,群馬県,,渋川市,155
1995,10209,群馬県,,藤岡市,156
1995,10210,群馬県,,富岡市,157
1995,10211,群馬県,,安中市,151
1995,10301,群馬県,勢多郡,北橘村,151
1995,10302,群馬県,勢多郡,赤城村,155
1995,10303,群馬県,勢多郡,富士見村,151
1995,10304,群馬県,勢多郡,大胡町,151
1995,10305,群馬県,勢多郡,宮城村,151
1995,10306,群馬県,勢多郡,粕川村,151
1995,10307,群馬県,勢多郡,新里村,152
1995,10308,群馬県,勢多郡,黒保根村,152
1995,10309,群馬県,勢多郡,東村,152
1995,10321,群馬県,群馬郡,榛名町,151
1995,10322,群馬県,群馬郡,倉淵村,151
1995,10323,群馬県,群馬郡,箕郷町,151
1995,10324,群馬県,群馬郡,群馬町,151
1995,10341,群馬県,北群馬郡,子持村,155
1995,10342,群馬県,北群馬郡,小野上村,155
1995,10343,群馬県,北群馬郡,伊香保町,155
1995,10344,群馬県,北群馬郡,榛東村,151
1995,10345,群馬県,北群馬郡,吉岡町,151
1995,10361,群馬県,多野郡,新町,156
1995,10362,群馬県,多野郡,鬼石町,156
1995,10363,群馬県,多野郡,吉井町,157
1995,10364,群馬県,多野郡,万場町,158
1995,10365,群馬県,多野郡,中里村,158
1995,10366,群馬県,多野郡,上野村,158
1995,10381,群馬県,甘楽郡,妙義町,157
1995,10382,群馬県,甘楽郡,下仁田町,157
1995,10383,群馬県,甘楽郡,南牧村,157
1995,10384,群馬県,甘楽郡,甘楽町,157
1995,10401,群馬県,碓氷郡,松井田町,151
1995,10421,群馬県,吾妻郡,中之条町,155
1995,10422,群馬県,吾妻郡,東村,155
1995,10423,群馬県,吾妻郡,吾妻町,155
1995,10424,群馬県,吾妻郡,長野原町,159
1995,10425,群馬県,吾妻郡,嬬恋村,159
1995,10426,群馬県,吾妻郡,草津町,159
1995,10427,群馬県,吾妻郡,六合村,159
1995,10428,群馬県,吾妻郡,高山村,155
1995,10441,群馬県,利根郡,白沢村,154
1995,10442,群馬県,利根郡,利根村,154
1995,10443,群馬県,利根郡,片品村,154
1995,10444,群馬県,利根郡,川場村,154
1995,10445,群馬県,利根郡,月夜野町,154
1995,10446,群馬県,利根郡,水上町,154
1995,10447,群馬県,利根郡,新治村,154
1995,10448,群馬県,利根郡,昭和村,154
1995,10461,群馬県,佐波郡,赤堀町,152
1995,10462,群馬県,佐波郡,東村,152
1995,10463,群馬県,佐波郡,境町,152
1995,10464,群馬県,佐波郡,玉村町,151
1995,10481,群馬県,新田郡,尾島町,153
1995,10482,群馬県,新田郡,新田町,153
1995,10483,群馬県,新田郡,藪塚本町,152
1995,10484,群馬県,新田郡,笠懸町,152
1995,10501,群馬県,山田郡,大間々町,152
1995,10521,群馬県,邑楽郡,板倉町,153
1995,10522,群馬県,邑楽郡,明和村,153
1995,10523,群馬県,邑楽郡,千代田町,153
1995,10524,群馬県,邑楽郡,大泉町,153
1995,10525,群馬県,邑楽郡,邑楽町,153
1995,11201,埼玉県,,川越市,160
1995,11202,埼玉県,,熊谷市,161
1995,11203,埼玉県,,川口市,162
1995,11204,埼玉県,,浦和市,162
1995,11205,埼玉県,,大宮市,162
1995,11206,埼玉県,,行田市,161
1995,11207,埼玉県,,秩父市,163
1995,11208,埼玉県,,所沢市,164
1995,11209,埼玉県,,飯能市,164
1995,11210,埼玉県,,加須市,165
1995,11211,埼玉県,,本庄市,156
1995,11212,埼玉県,,東松山市,160
1995,11213,埼玉県,,岩槻市,143
1995,11214,埼玉県,,春日部市,143
1995,11215,埼玉県,,狭山市,164
1995,11216,埼玉県,,羽生市,165
1995,11217,埼玉県,,鴻巣市,161
1995,11218,埼玉県,,深谷市,161
1995,11219,埼玉県,,上尾市,162
1995,11220,埼玉県,,与野市,162
1995,11221,埼玉県,,草加市,166
1995,11222,埼玉県,,越谷市,166
1995,11223,埼玉県,,蕨市,162
1995,11224,埼玉県,,戸田市,162
1995,11225,埼玉県,,入間市,164
1995,11226,埼玉県,,鳩ヶ谷市,162
1995,11227,埼玉県,,朝霞市,167
1995,11228,埼玉県,,志木市,167
1995,11229,埼玉県,,和光市,167
1995,11230,埼玉県,,新座市,167
1995,11231,埼玉県,,桶川市,162
1995,11232,埼玉県,,久喜市,165
1995,11233,埼玉県,,北本市,162
1995,11234,埼玉県,,八潮市,166
1995,11235,埼玉県,,富士見市,168
1995,11236,埼玉県,,上福岡市,168
1995,11237,埼玉県,,三郷市,166
1995,11238,埼玉県,,蓮田市,162
1995,11239,埼玉県,,坂戸市,160
1995,11240,埼玉県,,幸手市,143
1995,11241,埼玉県,,鶴ヶ島市,160
1995,11242,埼玉県,,日高市,164
1995,11301,埼玉県,北足立郡,伊奈町,162
1995,11304,埼玉県,北足立郡,吹上町,161
1995,11322,埼玉県,入間郡,大井町,168
1995,11324,埼玉県,入間郡,三芳町,168
1995,11326,埼玉県,入間郡,毛呂山町,160
1995,11327,埼玉県,入間郡,越生町,160
1995,11330,埼玉県,入間郡,名栗村,164
1995,11341,埼玉県,比企郡,滑川町,160
1995,11342,埼玉県,比企郡,嵐山町,160
1995,11343,埼玉県,比企郡,小川町,160
1995,11344,埼玉県,比企郡,都幾川村,160
1995,11345,埼玉県,比企郡,玉川村,160
1995,11346,埼玉県,比企郡,川島町,160
1995,11347,埼玉県,比企郡,吉見町,160
1995,11348,埼玉県,比企郡,鳩山町,160
1995,11361,埼玉県,秩父郡,横瀬町,163
1995,11362,埼玉県,秩父郡,皆野町,163
1995,11363,埼玉県,秩父郡,長瀞町,163
1995,11364,埼玉県,秩父郡,吉田町,163
1995,11365,埼玉県,秩父郡,小鹿野町,163
1995,11366,埼玉県,秩父郡,両神村,163
1995,11367,埼玉県,秩父郡,大滝村,163
1995,11368,埼玉県,秩父郡,荒川村,163
1995,11369,埼玉県,秩父郡,東秩父村,160
1995,11381,埼玉県,児玉郡,美里町,156
1995,11382,埼玉県,児玉郡,児玉町,156
1995,11383,埼玉県,児玉郡,神川町,156
1995,11384,埼玉県,児玉郡,神泉村,156
1995,11385,埼玉県,児玉郡,上里町,156
1995,11401,埼玉県,大里郡,大里村,161
1995,11402,埼玉県,大里郡,江南町,161
1995,11403,埼玉県,大里郡,妻沼町,161
1995,11405,埼玉県,大里郡,岡部町,161
1995,11406,埼玉県,大里郡,川本町,161
1995,11407,埼玉県,大里郡,花園町,161
1995,11408,埼玉県,大里郡,寄居町,161
1995,11421,埼玉県,北埼玉郡,騎西町,165
1995,11422,埼玉県,北埼玉郡,南河原村,161
1995,11423,埼玉県,北埼玉郡,川里村,161
1995,11424,埼玉県,北埼玉郡,北川辺町,134
1995,11425,埼玉県,北埼玉郡,大利根町,165
1995,11442,埼玉県,南埼玉郡,宮代町,143
1995,11445,埼玉県,南埼玉郡,白岡町,162
1995,11446,埼玉県,南埼玉郡,菖蒲町,165
1995,11461,埼玉県,北葛飾郡,栗橋町,143
1995,11462,埼玉県,北葛飾郡,鷲宮町,165
1995,11464,埼玉県,北葛飾郡,杉戸町,143
1995,11465,埼玉県,北葛飾郡,松伏町,166
1995,11466,埼玉県,北葛飾郡,吉川町,166
1995,11468,埼玉県,北葛飾郡,庄和町,143
1995,12100,千葉県,,千葉市,169
1995,12202,千葉県,,銚子市,140
1995,12203,千葉県,,市川市,167
1995,12204,千葉県,,船橋市,170
1995,12205,千葉県,,館山市,171
1995,12206,千葉県,,木更津市,172
1995,12207,千葉県,,松戸市,173
1995,12208,千葉県,,野田市,173
1995,12209,千葉県,,佐原市,174
1995,12210,千葉県,,茂原市,175
1995,12211,千葉県,,成田市,174
1995,12212,千葉県,,佐倉市,170
1995,12213,千葉県,,東金市,169
1995,12214,千葉県,,八日市場市,176
1995,12215,千葉県,,旭市,176
1995,12216,千葉県,,習志野市,170
1995,12217,千葉県,,柏市,173
1995,12218,千葉県,,勝浦市,175
1995,12219,千葉県,,市原市,172
1995,12220,千葉県,,流山市,173
1995,12221,千葉県,,八千代市,170
1995,12222,千葉県,,我孫子市,173
1995,12223,千葉県,,鴨川市,171
1995,12224,千葉県,,鎌ヶ谷市,170
1995,12225,千葉県,,君津市,172
1995,12226,千葉県,,富津市,172
1995,12227,千葉県,,浦安市,167
1995,12228,千葉県,,四街道市,169
1995,12229,千葉県,,袖ヶ浦市,172
1995,12230,千葉県,,八街市,169
1995,12303,千葉県,東葛飾郡,関宿町,173
1995,12305,千葉県,東葛飾郡,沼南町,173
1995,12322,千葉県,印旛郡,酒々井町,170
1995,12324,千葉県,印旛郡,富里町,174
1995,12325,千葉県,印旛郡,印旛村,170
1995,12326,千葉県,印旛郡,白井町,170
1995,12327,千葉県,印旛郡,印西町,170
1995,12328,千葉県,印旛郡,本埜村,170
1995,12329,千葉県,印旛郡,栄町,170
1995,12341,千葉県,香取郡,下総町,174
1995,12342,千葉県,香取郡,神崎町,174
1995,12343,千葉県,香取郡,大栄町,174
1995,12344,千葉県,香取郡,小見川町,174
1995,12345,千葉県,香取郡,山田町,174
1995,12346,千葉県,香取郡,栗源町,174
1995,12347,千葉県,香取郡,多古町,174
1995,12348,千葉県,香取郡,干潟町,176
1995,12349,千葉県,香取郡,東庄町,140
1995,12361,千葉県,海上郡,海上町,176
1995,12362,千葉県,海上郡,飯岡町,176
1995,12381,千葉県,匝瑳郡,光町,176
1995,12382,千葉県,匝瑳郡,野栄町,176
1995,12402,千葉県,山武郡,大網白里町,169
1995,12403,千葉県,山武郡,九十九里町,169
1995,12404,千葉県,山武郡,成東町,169
1995,12405,千葉県,山武郡,山武町,169
1995,12406,千葉県,山武郡,蓮沼村,169
1995,12407,千葉県,山武郡,松尾町,169
1995,12408,千葉県,山武郡,横芝町,169
1995,12409,千葉県,山武郡,芝山町,174
1995,12421,千葉県,長生郡,一宮町,175
1995,12422,千葉県,長生郡,睦沢町,175
1995,12423,千葉県,長生郡,長生村,175
1995,12424,千葉県,長生郡,白子町,175
1995,12426,千葉県,長生郡,長柄町,175
1995,12427,千葉県,長生郡,長南町,175
1995,12441,千葉県,夷隅郡,大多喜町,175
1995,12442,千葉県,夷隅郡,夷隅町,175
1995,12443,千葉県,夷隅郡,御宿町,175
1995,12444,千葉県,夷隅郡,大原町,175
1995,12445,千葉県,夷隅郡,岬町,175
1995,12461,千葉県,安房郡,富浦町,171
1995,12462,千葉県,安房郡,富山町,171
1995,12463,千葉県,安房郡,鋸南町,171
1995,12464,千葉県,安房郡,三芳村,171
1995,12465,千葉県,安房郡,白浜町,171
1995,12466,千葉県,安房郡,千倉町,171
1995,12467,千葉県,安房郡,丸山町,171
1995,12468,千葉県,安房郡,和田町,171
1995,12472,千葉県,安房郡,天津小湊町,171
1995,13101,東京都,,千代田区,167
1995,13102,東京都,,中央区,167
1995,13103,東京都,,港区,167
1995,13104,東京都,,新宿区,167
1995,13105,東京都,,文京区,167
1995,13106,東京都,,台東区,167
1995,13107,東京都,,墨田区,167
1995,13108,東京都,,江東区,167
1995,13109,東京都,,品川区,167
1995,13110,東京都,,目黒区,167
1995,13111,東京都,,大田区,167
1995,13112,東京都,,世田谷区,167
1995,13113,東京都,,渋谷区,167
1995,13114,東京都,,中野区,167
1995,13115,東京都,,杉並区,167
1995,13116,東京都,,豊島区,167
1995,13117,東京都,,北区,167
1995,13118,東京都,,荒川区,167
1995,13119,東京都,,板橋区,167
1995,13120,東京都,,練馬区,167
1995,13121,東京都,,足立区,167
1995,13122,東京都,,葛飾区,167
1995,13123,東京都,,江戸川区,167
1995,13201,東京都,,八王子市,177
1995,13202,東京都,,立川市,178
1995,13203,東京都,,武蔵野市,167
1995,13204,東京都,,三鷹市,167
1995,13205,東京都,,青梅市,178
1995,13206,東京都,,府中市,167
1995,13207,東京都,,昭島市,178
1995,13208,東京都,,調布市,167
1995,13209,東京都,,町田市,179
1995,13210,東京都,,小金井市,167
1995,13211,東京都,,小平市,167
1995,13212,東京都,,日野市,177
1995,13213,東京都,,東村山市,167
1995,13214,東京都,,国分寺市,167
1995,13215,東京都,,国立市,167
1995,13216,東京都,,田無市,167
1995,13217,東京都,,保谷市,167
1995,13218,東京都,,福生市,178
1995,13219,東京都,,狛江市,167
1995,13220,東京都,,東大和市,167
1995,13221,東京都,,清瀬市,167
1995,13222,東京都,,東久留米市,167
1995,13223,東京都,,武蔵村山市,178
1995,13224,東京都,,多摩市,167
1995,13225,東京都,,稲城市,167
1995,13227,東京都,,羽村市,178
1995,13228,東京都,,あきる野市,178
1995,13303,東京都,西多摩郡,瑞穂町,178
1995,13305,東京都,西多摩郡,日の出町,178
1995,13307,東京都,西多摩郡,檜原村,178
1995,13308,東京都,西多摩郡,奥多摩町,178
1995,13361,東京都,大島支庁,大島町,462
1995,13362,東京都,大島支庁,利島村,463
1995,13363,東京都,大島支庁,新島村,464
1995,13364,東京都,大島支庁,神津島村,465
1995,13381,東京都,三宅支庁,三宅村,466
1995,13382,東京都,三宅支庁,御蔵島村,467
1995,13401,東京都,八丈支庁,八丈町,468
1995,13402,東京都,八丈支庁,青ヶ島村,469
1995,13421,東京都,小笠原支庁,小笠原村,470
1995,14100,神奈川県,,横浜市,180
1995,14130,神奈川県,,川崎市,167
1995,14201,神奈川県,,横須賀市,180
1995,14203,神奈川県,,平塚市,181
1995,14204,神奈川県,,鎌倉市,180
1995,14205,神奈川県,,藤沢市,180
1995,14206,神奈川県,,小田原市,181
1995,14207,神奈川県,,茅ヶ崎市,180
1995,14208,神奈川県,,逗子市,180
1995,14209,神奈川県,,相模原市,179
1995,14210,神奈川県,,三浦市,180
1995,14211,神奈川県,,秦野市,181
1995,14212,神奈川県,,厚木市,179
1995,14213,神奈川県,,大和市,180
1995,14214,神奈川県,,伊勢原市,179
1995,14215,神奈川県,,海老名市,180
1995,14216,神奈川県,,座間市,180
1995,14217,神奈川県,,南足柄市,181
1995,14218,神奈川県,,綾瀬市,180
1995,14301,神奈川県,三浦郡,葉山町,180
1995,14321,神奈川県,高座郡,寒川町,180
1995,14341,神奈川県,中郡,大磯町,181
1995,14342,神奈川県,中郡,二宮町,181
1995,14361,神奈川県,足柄上郡,中井町,181
1995,14362,神奈川県,足柄上郡,大井町,181
1995,14363,神奈川県,足柄上郡,松田町,181
1995,14364,神奈川県,足柄上郡,山北町,181
1995,14366,神奈川県,足柄上郡,開成町,181
1995,14382,神奈川県,足柄下郡,箱根町,181
1995,14383,神奈川県,足柄下郡,真鶴町,182
1995,14384,神奈川県,足柄下郡,湯河原町,182
1995,14401,神奈川県,愛甲郡,愛川町,179
1995,14402,神奈川県,愛甲郡,清川村,179
1995,14421,神奈川県,津久井郡,城山町,179
1995,14422,神奈川県,津久井郡,津久井町,179
1995,14423,神奈川県,津久井郡,相模湖町,177
1995,14424,神奈川県,津久井郡,藤野町,177
1995,15201,新潟県,,新潟市,183
1995,15202,新潟県,,長岡市,184
1995,15204,新潟県,,三条市,185
1995,15205,新潟県,,柏崎市,186
1995,15206,新潟県,,新発田市,187
1995,15207,新潟県,,新津市,183
1995,15208,新潟県,,小千谷市,184
1995,15209,新潟県,,加茂市,185
1995,15210,新潟県,,十日町市,188
1995,15211,新潟県,,見附市,184
1995,15212,新潟県,,村上市,187
1995,15213,新潟県,,燕市,189
1995,15215,新潟県,,栃尾市,184
1995,15216,新潟県,,糸魚川市,190
1995,15217,新潟県,,新井市,191
1995,15218,新潟県,,五泉市,192
1995,15219,新潟県,,両津市,471
1995,15220,新潟県,,白根市,183
1995,15221,新潟県,,豊栄市,183
1995,15222,新潟県,,上越市,191
1995,15301,新潟県,北蒲原郡,安田町,183
1995,15302,新潟県,北蒲原郡,京ヶ瀬村,183
1995,15303,新潟県,北蒲原郡,水原町,183
1995,15304,新潟県,北蒲原郡,笹神村,183
1995,15306,新潟県,北蒲原郡,豊浦町,187
1995,15307,新潟県,北蒲原郡,聖籠町,187
1995,15308,新潟県,北蒲原郡,加治川村,187
1995,15309,新潟県,北蒲原郡,紫雲寺町,187
1995,15310,新潟県,北蒲原郡,中条町,187
1995,15311,新潟県,北蒲原郡,黒川村,187
1995,15321,新潟県,中蒲原郡,小須戸町,183
1995,15322,新潟県,中蒲原郡,村松町,192
1995,15323,新潟県,中蒲原郡,横越村,183
1995,15324,新潟県,中蒲原郡,亀田町,183
1995,15341,新潟県,西蒲原郡,岩室村,189
1995,15342,新潟県,西蒲原郡,弥彦村,189
1995,15343,新潟県,西蒲原郡,分水町,189
1995,15344,新潟県,西蒲原郡,吉田町,189
1995,15345,新潟県,西蒲原郡,巻町,189
1995,15346,新潟県,西蒲原郡,西川町,189
1995,15347,新潟県,西蒲原郡,黒埼町,183
1995,15348,新潟県,西蒲原郡,味方村,183
1995,15349,新潟県,西蒲原郡,潟東村,189
1995,15350,新潟県,西蒲原郡,月潟村,183
1995,15351,新潟県,西蒲原郡,中之口村,189
1995,15361,新潟県,南蒲原郡,田上町,185
1995,15362,新潟県,南蒲原郡,下田村,185
1995,15363,新潟県,南蒲原郡,栄町,185
1995,15364,新潟県,南蒲原郡,中之島町,184
1995,15381,新潟県,東蒲原郡,津川町,192
1995,15382,新潟県,東蒲原郡,鹿瀬町,192
1995,15383,新潟県,東蒲原郡,上川村,192
1995,15384,新潟県,東蒲原郡,三川村,192
1995,15401,新潟県,三島郡,越路町,184
1995,15402,新潟県,三島郡,三島町,184
1995,15403,新潟県,三島郡,与板町,184
1995,15404,新潟県,三島郡,和島村,189
1995,15405,新潟県,三島郡,出雲崎町,186
1995,15406,新潟県,三島郡,寺泊町,189
1995,15421,新潟県,古志郡,山古志村,184
1995,15441,新潟県,北魚沼郡,川口町,184
1995,15442,新潟県,北魚沼郡,堀之内町,193
1995,15443,新潟県,北魚沼郡,小出町,193
1995,15444,新潟県,北魚沼郡,湯之谷村,193
1995,15445,新潟県,北魚沼郡,広神村,193
1995,15446,新潟県,北魚沼郡,守門村,193
1995,15447,新潟県,北魚沼郡,入広瀬村,193
1995,15461,新潟県,南魚沼郡,湯沢町,194
1995,15462,新潟県,南魚沼郡,塩沢町,194
1995,15463,新潟県,南魚沼郡,六日町,194
1995,15464,新潟県,南魚沼郡,大和町,194
1995,15481,新潟県,中魚沼郡,川西町,188
1995,15482,新潟県,中魚沼郡,津南町,188
1995,15483,新潟県,中魚沼郡,中里村,188
1995,15501,新潟県,刈羽郡,高柳町,186
1995,15502,新潟県,刈羽郡,小国町,184
1995,15504,新潟県,刈羽郡,刈羽村,186
1995,15505,新潟県,刈羽郡,西山町,186
1995,15521,新潟県,東頸城郡,安塚町,191
1995,15522,新潟県,東頸城郡,浦川原村,191
1995,15523,新潟県,東頸城郡,松代町,195
1995,15524,新潟県,東頸城郡,松之山町,195
1995,15525,新潟県,東頸城郡,大島村,191
1995,15526,新潟県,東頸城郡,牧村,191
1995,15541,新潟県,中頸城郡,柿崎町,191
1995,15542,新潟県,中頸城郡,大潟町,191
1995,15543,新潟県,中頸城郡,頸城村,191
1995,15544,新潟県,中頸城郡,吉川町,191
1995,15545,新潟県,中頸城郡,妙高高原町,191
1995,15546,新潟県,中頸城郡,中郷村,191
1995,15547,新潟県,中頸城郡,妙高村,191
1995,15548,新潟県,中頸城郡,板倉町,191
1995,15549,新潟県,中頸城郡,清里村,191
1995,15550,新潟県,中頸城郡,三和村,191
1995,15561,新潟県,西頸城郡,名立町,190
1995,15562,新潟県,西頸城郡,能生町,190
1995,15563,新潟県,西頸城郡,青海町,190
1995,15581,新潟県,岩船郡,関川村,187
1995,15582,新潟県,岩船郡,荒川町,187
1995,15583,新潟県,岩船郡,神林村,187
1995,15584,新潟県,岩船郡,朝日村,187
1995,15585,新潟県,岩船郡,山北町,117
1995,15586,新潟県,岩船郡,粟島浦村,473
1995,15601,新潟県,佐渡郡,相川町,471
1995,15602,新潟県,佐渡郡,佐和田町,471
1995,15603,新潟県,佐渡郡,金井町,471
1995,15604,新潟県,佐渡郡,新穂村,471
1995,15605,新潟県,佐渡郡,畑野町,471
1995,15606,新潟県,佐渡郡,真野町,471
1995,15607,新潟県,佐渡郡,小木町,472
1995,15608,新潟県,佐渡郡,羽茂町,472
1995,15609,新潟県,佐渡郡,赤泊村,472
1995,16201,富山県,,富山市,196
1995,16202,富山県,,高岡市,197
1995,16203,富山県,,新湊市,197
1995,16204,富山県,,魚津市,198
1995,16205,富山県,,氷見市,197
1995,16206,富山県,,滑川市,198
1995,16207,富山県,,黒部市,198
1995,16208,富山県,,砺波市,197
1995,16209,富山県,,小矢部市,197
1995,16301,富山県,上新川郡,大沢野町,196
1995,16302,富山県,上新川郡,大山町,196
1995,16321,富山県,中新川郡,舟橋村,196
1995,16322,富山県,中新川郡,上市町,196
1995,16323,富山県,中新川郡,立山町,196
1995,16341,富山県,下新川郡,宇奈月町,198
1995,16342,富山県,下新川郡,入善町,198
1995,16343,富山県,下新川郡,朝日町,198
1995,16361,富山県,婦負郡,八尾町,196
1995,16362,富山県,婦負郡,婦中町,196
1995,16363,富山県,婦負郡,山田村,196
1995,16364,富山県,婦負郡,細入村,196
1995,16381,富山県,射水郡,小杉町,197
1995,16382,富山県,射水郡,大門町,197
1995,16383,富山県,射水郡,下村,197
1995,16384,富山県,射水郡,大島町,197
1995,16401,富山県,東礪波郡,城端町,197
1995,16402,富山県,東礪波郡,平村,199
1995,16403,富山県,東礪波郡,上平村,199
1995,16404,富山県,東礪波郡,利賀村,200
1995,16405,富山県,東礪波郡,庄川町,197
1995,16406,富山県,東礪波郡,井波町,197
1995,16407,富山県,東礪波郡,井口村,197
1995,16408,富山県,東礪波郡,福野町,197
1995,16421,富山県,西礪波郡,福光町,197
1995,16422,富山県,西礪波郡,福岡町,197
1995,17201,石川県,,金沢市,201
1995,17202,石川県,,七尾市,202
1995,17203,石川県,,小松市,201
1995,17204,石川県,,輪島市,203
1995,17205,石川県,,珠洲市,203
1995,17206,石川県,,加賀市,204
1995,17207,石川県,,羽咋市,202
1995,17208,石川県,,松任市,201
1995,17301,石川県,江沼郡,山中町,204
1995,17321,石川県,能美郡,根上町,201
1995,17322,石川県,能美郡,寺井町,201
1995,17323,石川県,能美郡,辰口町,201
1995,17324,石川県,能美郡,川北町,201
1995,17342,石川県,石川郡,美川町,201
1995,17343,石川県,石川郡,鶴来町,201
1995,17344,石川県,石川郡,野々市町,201
1995,17345,石川県,石川郡,河内村,201
1995,17346,石川県,石川郡,吉野谷村,201
1995,17347,石川県,石川郡,鳥越村,201
1995,17348,石川県,石川郡,尾口村,201
1995,17349,石川県,石川郡,白峰村,205
1995,17361,石川県,河北郡,津幡町,201
1995,17362,石川県,河北郡,高松町,201
1995,17363,石川県,河北郡,七塚町,201
1995,17364,石川県,河北郡,宇ノ気町,201
1995,17365,石川県,河北郡,内灘町,201
1995,17382,石川県,羽咋郡,富来町,202
1995,17383,石川県,羽咋郡,志雄町,202
1995,17384,石川県,羽咋郡,志賀町,202
1995,17385,石川県,羽咋郡,押水町,202
1995,17401,石川県,鹿島郡,田鶴浜町,202
1995,17402,石川県,鹿島郡,鳥屋町,202
1995,17403,石川県,鹿島郡,中島町,202
1995,17404,石川県,鹿島郡,鹿島町,202
1995,17405,石川県,鹿島郡,能登島町,474
1995,17406,石川県,鹿島郡,鹿西町,202
1995,17421,石川県,鳳至郡,穴水町,203
1995,17422,石川県,鳳至郡,門前町,203
1995,17423,石川県,鳳至郡,能都町,203
1995,17424,石川県,鳳至郡,柳田村,203
1995,17441,石川県,珠洲郡,内浦町,203
1995,18201,福井県,,福井市,206
1995,18202,福井県,,敦賀市,207
1995,18203,福井県,,武生市,208
1995,18204,福井県,,小浜市,209
1995,18205,福井県,,大野市,205
1995,18206,福井県,,勝山市,205
1995,18207,福井県,,鯖江市,208
1995,18302,福井県,足羽郡,美山町,206
1995,18321,福井県,吉田郡,松岡町,206
1995,18322,福井県,吉田郡,永平寺町,206
1995,18323,福井県,吉田郡,上志比村,205
1995,18342,福井県,大野郡,和泉村,205
1995,18361,福井県,坂井郡,三国町,206
1995,18362,福井県,坂井郡,芦原町,206
1995,18363,福井県,坂井郡,金津町,206
1995,18364,福井県,坂井郡,丸岡町,206
1995,18365,福井県,坂井郡,春江町,206
1995,18366,福井県,坂井郡,坂井町,206
1995,18381,福井県,今立郡,今立町,208
1995,18382,福井県,今立郡,池田町,208
1995,18401,福井県,南条郡,南条町,208
1995,18402,福井県,南条郡,今庄町,208
1995,18403,福井県,南条郡,河野村,208
1995,18421,福井県,丹生郡,朝日町,208
1995,18422,福井県,丹生郡,宮崎村,208
1995,18423,福井県,丹生郡,越前町,208
1995,18424,福井県,丹生郡,越廼村,206
1995,18425,福井県,丹生郡,織田町,208
1995,18426,福井県,丹生郡,清水町,206
1995,18441,福井県,三方郡,三方町,207
1995,18442,福井県,三方郡,美浜町,207
1995,18461,福井県,遠敷郡,上中町,209
1995,18462,福井県,遠敷郡,名田庄村,209
1995,18481,福井県,大飯郡,高浜町,209
1995,18482,福井県,大飯郡,大飯町,209
1995,19201,山梨県,,甲府市,210
1995,19202,山梨県,,富士吉田市,211
1995,19203,山梨県,,塩山市,212
1995,19204,山梨県,,都留市,211
1995,19205,山梨県,,山梨市,212
1995,19206,山梨県,,大月市,211
1995,19207,山梨県,,韮崎市,213
1995,19301,山梨県,東山梨郡,春日居町,212
1995,19302,山梨県,東山梨郡,牧丘町,212
1995,19303,山梨県,東山梨郡,三富村,212
1995,19304,山梨県,東山梨郡,勝沼町,212
1995,19305,山梨県,東山梨郡,大和村,212
1995,19321,山梨県,東八代郡,石和町,212
1995,19322,山梨県,東八代郡,御坂町,212
1995,19323,山梨県,東八代郡,一宮町,212
1995,19324,山梨県,東八代郡,八代町,212
1995,19325,山梨県,東八代郡,境川村,210
1995,19326,山梨県,東八代郡,中道町,210
1995,19327,山梨県,東八代郡,芦川村,212
1995,19328,山梨県,東八代郡,豊富村,210
1995,19341,山梨県,西八代郡,上九一色村,211
1995,19342,山梨県,西八代郡,三珠町,210
1995,19343,山梨県,西八代郡,市川大門町,210
1995,19344,山梨県,西八代郡,六郷町,210
1995,19345,山梨県,西八代郡,下部町,210
1995,19361,山梨県,南巨摩郡,増穂町,210
1995,19362,山梨県,南巨摩郡,鰍沢町,210
1995,19363,山梨県,南巨摩郡,中富町,214
1995,19364,山梨県,南巨摩郡,早川町,214
1995,19365,山梨県,南巨摩郡,身延町,214
1995,19366,山梨県,南巨摩郡,南部町,214
1995,19367,山梨県,南巨摩郡,富沢町,214
1995,19381,山梨県,中巨摩郡,竜王町,210
1995,19382,山梨県,中巨摩郡,敷島町,210
1995,19383,山梨県,中巨摩郡,玉穂町,210
1995,19384,山梨県,中巨摩郡,昭和町,210
1995,19385,山梨県,中巨摩郡,田富町,210
1995,19386,山梨県,中巨摩郡,八田村,210
1995,19387,山梨県,中巨摩郡,白根町,210
1995,19388,山梨県,中巨摩郡,芦安村,210
1995,19389,山梨県,中巨摩郡,若草町,210
1995,19390,山梨県,中巨摩郡,櫛形町,210
1995,19391,山梨県,中巨摩郡,甲西町,210
1995,19401,山梨県,北巨摩郡,双葉町,210
1995,19402,山梨県,北巨摩郡,明野村,213
1995,19403,山梨県,北巨摩郡,須玉町,213
1995,19404,山梨県,北巨摩郡,高根町,213
1995,19405,山梨県,北巨摩郡,長坂町,213
1995,19406,山梨県,北巨摩郡,大泉村,213
1995,19407,山梨県,北巨摩郡,小淵沢町,213
1995,19408,山梨県,北巨摩郡,白州町,213
1995,19409,山梨県,北巨摩郡,武川村,213
1995,19421,山梨県,南都留郡,秋山村,177
1995,19422,山梨県,南都留郡,道志村,215
1995,19423,山梨県,南都留郡,西桂町,211
1995,19424,山梨県,南都留郡,忍野村,211
1995,19425,山梨県,南都留郡,山中湖村,211
1995,19426,山梨県,南都留郡,河口湖町,211
1995,19427,山梨県,南都留郡,勝山村,211
1995,19428,山梨県,南都留郡,足和田村,211
1995,19429,山梨県,南都留郡,鳴沢村,211
1995,19441,山梨県,北都留郡,上野原町,177
1995,19442,山梨県,北都留郡,小菅村,216
1995,19443,山梨県,北都留郡,丹波山村,216
1995,20201,長野県,,長野市,217
1995,20202,長野県,,松本市,218
1995,20203,長野県,,上田市,219
1995,20204,長野県,,岡谷市,220
1995,20205,長野県,,飯田市,221
1995,20206,長野県,,諏訪市,220
1995,20207,長野県,,須坂市,217
1995,20208,長野県,,小諸市,222
1995,20209,長野県,,伊那市,223
1995,20210,長野県,,駒ヶ根市,223
1995,20211,長野県,,中野市,224
1995,20212,長野県,,大町市,225
1995,20213,長野県,,飯山市,224
1995,20214,長野県,,茅野市,220
1995,20215,長野県,,塩尻市,218
1995,20216,長野県,,更埴市,226
1995,20217,長野県,,佐久市,222
1995,20301,長野県,南佐久郡,臼田町,222
1995,20302,長野県,南佐久郡,佐久町,222
1995,20303,長野県,南佐久郡,小海町,227
1995,20304,長野県,南佐久郡,川上村,227
1995,20305,長野県,南佐久郡,南牧村,227
1995,20306,長野県,南佐久郡,南相木村,227
1995,20307,長野県,南佐久郡,北相木村,227
1995,20308,長野県,南佐久郡,八千穂村,222
1995,20321,長野県,北佐久郡,軽井沢町,222
1995,20322,長野県,北佐久郡,望月町,222
1995,20323,長野県,北佐久郡,御代田町,222
1995,20324,長野県,北佐久郡,立科町,222
1995,20325,長野県,北佐久郡,浅科村,222
1995,20326,長野県,北佐久郡,北御牧村,219
1995,20341,長野県,小県郡,丸子町,219
1995,20342,長野県,小県郡,長門町,219
1995,20343,長野県,小県郡,東部町,219
1995,20345,長野県,小県郡,真田町,219
1995,20346,長野県,小県郡,武石村,219
1995,20347,長野県,小県郡,和田村,219
1995,20349,長野県,小県郡,青木村,219
1995,20361,長野県,諏訪郡,下諏訪町,220
1995,20362,長野県,諏訪郡,富士見町,220
1995,20363,長野県,諏訪郡,原村,220
1995,20381,長野県,上伊那郡,高遠町,223
1995,20382,長野県,上伊那郡,辰野町,223
1995,20383,長野県,上伊那郡,箕輪町,223
1995,20384,長野県,上伊那郡,飯島町,223
1995,20385,長野県,上伊那郡,南箕輪村,223
1995,20386,長野県,上伊那郡,中川村,223
1995,20387,長野県,上伊那郡,長谷村,223
1995,20388,長野県,上伊那郡,宮田村,223
1995,20402,長野県,下伊那郡,松川町,223
1995,20403,長野県,下伊那郡,高森町,221
1995,20404,長野県,下伊那郡,阿南町,228
1995,20406,長野県,下伊那郡,清内路村,221
1995,20407,長野県,下伊那郡,阿智村,221
1995,20408,長野県,下伊那郡,浪合村,221
1995,20409,長野県,下伊那郡,平谷村,221
1995,20410,長野県,下伊那郡,根羽村,229
1995,20411,長野県,下伊那郡,下條村,221
1995,20412,長野県,下伊那郡,売木村,228
1995,20413,長野県,下伊那郡,天龍村,228
1995,20414,長野県,下伊那郡,泰阜村,228
1995,20415,長野県,下伊那郡,喬木村,221
1995,20416,長野県,下伊那郡,豊丘村,221
1995,20417,長野県,下伊那郡,大鹿村,230
1995,20418,長野県,下伊那郡,上村,231
1995,20419,長野県,下伊那郡,南信濃村,231
1995,20421,長野県,木曽郡,木曽福島町,232
1995,20422,長野県,木曽郡,上松町,232
1995,20423,長野県,木曽郡,南木曽町,233
1995,20424,長野県,木曽郡,楢川村,218
1995,20425,長野県,木曽郡,木祖村,232
1995,20426,長野県,木曽郡,日義村,232
1995,20427,長野県,木曽郡,開田村,232
1995,20428,長野県,木曽郡,三岳村,232
1995,20429,長野県,木曽郡,王滝村,232
1995,20430,長野県,木曽郡,大桑村,233
1995,20431,長野県,木曽郡,山口村,234
1995,20441,長野県,東筑摩郡,明科町,218
1995,20443,長野県,東筑摩郡,四賀村,218
1995,20444,長野県,東筑摩郡,本城村,235
1995,20445,長野県,東筑摩郡,坂北村,235
1995,20446,長野県,東筑摩郡,麻績村,235
1995,20447,長野県,東筑摩郡,坂井村,235
1995,20448,長野県,東筑摩郡,生坂村,218
1995,20449,長野県,東筑摩郡,波田町,218
1995,20450,長野県,東筑摩郡,山形村,218
1995,20451,長野県,東筑摩郡,朝日村,218
1995,20461,長野県,南安曇郡,豊科町,218
1995,20462,長野県,南安曇郡,穂高町,218
1995,20463,長野県,南安曇郡,奈川村,236
1995,20464,長野県,南安曇郡,安曇村,236
1995,20465,長野県,南安曇郡,梓川村,218
1995,20466,長野県,南安曇郡,三郷村,218
1995,20467,長野県,南安曇郡,堀金村,218
1995,20481,長野県,北安曇郡,池田町,225
1995,20482,長野県,北安曇郡,松川村,225
1995,20483,長野県,北安曇郡,八坂村,225
1995,20484,長野県,北安曇郡,美麻村,225
1995,20485,長野県,北安曇郡,白馬村,225
1995,20486,長野県,北安曇郡,小谷村,225
1995,20501,長野県,更級郡,上山田町,226
1995,20502,長野県,更級郡,大岡村,237
1995,20521,長野県,埴科郡,坂城町,226
1995,20522,長野県,埴科郡,戸倉町,226
1995,20541,長野県,上高井郡,小布施町,217
1995,20543,長野県,上高井郡,高山村,217
1995,20561,長野県,下高井郡,山ノ内町,224
1995,20562,長野県,下高井郡,木島平村,224
1995,20563,長野県,下高井郡,野沢温泉村,224
1995,20581,長野県,上水内郡,信州新町,237
1995,20582,長野県,上水内郡,豊野町,217
1995,20583,長野県,上水内郡,信濃町,217
1995,20584,長野県,上水内郡,牟礼村,217
1995,20585,長野県,上水内郡,三水村,217
1995,20586,長野県,上水内郡,戸隠村,217
1995,20587,長野県,上水内郡,鬼無里村,217
1995,20588,長野県,上水内郡,小川村,217
1995,20589,長野県,上水内郡,中条村,217
1995,20601,長野県,下水内郡,豊田村,224
1995,20602,長野県,下水内郡,栄村,238
1995,21201,岐阜県,,岐阜市,239
1995,21202,岐阜県,,大垣市,240
1995,21203,岐阜県,,高山市,241
1995,21204,岐阜県,,多治見市,242
1995,21205,岐阜県,,関市,243
1995,21206,岐阜県,,中津川市,234
1995,21207,岐阜県,,美濃市,243
1995,21208,岐阜県,,瑞浪市,242
1995,21209,岐阜県,,羽島市,239
1995,21210,岐阜県,,恵那市,234
1995,21211,岐阜県,,美濃加茂市,244
1995,21212,岐阜県,,土岐市,242
1995,21213,岐阜県,,各務原市,239
1995,21214,岐阜県,,可児市,244
1995,21301,岐阜県,羽島郡,川島町,245
1995,21302,岐阜県,羽島郡,岐南町,239
1995,21303,岐阜県,羽島郡,笠松町,239
1995,21304,岐阜県,羽島郡,柳津町,239
1995,21321,岐阜県,海津郡,海津町,240
1995,21322,岐阜県,海津郡,平田町,240
1995,21323,岐阜県,海津郡,南濃町,240
1995,21341,岐阜県,養老郡,養老町,240
1995,21342,岐阜県,養老郡,上石津町,240
1995,21361,岐阜県,不破郡,垂井町,240
1995,21362,岐阜県,不破郡,関ヶ原町,240
1995,21381,岐阜県,安八郡,神戸町,240
1995,21382,岐阜県,安八郡,輪之内町,240
1995,21383,岐阜県,安八郡,安八町,240
1995,21384,岐阜県,安八郡,墨俣町,240
1995,21401,岐阜県,揖斐郡,揖斐川町,246
1995,21402,岐阜県,揖斐郡,谷汲村,246
1995,21403,岐阜県,揖斐郡,大野町,246
1995,21404,岐阜県,揖斐郡,池田町,240
1995,21405,岐阜県,揖斐郡,春日村,246
1995,21406,岐阜県,揖斐郡,久瀬村,246
1995,21407,岐阜県,揖斐郡,藤橋村,246
1995,21408,岐阜県,揖斐郡,坂内村,246
1995,21421,岐阜県,本巣郡,北方町,239
1995,21422,岐阜県,本巣郡,本巣町,239
1995,21423,岐阜県,本巣郡,穂積町,239
1995,21424,岐阜県,本巣郡,巣南町,239
1995,21425,岐阜県,本巣郡,真正町,239
1995,21426,岐阜県,本巣郡,糸貫町,239
1995,21427,岐阜県,本巣郡,根尾村,239
1995,21441,岐阜県,山県郡,高富町,239
1995,21442,岐阜県,山県郡,伊自良村,239
1995,21443,岐阜県,山県郡,美山町,239
1995,21461,岐阜県,武儀郡,洞戸村,243
1995,21462,岐阜県,武儀郡,板取村,243
1995,21463,岐阜県,武儀郡,武芸川町,243
1995,21464,岐阜県,武儀郡,武儀町,243
1995,21465,岐阜県,武儀郡,上之保村,243
1995,21481,岐阜県,郡上郡,八幡町,247
1995,21482,岐阜県,郡上郡,大和町,247
1995,21483,岐阜県,郡上郡,白鳥町,247
1995,21484,岐阜県,郡上郡,高鷲村,247
1995,21485,岐阜県,郡上郡,美並村,247
1995,21486,岐阜県,郡上郡,明宝村,247
1995,21487,岐阜県,郡上郡,和良村,248
1995,21501,岐阜県,加茂郡,坂祝町,244
1995,21502,岐阜県,加茂郡,富加町,243
1995,21503,岐阜県,加茂郡,川辺町,244
1995,21504,岐阜県,加茂郡,七宗町,244
1995,21505,岐阜県,加茂郡,八百津町,244
1995,21506,岐阜県,加茂郡,白川町,249
1995,21507,岐阜県,加茂郡,東白川村,249
1995,21521,岐阜県,可児郡,御嵩町,244
1995,21523,岐阜県,可児郡,兼山町,244
1995,21541,岐阜県,土岐郡,笠原町,242
1995,21561,岐阜県,恵那郡,坂下町,234
1995,21562,岐阜県,恵那郡,川上村,234
1995,21563,岐阜県,恵那郡,加子母村,234
1995,21564,岐阜県,恵那郡,付知町,234
1995,21565,岐阜県,恵那郡,福岡町,234
1995,21566,岐阜県,恵那郡,蛭川村,234
1995,21567,岐阜県,恵那郡,岩村町,234
1995,21568,岐阜県,恵那郡,山岡町,242
1995,21569,岐阜県,恵那郡,明智町,242
1995,21570,岐阜県,恵那郡,串原村,242
1995,21571,岐阜県,恵那郡,上矢作町,242
1995,21581,岐阜県,益田郡,萩原町,250
1995,21582,岐阜県,益田郡,小坂町,250
1995,21583,岐阜県,益田郡,下呂町,250
1995,21584,岐阜県,益田郡,金山町,248
1995,21585,岐阜県,益田郡,馬瀬村,250
1995,21601,岐阜県,大野郡,丹生川村,241
1995,21602,岐阜県,大野郡,清見村,241
1995,21603,岐阜県,大野郡,荘川村,251
1995,21604,岐阜県,大野郡,白川村,251
1995,21605,岐阜県,大野郡,宮村,241
1995,21606,岐阜県,大野郡,久々野町,241
1995,21607,岐阜県,大野郡,朝日村,241
1995,21608,岐阜県,大野郡,高根村,252
1995,21621,岐阜県,吉城郡,古川町,241
1995,21622,岐阜県,吉城郡,国府町,241
1995,21623,岐阜県,吉城郡,河合村,241
1995,21624,岐阜県,吉城郡,宮川村,241
1995,21625,岐阜県,吉城郡,神岡町,253
1995,21626,岐阜県,吉城郡,上宝村,253
1995,22201,静岡県,,静岡市,254
1995,22202,静岡県,,浜松市,255
1995,22203,静岡県,,沼津市,256
1995,22204,静岡県,,清水市,257
1995,22205,静岡県,,熱海市,182
1995,22206,静岡県,,三島市,256
1995,22207,静岡県,,富士宮市,257
1995,22208,静岡県,,伊東市,258
1995,22209,静岡県,,島田市,254
1995,22210,静岡県,,富士市,257
1995,22211,静岡県,,磐田市,255
1995,22212,静岡県,,焼津市,254
1995,22213,静岡県,,掛川市,259
1995,22214,静岡県,,藤枝市,254
1995,22215,静岡県,,御殿場市,256
1995,22216,静岡県,,袋井市,255
1995,22217,静岡県,,天竜市,255
1995,22218,静岡県,,浜北市,255
1995,22219,静岡県,,下田市,258
1995,22220,静岡県,,裾野市,256
1995,22221,静岡県,,湖西市,255
1995,22301,静岡県,賀茂郡,東伊豆町,258
1995,22302,静岡県,賀茂郡,河津町,258
1995,22304,静岡県,賀茂郡,南伊豆町,258
1995,22305,静岡県,賀茂郡,松崎町,260
1995,22306,静岡県,賀茂郡,西伊豆町,260
1995,22307,静岡県,賀茂郡,賀茂村,260
1995,22321,静岡県,田方郡,伊豆長岡町,256
1995,22322,静岡県,田方郡,修善寺町,256
1995,22323,静岡県,田方郡,戸田村,261
1995,22324,静岡県,田方郡,土肥町,260
1995,22325,静岡県,田方郡,函南町,256
1995,22326,静岡県,田方郡,韮山町,256
1995,22327,静岡県,田方郡,大仁町,256
1995,22328,静岡県,田方郡,天城湯ヶ島町,256
1995,22329,静岡県,田方郡,中伊豆町,256
1995,22341,静岡県,駿東郡,清水町,256
1995,22342,静岡県,駿東郡,長泉町,256
1995,22344,静岡県,駿東郡,小山町,256
1995,22361,静岡県,富士郡,芝川町,257
1995,22381,静岡県,庵原郡,富士川町,257
1995,22382,静岡県,庵原郡,蒲原町,257
1995,22383,静岡県,庵原郡,由比町,257
1995,22401,静岡県,志太郡,岡部町,254
1995,22402,静岡県,志太郡,大井川町,254
1995,22421,静岡県,榛原郡,御前崎町,259
1995,22422,静岡県,榛原郡,相良町,259
1995,22423,静岡県,榛原郡,榛原町,254
1995,22424,静岡県,榛原郡,吉田町,254
1995,22425,静岡県,榛原郡,金谷町,254
1995,22426,静岡県,榛原郡,川根町,254
1995,22427,静岡県,榛原郡,中川根町,254
1995,22428,静岡県,榛原郡,本川根町,254
1995,22442,静岡県,小笠郡,大須賀町,259
1995,22444,静岡県,小笠郡,浜岡町,259
1995,22445,静岡県,小笠郡,小笠町,259
1995,22446,静岡県,小笠郡,菊川町,259
1995,22447,静岡県,小笠郡,大東町,259
1995,22461,静岡県,周智郡,森町,255
1995,22462,静岡県,周智郡,春野町,262
1995,22481,静岡県,磐田郡,浅羽町,255
1995,22482,静岡県,磐田郡,福田町,255
1995,22483,静岡県,磐田郡,竜洋町,255
1995,22484,静岡県,磐田郡,豊田町,255
1995,22485,静岡県,磐田郡,豊岡村,255
1995,22486,静岡県,磐田郡,龍山村,255
1995,22487,静岡県,磐田郡,佐久間町,263
1995,22488,静岡県,磐田郡,水窪町,263
1995,22502,静岡県,浜名郡,舞阪町,255
1995,22503,静岡県,浜名郡,新居町,255
1995,22505,静岡県,浜名郡,雄踏町,255
1995,22521,静岡県,引佐郡,細江町,255
1995,22522,静岡県,引佐郡,引佐町,255
1995,22523,静岡県,引佐郡,三ヶ日町,255
1995,23100,愛知県,,名古屋市,264
1995,23201,愛知県,,豊橋市,265
1995,23202,愛知県,,岡崎市,266
1995,23203,愛知県,,一宮市,245
1995,23204,愛知県,,瀬戸市,264
1995,23205,愛知県,,半田市,267
1995,23206,愛知県,,春日井市,245
1995,23207,愛知県,,豊川市,265
1995,23208,愛知県,,津島市,264
1995,23209,愛知県,,碧南市,266
1995,23210,愛知県,,刈谷市,266
1995,23211,愛知県,,豊田市,268
1995,23212,愛知県,,安城市,266
1995,23213,愛知県,,西尾市,266
1995,23214,愛知県,,蒲郡市,265
1995,23215,愛知県,,犬山市,245
1995,23216,愛知県,,常滑市,267
1995,23217,愛知県,,江南市,245
1995,23218,愛知県,,尾西市,245
1995,23219,愛知県,,小牧市,245
1995,23220,愛知県,,稲沢市,245
1995,23221,愛知県,,新城市,265
1995,23222,愛知県,,東海市,267
1995,23223,愛知県,,大府市,267
1995,23224,愛知県,,知多市,267
1995,23225,愛知県,,知立市,266
1995,23226,愛知県,,尾張旭市,264
1995,23227,愛知県,,高浜市,266
1995,23228,愛知県,,岩倉市,245
1995,23229,愛知県,,豊明市,264
1995,23230,愛知県,,日進市,264
1995,23302,愛知県,愛知郡,東郷町,264
1995,23304,愛知県,愛知郡,長久手町,264
1995,23341,愛知県,西春日井郡,西枇杷島町,264
1995,23342,愛知県,西春日井郡,豊山町,245
1995,23343,愛知県,西春日井郡,師勝町,245
1995,23344,愛知県,西春日井郡,西春町,245
1995,23345,愛知県,西春日井郡,春日町,245
1995,23346,愛知県,西春日井郡,清洲町,264
1995,23347,愛知県,西春日井郡,新川町,264
1995,23361,愛知県,丹羽郡,大口町,245
1995,23362,愛知県,丹羽郡,扶桑町,245
1995,23381,愛知県,葉栗郡,木曽川町,245
1995,23401,愛知県,中島郡,祖父江町,245
1995,23402,愛知県,中島郡,平和町,264
1995,23421,愛知県,海部郡,七宝町,264
1995,23422,愛知県,海部郡,美和町,264
1995,23423,愛知県,海部郡,甚目寺町,264
1995,23424,愛知県,海部郡,大治町,264
1995,23425,愛知県,海部郡,蟹江町,264
1995,23426,愛知県,海部郡,十四山村,264
1995,23427,愛知県,海部郡,飛島村,264
1995,23428,愛知県,海部郡,弥富町,264
1995,23429,愛知県,海部郡,佐屋町,264
1995,23430,愛知県,海部郡,立田村,264
1995,23431,愛知県,海部郡,八開村,264
1995,23432,愛知県,海部郡,佐織町,264
1995,23441,愛知県,知多郡,阿久比町,267
1995,23442,愛知県,知多郡,東浦町,267
1995,23445,愛知県,知多郡,南知多町,267
1995,23446,愛知県,知多郡,美浜町,267
1995,23447,愛知県,知多郡,武豊町,267
1995,23481,愛知県,幡豆郡,一色町,266
1995,23482,愛知県,幡豆郡,吉良町,266
1995,23483,愛知県,幡豆郡,幡豆町,266
1995,23501,愛知県,額田郡,幸田町,266
1995,23502,愛知県,額田郡,額田町,266
1995,23521,愛知県,西加茂郡,三好町,268
1995,23522,愛知県,西加茂郡,藤岡町,268
1995,23523,愛知県,西加茂郡,小原村,268
1995,23541,愛知県,東加茂郡,足助町,268
1995,23543,愛知県,東加茂郡,下山村,268
1995,23544,愛知県,東加茂郡,旭町,268
1995,23561,愛知県,北設楽郡,設楽町,229
1995,23562,愛知県,北設楽郡,東栄町,263
1995,23563,愛知県,北設楽郡,豊根村,263
1995,23564,愛知県,北設楽郡,富山村,263
1995,23565,愛知県,北設楽郡,津具村,229
1995,23566,愛知県,北設楽郡,稲武町,229
1995,23581,愛知県,南設楽郡,鳳来町,265
1995,23582,愛知県,南設楽郡,作手村,265
1995,23601,愛知県,宝飯郡,音羽町,265
1995,23602,愛知県,宝飯郡,一宮町,265
1995,23603,愛知県,宝飯郡,小坂井町,265
1995,23604,愛知県,宝飯郡,御津町,265
1995,23621,愛知県,渥美郡,田原町,265
1995,23622,愛知県,渥美郡,赤羽根町,269
1995,23623,愛知県,渥美郡,渥美町,269
1995,24201,三重県,,津市,270
1995,24202,三重県,,四日市市,271
1995,24203,三重県,,伊勢市,272
1995,24204,三重県,,松阪市,273
1995,24205,三重県,,桑名市,271
1995,24206,三重県,,上野市,274
1995,24207,三重県,,鈴鹿市,270
1995,24208,三重県,,名張市,274
1995,24209,三重県,,尾鷲市,275
1995,24210,三重県,,亀山市,270
1995,24211,三重県,,鳥羽市,272
1995,24212,三重県,,熊野市,276
1995,24213,三重県,,久居市,270
1995,24301,三重県,桑名郡,多度町,271
1995,24302,三重県,桑名郡,長島町,271
1995,24303,三重県,桑名郡,木曽岬町,271
1995,24321,三重県,員弁郡,北勢町,271
1995,24322,三重県,員弁郡,員弁町,271
1995,24323,三重県,員弁郡,大安町,271
1995,24324,三重県,員弁郡,東員町,271
1995,24325,三重県,員弁郡,藤原町,271
1995,24341,三重県,三重郡,菰野町,271
1995,24342,三重県,三重郡,楠町,271
1995,24343,三重県,三重郡,朝日町,271
1995,24344,三重県,三重郡,川越町,271
1995,24361,三重県,鈴鹿郡,関町,270
1995,24381,三重県,安芸郡,河芸町,270
1995,24382,三重県,安芸郡,芸濃町,270
1995,24383,三重県,安芸郡,美里村,270
1995,24384,三重県,安芸郡,安濃町,270
1995,24402,三重県,一志郡,香良洲町,270
1995,24403,三重県,一志郡,一志町,270
1995,24404,三重県,一志郡,白山町,270
1995,24405,三重県,一志郡,嬉野町,270
1995,24406,三重県,一志郡,美杉村,270
1995,24407,三重県,一志郡,三雲町,273
1995,24421,三重県,飯南郡,飯南町,273
1995,24422,三重県,飯南郡,飯高町,273
1995,24441,三重県,多気郡,多気町,273
1995,24442,三重県,多気郡,明和町,272
1995,24443,三重県,多気郡,大台町,273
1995,24444,三重県,多気郡,勢和村,273
1995,24445,三重県,多気郡,宮川村,273
1995,24461,三重県,度会郡,玉城町,272
1995,24462,三重県,度会郡,二見町,272
1995,24463,三重県,度会郡,小俣町,272
1995,24464,三重県,度会郡,南勢町,277
1995,24465,三重県,度会郡,南島町,278
1995,24466,三重県,度会郡,大宮町,273
1995,24467,三重県,度会郡,紀勢町,275
1995,24468,三重県,度会郡,御薗村,272
1995,24469,三重県,度会郡,大内山村,275
1995,24470,三重県,度会郡,度会町,272
1995,24481,三重県,阿山郡,伊賀町,274
1995,24482,三重県,阿山郡,島ヶ原村,274
1995,24483,三重県,阿山郡,阿山町,274
1995,24484,三重県,阿山郡,大山田村,274
1995,24501,三重県,名賀郡,青山町,274
1995,24521,三重県,志摩郡,浜島町,277
1995,24522,三重県,志摩郡,大王町,277
1995,24523,三重県,志摩郡,志摩町,277
1995,24524,三重県,志摩郡,阿児町,277
1995,24525,三重県,志摩郡,磯部町,277
1995,24541,三重県,北牟婁郡,紀伊長島町,275
1995,24542,三重県,北牟婁郡,海山町,275
1995,24561,三重県,南牟婁郡,御浜町,276
1995,24562,三重県,南牟婁郡,紀宝町,276
1995,24563,三重県,南牟婁郡,紀和町,276
1995,24564,三重県,南牟婁郡,鵜殿村,276
1995,25201,滋賀県,,大津市,279
1995,25202,滋賀県,,彦根市,280
1995,25203,滋賀県,,長浜市,281
1995,25204,滋賀県,,近江八幡市,280
1995,25205,滋賀県,,八日市市,280
1995,25206,滋賀県,,草津市,279
1995,25207,滋賀県,,守山市,279
1995,25301,滋賀県,滋賀郡,志賀町,279
1995,25321,滋賀県,栗太郡,栗東町,279
1995,25342,滋賀県,野洲郡,中主町,279
1995,25343,滋賀県,野洲郡,野洲町,279
1995,25361,滋賀県,甲賀郡,石部町,279
1995,25362,滋賀県,甲賀郡,甲西町,279
1995,25363,滋賀県,甲賀郡,水口町,279
1995,25364,滋賀県,甲賀郡,土山町,279
1995,25365,滋賀県,甲賀郡,甲賀町,279
1995,25366,滋賀県,甲賀郡,甲南町,279
1995,25367,滋賀県,甲賀郡,信楽町,279
1995,25381,滋賀県,蒲生郡,安土町,280
1995,25382,滋賀県,蒲生郡,蒲生町,280
1995,25383,滋賀県,蒲生郡,日野町,280
1995,25384,滋賀県,蒲生郡,竜王町,280
1995,25401,滋賀県,神崎郡,永源寺町,280
1995,25402,滋賀県,神崎郡,五個荘町,280
1995,25403,滋賀県,神崎郡,能登川町,280
1995,25421,滋賀県,愛知郡,愛東町,280
1995,25422,滋賀県,愛知郡,湖東町,280
1995,25423,滋賀県,愛知郡,秦荘町,280
1995,25424,滋賀県,愛知郡,愛知川町,280
1995,25441,滋賀県,犬上郡,豊郷町,280
1995,25442,滋賀県,犬上郡,甲良町,280
1995,25443,滋賀県,犬上郡,多賀町,280
1995,25461,滋賀県,坂田郡,山東町,281
1995,25462,滋賀県,坂田郡,伊吹町,281
1995,25463,滋賀県,坂田郡,米原町,281
1995,25464,滋賀県,坂田郡,近江町,281
1995,25481,滋賀県,東浅井郡,浅井町,281
1995,25482,滋賀県,東浅井郡,虎姫町,281
1995,25483,滋賀県,東浅井郡,湖北町,281
1995,25484,滋賀県,東浅井郡,びわ町,281
1995,25501,滋賀県,伊香郡,高月町,281
1995,25502,滋賀県,伊香郡,木之本町,281
1995,25503,滋賀県,伊香郡,余呉町,281
1995,25504,滋賀県,伊香郡,西浅井町,281
1995,25521,滋賀県,高島郡,マキノ町,282
1995,25522,滋賀県,高島郡,今津町,282
1995,25523,滋賀県,高島郡,朽木村,282
1995,25524,滋賀県,高島郡,安曇川町,282
1995,25525,滋賀県,高島郡,高島町,282
1995,25526,滋賀県,高島郡,新旭町,282
1995,26100,京都府,,京都市,283
1995,26201,京都府,,福知山市,284
1995,26202,京都府,,舞鶴市,209
1995,26203,京都府,,綾部市,284
1995,26204,京都府,,宇治市,283
1995,26205,京都府,,宮津市,285
1995,26206,京都府,,亀岡市,283
1995,26207,京都府,,城陽市,283
1995,26208,京都府,,向日市,283
1995,26209,京都府,,長岡京市,283
1995,26210,京都府,,八幡市,286
1995,26303,京都府,乙訓郡,大山崎町,283
1995,26322,京都府,久世郡,久御山町,283
1995,26342,京都府,綴喜郡,田辺町,283
1995,26343,京都府,綴喜郡,井手町,283
1995,26344,京都府,綴喜郡,宇治田原町,283
1995,26361,京都府,相楽郡,山城町,287
1995,26362,京都府,相楽郡,木津町,287
1995,26363,京都府,相楽郡,加茂町,287
1995,26364,京都府,相楽郡,笠置町,287
1995,26365,京都府,相楽郡,和束町,287
1995,26366,京都府,相楽郡,精華町,287
1995,26367,京都府,相楽郡,南山城村,274
1995,26381,京都府,北桑田郡,京北町,288
1995,26382,京都府,北桑田郡,美山町,288
1995,26401,京都府,船井郡,園部町,283
1995,26402,京都府,船井郡,八木町,283
1995,26403,京都府,船井郡,丹波町,283
1995,26404,京都府,船井郡,日吉町,283
1995,26405,京都府,船井郡,瑞穂町,283
1995,26406,京都府,船井郡,和知町,284
1995,26421,京都府,天田郡,三和町,284
1995,26422,京都府,天田郡,夜久野町,284
1995,26441,京都府,加佐郡,大江町,284
1995,26461,京都府,与謝郡,加悦町,285
1995,26462,京都府,与謝郡,岩滝町,285
1995,26463,京都府,与謝郡,伊根町,285
1995,26464,京都府,与謝郡,野田川町,285
1995,26481,京都府,中郡,峰山町,289
1995,26482,京都府,中郡,大宮町,289
1995,26501,京都府,竹野郡,網野町,289
1995,26502,京都府,竹野郡,丹後町,289
1995,26503,京都府,竹野郡,弥栄町,289
1995,26521,京都府,熊野郡,久美浜町,289
1995,27100,大阪府,,大阪市,286
1995,27201,大阪府,,堺市,290
1995,27202,大阪府,,岸和田市,291
1995,27203,大阪府,,豊中市,286
1995,27204,大阪府,,池田市,286
1995,27205,大阪府,,吹田市,286
1995,27206,大阪府,,泉大津市,291
1995,27207,大阪府,,高槻市,286
1995,27208,大阪府,,貝塚市,291
1995,27209,大阪府,,守口市,286
1995,27210,大阪府,,枚方市,286
1995,27211,大阪府,,茨木市,286
1995,27212,大阪府,,八尾市,290
1995,27213,大阪府,,泉佐野市,291
1995,27214,大阪府,,富田林市,290
1995,27215,大阪府,,寝屋川市,286
1995,27216,大阪府,,河内長野市,290
1995,27217,大阪府,,松原市,290
1995,27218,大阪府,,大東市,286
1995,27219,大阪府,,和泉市,291
1995,27220,大阪府,,箕面市,286
1995,27221,大阪府,,柏原市,290
1995,27222,大阪府,,羽曳野市,290
1995,27223,大阪府,,門真市,286
1995,27224,大阪府,,摂津市,286
1995,27225,大阪府,,高石市,290
1995,27226,大阪府,,藤井寺市,290
1995,27227,大阪府,,東大阪市,286
1995,27228,大阪府,,泉南市,291
1995,27229,大阪府,,四條畷市,286
1995,27230,大阪府,,交野市,286
1995,27231,大阪府,,大阪狭山市,290
1995,27232,大阪府,,阪南市,291
1995,27301,大阪府,三島郡,島本町,286
1995,27321,大阪府,豊能郡,豊能町,286
1995,27322,大阪府,豊能郡,能勢町,286
1995,27341,大阪府,泉北郡,忠岡町,291
1995,27361,大阪府,泉南郡,熊取町,291
1995,27362,大阪府,泉南郡,田尻町,291
1995,27366,大阪府,泉南郡,岬町,291
1995,27381,大阪府,南河内郡,太子町,290
1995,27382,大阪府,南河内郡,河南町,290
1995,27383,大阪府,南河内郡,千早赤阪村,290
1995,27385,大阪府,南河内郡,美原町,290
1995,28100,兵庫県,,神戸市,292
1995,28201,兵庫県,,姫路市,293
1995,28202,兵庫県,,尼崎市,286
1995,28203,兵庫県,,明石市,292
1995,28204,兵庫県,,西宮市,286
1995,28205,兵庫県,,洲本市,294
1995,28206,兵庫県,,芦屋市,286
1995,28207,兵庫県,,伊丹市,286
1995,28208,兵庫県,,相生市,293
1995,28209,兵庫県,,豊岡市,295
1995,28210,兵庫県,,加古川市,292
1995,28211,兵庫県,,龍野市,293
1995,28212,兵庫県,,赤穂市,293
1995,28213,兵庫県,,西脇市,296
1995,28214,兵庫県,,宝塚市,286
1995,28215,兵庫県,,三木市,292
1995,28216,兵庫県,,高砂市,292
1995,28217,兵庫県,,川西市,286
1995,28218,兵庫県,,小野市,296
1995,28219,兵庫県,,三田市,297
1995,28220,兵庫県,,加西市,296
1995,28301,兵庫県,川辺郡,猪名川町,286
1995,28321,兵庫県,美嚢郡,吉川町,297
1995,28341,兵庫県,加東郡,社町,296
1995,28342,兵庫県,加東郡,滝野町,296
1995,28343,兵庫県,加東郡,東条町,296
1995,28361,兵庫県,多可郡,中町,296
1995,28362,兵庫県,多可郡,加美町,296
1995,28363,兵庫県,多可郡,八千代町,296
1995,28364,兵庫県,多可郡,黒田庄町,296
1995,28381,兵庫県,加古郡,稲美町,292
1995,28382,兵庫県,加古郡,播磨町,292
1995,28421,兵庫県,飾磨郡,家島町,475
1995,28422,兵庫県,飾磨郡,夢前町,293
1995,28441,兵庫県,神崎郡,神崎町,293
1995,28442,兵庫県,神崎郡,市川町,293
1995,28443,兵庫県,神崎郡,福崎町,293
1995,28444,兵庫県,神崎郡,香寺町,293
1995,28445,兵庫県,神崎郡,大河内町,293
1995,28461,兵庫県,揖保郡,新宮町,293
1995,28462,兵庫県,揖保郡,揖保川町,293
1995,28463,兵庫県,揖保郡,御津町,293
1995,28464,兵庫県,揖保郡,太子町,293
1995,28481,兵庫県,赤穂郡,上郡町,293
1995,28501,兵庫県,佐用郡,佐用町,298
1995,28502,兵庫県,佐用郡,上月町,298
1995,28503,兵庫県,佐用郡,南光町,298
1995,28504,兵庫県,佐用郡,三日月町,298
1995,28521,兵庫県,宍粟郡,山崎町,299
1995,28522,兵庫県,宍粟郡,安富町,299
1995,28523,兵庫県,宍粟郡,一宮町,299
1995,28524,兵庫県,宍粟郡,波賀町,299
1995,28525,兵庫県,宍粟郡,千種町,299
1995,28541,兵庫県,城崎郡,城崎町,295
1995,28542,兵庫県,城崎郡,竹野町,295
1995,28543,兵庫県,城崎郡,香住町,300
1995,28544,兵庫県,城崎郡,日高町,295
1995,28561,兵庫県,出石郡,出石町,295
1995,28562,兵庫県,出石郡,但東町,295
1995,28581,兵庫県,美方郡,村岡町,300
1995,28582,兵庫県,美方郡,浜坂町,300
1995,28583,兵庫県,美方郡,美方町,300
1995,28584,兵庫県,美方郡,温泉町,300
1995,28601,兵庫県,養父郡,八鹿町,301
1995,28602,兵庫県,養父郡,養父町,301
1995,28603,兵庫県,養父郡,大屋町,301
1995,28604,兵庫県,養父郡,関宮町,301
1995,28621,兵庫県,朝来郡,生野町,301
1995,28622,兵庫県,朝来郡,和田山町,301
1995,28623,兵庫県,朝来郡,山東町,301
1995,28624,兵庫県,朝来郡,朝来町,301
1995,28641,兵庫県,氷上郡,柏原町,302
1995,28642,兵庫県,氷上郡,氷上町,302
1995,28643,兵庫県,氷上郡,青垣町,302
1995,28644,兵庫県,氷上郡,春日町,302
1995,28645,兵庫県,氷上郡,山南町,302
1995,28646,兵庫県,氷上郡,市島町,302
1995,28661,兵庫県,多紀郡,篠山町,297
1995,28664,兵庫県,多紀郡,西紀町,297
1995,28665,兵庫県,多紀郡,丹南町,297
1995,28666,兵庫県,多紀郡,今田町,297
1995,28681,兵庫県,津名郡,津名町,294
1995,28682,兵庫県,津名郡,淡路町,294
1995,28683,兵庫県,津名郡,北淡町,294
1995,28684,兵庫県,津名郡,一宮町,294
1995,28685,兵庫県,津名郡,五色町,294
1995,28686,兵庫県,津名郡,東浦町,294
1995,28701,兵庫県,三原郡,緑町,294
1995,28702,兵庫県,三原郡,西淡町,294
1995,28703,兵庫県,三原郡,三原町,294
1995,28704,兵庫県,三原郡,南淡町,294
1995,29201,奈良県,,奈良市,287
1995,29202,奈良県,,大和高田市,303
1995,29203,奈良県,,大和郡山市,287
1995,29204,奈良県,,天理市,287
1995,29205,奈良県,,橿原市,303
1995,29206,奈良県,,桜井市,304
1995,29207,奈良県,,五條市,305
1995,29208,奈良県,,御所市,303
1995,29209,奈良県,,生駒市,286
1995,29210,奈良県,,香芝市,306
1995,29301,奈良県,添上郡,月ヶ瀬村,274
1995,29321,奈良県,山辺郡,都祁村,287
1995,29322,奈良県,山辺郡,山添村,274
1995,29342,奈良県,生駒郡,平群町,307
1995,29343,奈良県,生駒郡,三郷町,306
1995,29344,奈良県,生駒郡,斑鳩町,287
1995,29345,奈良県,生駒郡,安堵町,287
1995,29361,奈良県,磯城郡,川西町,287
1995,29362,奈良県,磯城郡,三宅町,287
1995,29363,奈良県,磯城郡,田原本町,287
1995,29381,奈良県,宇陀郡,大宇陀町,304
1995,29382,奈良県,宇陀郡,菟田野町,304
1995,29383,奈良県,宇陀郡,榛原町,304
1995,29384,奈良県,宇陀郡,室生村,304
1995,29385,奈良県,宇陀郡,曽爾村,308
1995,29386,奈良県,宇陀郡,御杖村,308
1995,29401,奈良県,高市郡,高取町,303
1995,29402,奈良県,高市郡,明日香村,303
1995,29421,奈良県,北葛城郡,新庄町,303
1995,29422,奈良県,北葛城郡,當麻町,303
1995,29424,奈良県,北葛城郡,上牧町,306
1995,29425,奈良県,北葛城郡,王寺町,306
1995,29426,奈良県,北葛城郡,広陵町,306
1995,29427,奈良県,北葛城郡,河合町,306
1995,29441,奈良県,吉野郡,吉野町,303
1995,29442,奈良県,吉野郡,大淀町,303
1995,29443,奈良県,吉野郡,下市町,303
1995,29444,奈良県,吉野郡,黒滝村,303
1995,29445,奈良県,吉野郡,西吉野村,305
1995,29446,奈良県,吉野郡,天川村,309
1995,29447,奈良県,吉野郡,野迫川村,310
1995,29448,奈良県,吉野郡,大塔村,305
1995,29449,奈良県,吉野郡,十津川村,305
1995,29450,奈良県,吉野郡,下北山村,311
1995,29451,奈良県,吉野郡,上北山村,311
1995,29452,奈良県,吉野郡,川上村,303
1995,29453,奈良県,吉野郡,東吉野村,304
1995,30201,和歌山県,,和歌山市,312
1995,30202,和歌山県,,海南市,312
1995,30203,和歌山県,,橋本市,310
1995,30204,和歌山県,,有田市,313
1995,30205,和歌山県,,御坊市,314
1995,30206,和歌山県,,田辺市,315
1995,30207,和歌山県,,新宮市,276
1995,30301,和歌山県,海草郡,下津町,312
1995,30302,和歌山県,海草郡,野上町,312
1995,30303,和歌山県,海草郡,美里町,312
1995,30321,和歌山県,那賀郡,打田町,312
1995,30322,和歌山県,那賀郡,粉河町,312
1995,30323,和歌山県,那賀郡,那賀町,312
1995,30324,和歌山県,那賀郡,桃山町,312
1995,30325,和歌山県,那賀郡,貴志川町,312
1995,30326,和歌山県,那賀郡,岩出町,312
1995,30341,和歌山県,伊都郡,かつらぎ町,310
1995,30342,和歌山県,伊都郡,高野口町,310
1995,30343,和歌山県,伊都郡,九度山町,310
1995,30344,和歌山県,伊都郡,高野町,310
1995,30345,和歌山県,伊都郡,花園村,316
1995,30361,和歌山県,有田郡,湯浅町,313
1995,30362,和歌山県,有田郡,広川町,313
1995,30363,和歌山県,有田郡,吉備町,313
1995,30364,和歌山県,有田郡,金屋町,313
1995,30365,和歌山県,有田郡,清水町,316
1995,30381,和歌山県,日高郡,美浜町,314
1995,30382,和歌山県,日高郡,日高町,314
1995,30383,和歌山県,日高郡,由良町,314
1995,30384,和歌山県,日高郡,川辺町,314
1995,30385,和歌山県,日高郡,中津村,314
1995,30386,和歌山県,日高郡,美山村,317
1995,30387,和歌山県,日高郡,龍神村,317
1995,30388,和歌山県,日高郡,南部川村,315
1995,30389,和歌山県,日高郡,南部町,315
1995,30390,和歌山県,日高郡,印南町,314
1995,30401,和歌山県,西牟婁郡,白浜町,315
1995,30402,和歌山県,西牟婁郡,中辺路町,315
1995,30403,和歌山県,西牟婁郡,大塔村,315
1995,30404,和歌山県,西牟婁郡,上富田町,315
1995,30405,和歌山県,西牟婁郡,日置川町,315
1995,30406,和歌山県,西牟婁郡,すさみ町,315
1995,30407,和歌山県,西牟婁郡,串本町,318
1995,30421,和歌山県,東牟婁郡,那智勝浦町,318
1995,30422,和歌山県,東牟婁郡,太地町,318
1995,30423,和歌山県,東牟婁郡,古座町,318
1995,30424,和歌山県,東牟婁郡,古座川町,318
1995,30425,和歌山県,東牟婁郡,熊野川町,276
1995,30426,和歌山県,東牟婁郡,本宮町,276
1995,30427,和歌山県,東牟婁郡,北山村,276
1995,31201,鳥取県,,鳥取市,319
1995,31202,鳥取県,,米子市,320
1995,31203,鳥取県,,倉吉市,321
1995,31204,鳥取県,,境港市,320
1995,31301,鳥取県,岩美郡,国府町,319
1995,31302,鳥取県,岩美郡,岩美町,319
1995,31303,鳥取県,岩美郡,福部村,319
1995,31321,鳥取県,八頭郡,郡家町,319
1995,31322,鳥取県,八頭郡,船岡町,319
1995,31323,鳥取県,八頭郡,河原町,319
1995,31324,鳥取県,八頭郡,八東町,319
1995,31325,鳥取県,八頭郡,若桜町,319
1995,31326,鳥取県,八頭郡,用瀬町,319
1995,31327,鳥取県,八頭郡,佐治村,319
1995,31328,鳥取県,八頭郡,智頭町,319
1995,31341,鳥取県,気高郡,気高町,319
1995,31342,鳥取県,気高郡,鹿野町,319
1995,31343,鳥取県,気高郡,青谷町,319
1995,31361,鳥取県,東伯郡,羽合町,321
1995,31362,鳥取県,東伯郡,泊村,321
1995,31363,鳥取県,東伯郡,東郷町,321
1995,31364,鳥取県,東伯郡,三朝町,321
1995,31365,鳥取県,東伯郡,関金町,321
1995,31366,鳥取県,東伯郡,北条町,321
1995,31367,鳥取県,東伯郡,大栄町,321
1995,31368,鳥取県,東伯郡,東伯町,321
1995,31369,鳥取県,東伯郡,赤碕町,321
1995,31381,鳥取県,西伯郡,西伯町,320
1995,31382,鳥取県,西伯郡,会見町,320
1995,31383,鳥取県,西伯郡,岸本町,320
1995,31384,鳥取県,西伯郡,日吉津村,320
1995,31385,鳥取県,西伯郡,淀江町,320
1995,31386,鳥取県,西伯郡,大山町,320
1995,31387,鳥取県,西伯郡,名和町,320
1995,31388,鳥取県,西伯郡,中山町,320
1995,31401,鳥取県,日野郡,日南町,320
1995,31402,鳥取県,日野郡,日野町,320
1995,31403,鳥取県,日野郡,江府町,320
1995,31404,鳥取県,日野郡,溝口町,320
1995,32201,島根県,,松江市,322
1995,32202,島根県,,浜田市,323
1995,32203,島根県,,出雲市,324
1995,32204,島根県,,益田市,325
1995,32205,島根県,,大田市,326
1995,32206,島根県,,安来市,327
1995,32207,島根県,,江津市,326
1995,32208,島根県,,平田市,324
1995,32301,島根県,八束郡,鹿島町,322
1995,32302,島根県,八束郡,島根町,322
1995,32303,島根県,八束郡,美保関町,322
1995,32304,島根県,八束郡,東出雲町,322
1995,32305,島根県,八束郡,八雲村,322
1995,32306,島根県,八束郡,玉湯町,322
1995,32307,島根県,八束郡,宍道町,322
1995,32308,島根県,八束郡,八束町,476
1995,32321,島根県,能義郡,広瀬町,327
1995,32322,島根県,能義郡,伯太町,327
1995,32341,島根県,仁多郡,仁多町,328
1995,32342,島根県,仁多郡,横田町,328
1995,32361,島根県,大原郡,大東町,329
1995,32362,島根県,大原郡,加茂町,329
1995,32363,島根県,大原郡,木次町,329
1995,32381,島根県,飯石郡,三刀屋町,329
1995,32382,島根県,飯石郡,吉田村,329
1995,32383,島根県,飯石郡,掛合町,329
1995,32384,島根県,飯石郡,頓原町,330
1995,32385,島根県,飯石郡,赤来町,330
1995,32401,島根県,簸川郡,斐川町,324
1995,32402,島根県,簸川郡,佐田町,324
1995,32403,島根県,簸川郡,多伎町,324
1995,32404,島根県,簸川郡,湖陵町,324
1995,32405,島根県,簸川郡,大社町,324
1995,32421,島根県,邇摩郡,温泉津町,326
1995,32422,島根県,邇摩郡,仁摩町,326
1995,32441,島根県,邑智郡,川本町,331
1995,32442,島根県,邑智郡,邑智町,331
1995,32443,島根県,邑智郡,大和村,331
1995,32444,島根県,邑智郡,羽須美村,332
1995,32445,島根県,邑智郡,瑞穂町,331
1995,32446,島根県,邑智郡,石見町,331
1995,32447,島根県,邑智郡,桜江町,326
1995,32462,島根県,那賀郡,金城町,323
1995,32463,島根県,那賀郡,旭町,323
1995,32464,島根県,那賀郡,弥栄村,323
1995,32465,島根県,那賀郡,三隅町,323
1995,32481,島根県,美濃郡,美都町,325
1995,32482,島根県,美濃郡,匹見町,333
1995,32501,島根県,鹿足郡,津和野町,325
1995,32502,島根県,鹿足郡,日原町,325
1995,32503,島根県,鹿足郡,柿木村,334
1995,32504,島根県,鹿足郡,六日市町,334
1995,32521,島根県,隠岐郡,西郷町,477
1995,32522,島根県,隠岐郡,布施村,477
1995,32523,島根県,隠岐郡,五箇村,477
1995,32524,島根県,隠岐郡,都万村,477
1995,32525,島根県,隠岐郡,海士町,478
1995,32526,島根県,隠岐郡,西ノ島町,479
1995,32527,島根県,隠岐郡,知夫村,480
1995,33201,岡山県,,岡山市,335
1995,33202,岡山県,,倉敷市,336
1995,33203,岡山県,,津山市,337
1995,33204,岡山県,,玉野市,338
1995,33205,岡山県,,笠岡市,336
1995,33207,岡山県,,井原市,339
1995,33208,岡山県,,総社市,336
1995,33209,岡山県,,高梁市,340
1995,33210,岡山県,,新見市,341
1995,33211,岡山県,,備前市,335
1995,33301,岡山県,御津郡,御津町,335
1995,33303,岡山県,御津郡,建部町,342
1995,33305,岡山県,御津郡,加茂川町,343
1995,33321,岡山県,赤磐郡,瀬戸町,335
1995,33322,岡山県,赤磐郡,山陽町,335
1995,33323,岡山県,赤磐郡,赤坂町,335
1995,33324,岡山県,赤磐郡,熊山町,335
1995,33325,岡山県,赤磐郡,吉井町,337
1995,33342,岡山県,和気郡,日生町,335
1995,33344,岡山県,和気郡,吉永町,335
1995,33345,岡山県,和気郡,佐伯町,335
1995,33346,岡山県,和気郡,和気町,335
1995,33361,岡山県,邑久郡,牛窓町,335
1995,33362,岡山県,邑久郡,邑久町,335
1995,33363,岡山県,邑久郡,長船町,335
1995,33401,岡山県,児島郡,灘崎町,338
1995,33423,岡山県,都窪郡,早島町,336
1995,33427,岡山県,都窪郡,山手村,336
1995,33428,岡山県,都窪郡,清音村,336
1995,33441,岡山県,浅口郡,船穂町,336
1995,33442,岡山県,浅口郡,金光町,336
1995,33443,岡山県,浅口郡,鴨方町,336
1995,33444,岡山県,浅口郡,寄島町,336
1995,33445,岡山県,浅口郡,里庄町,336
1995,33461,岡山県,小田郡,矢掛町,339
1995,33462,岡山県,小田郡,美星町,339
1995,33481,岡山県,後月郡,芳井町,339
1995,33503,岡山県,吉備郡,真備町,336
1995,33521,岡山県,上房郡,有漢町,340
1995,33522,岡山県,上房郡,北房町,340
1995,33523,岡山県,上房郡,賀陽町,343
1995,33541,岡山県,川上郡,成羽町,340
1995,33542,岡山県,川上郡,川上町,340
1995,33543,岡山県,川上郡,備中町,340
1995,33561,岡山県,阿哲郡,大佐町,341
1995,33562,岡山県,阿哲郡,神郷町,341
1995,33563,岡山県,阿哲郡,哲多町,341
1995,33564,岡山県,阿哲郡,哲西町,341
1995,33581,岡山県,真庭郡,勝山町,344
1995,33582,岡山県,真庭郡,落合町,344
1995,33583,岡山県,真庭郡,湯原町,344
1995,33584,岡山県,真庭郡,久世町,344
1995,33585,岡山県,真庭郡,美甘村,344
1995,33586,岡山県,真庭郡,新庄村,344
1995,33587,岡山県,真庭郡,川上村,345
1995,33588,岡山県,真庭郡,八束村,345
1995,33589,岡山県,真庭郡,中和村,345
1995,33601,岡山県,苫田郡,加茂町,337
1995,33602,岡山県,苫田郡,富村,344
1995,33603,岡山県,苫田郡,奥津町,337
1995,33604,岡山県,苫田郡,上齋原村,337
1995,33605,岡山県,苫田郡,阿波村,337
1995,33606,岡山県,苫田郡,鏡野町,337
1995,33621,岡山県,勝田郡,勝田町,337
1995,33622,岡山県,勝田郡,勝央町,337
1995,33623,岡山県,勝田郡,奈義町,337
1995,33624,岡山県,勝田郡,勝北町,337
1995,33641,岡山県,英田郡,大原町,346
1995,33642,岡山県,英田郡,東粟倉村,346
1995,33643,岡山県,英田郡,西粟倉村,346
1995,33644,岡山県,英田郡,美作町,337
1995,33645,岡山県,英田郡,作東町,337
1995,33646,岡山県,英田郡,英田町,337
1995,33661,岡山県,久米郡,中央町,337
1995,33662,岡山県,久米郡,旭町,347
1995,33663,岡山県,久米郡,久米南町,342
1995,33664,岡山県,久米郡,久米町,337
1995,33665,岡山県,久米郡,柵原町,337
1995,34100,広島県,,広島市,348
1995,34202,広島県,,呉市,349
1995,34203,広島県,,竹原市,350
1995,34204,広島県,,三原市,350
1995,34205,広島県,,尾道市,351
1995,34206,広島県,,因島市,481
1995,34207,広島県,,福山市,351
1995,34208,広島県,,府中市,351
1995,34209,広島県,,三次市,352
1995,34210,広島県,,庄原市,352
1995,34211,広島県,,大竹市,353
1995,34212,広島県,,東広島市,350
1995,34213,広島県,,廿日市市,348
1995,34302,広島県,安芸郡,府中町,348
1995,34304,広島県,安芸郡,海田町,348
1995,34307,広島県,安芸郡,熊野町,348
1995,34309,広島県,安芸郡,坂町,348
1995,34310,広島県,安芸郡,江田島町,349
1995,34311,広島県,安芸郡,音戸町,349
1995,34312,広島県,安芸郡,倉橋町,349
1995,34313,広島県,安芸郡,下蒲刈町,483
1995,34314,広島県,安芸郡,蒲刈町,484
1995,34323,広島県,佐伯郡,大野町,348
1995,34324,広島県,佐伯郡,湯来町,348
1995,34325,広島県,佐伯郡,佐伯町,348
1995,34326,広島県,佐伯郡,吉和村,348
1995,34327,広島県,佐伯郡,宮島町,485
1995,34328,広島県,佐伯郡,能美町,349
1995,34329,広島県,佐伯郡,沖美町,349
1995,34330,広島県,佐伯郡,大柿町,349
1995,34361,広島県,山県郡,加計町,348
1995,34362,広島県,山県郡,筒賀村,348
1995,34363,広島県,山県郡,戸河内町,348
1995,34364,広島県,山県郡,芸北町,354
1995,34365,広島県,山県郡,大朝町,354
1995,34366,広島県,山県郡,千代田町,354
1995,34367,広島県,山県郡,豊平町,354
1995,34381,広島県,高田郡,吉田町,355
1995,34382,広島県,高田郡,八千代町,355
1995,34383,広島県,高田郡,美土里町,355
1995,34384,広島県,高田郡,高宮町,355
1995,34385,広島県,高田郡,甲田町,355
1995,34386,広島県,高田郡,向原町,355
1995,34402,広島県,賀茂郡,黒瀬町,349
1995,34405,広島県,賀茂郡,福富町,350
1995,34406,広島県,賀茂郡,豊栄町,350
1995,34407,広島県,賀茂郡,大和町,350
1995,34408,広島県,賀茂郡,河内町,350
1995,34421,広島県,豊田郡,本郷町,350
1995,34422,広島県,豊田郡,安芸津町,350
1995,34423,広島県,豊田郡,安浦町,349
1995,34424,広島県,豊田郡,川尻町,349
1995,34425,広島県,豊田郡,豊浜町,486
1995,34426,広島県,豊田郡,豊町,486
1995,34427,広島県,豊田郡,大崎町,487
1995,34428,広島県,豊田郡,東野町,487
1995,34429,広島県,豊田郡,木江町,487
1995,34430,広島県,豊田郡,瀬戸田町,481
1995,34441,広島県,御調郡,御調町,351
1995,34442,広島県,御調郡,久井町,350
1995,34444,広島県,御調郡,向島町,351
1995,34461,広島県,世羅郡,甲山町,356
1995,34462,広島県,世羅郡,世羅町,356
1995,34463,広島県,世羅郡,世羅西町,356
1995,34481,広島県,沼隈郡,内海町,488
1995,34482,広島県,沼隈郡,沼隈町,351
1995,34501,広島県,深安郡,神辺町,351
1995,34524,広島県,芦品郡,新市町,351
1995,34541,広島県,神石郡,油木町,357
1995,34542,広島県,神石郡,神石町,341
1995,34543,広島県,神石郡,豊松村,357
1995,34544,広島県,神石郡,三和町,357
1995,34561,広島県,甲奴郡,上下町,358
1995,34562,広島県,甲奴郡,総領町,358
1995,34563,広島県,甲奴郡,甲奴町,358
1995,34581,広島県,双三郡,君田村,352
1995,34582,広島県,双三郡,布野村,352
1995,34583,広島県,双三郡,作木村,332
1995,34584,広島県,双三郡,吉舎町,352
1995,34585,広島県,双三郡,三良坂町,352
1995,34586,広島県,双三郡,三和町,359
1995,34601,広島県,比婆郡,西城町,352
1995,34602,広島県,比婆郡,東城町,341
1995,34603,広島県,比婆郡,口和町,352
1995,34604,広島県,比婆郡,高野町,352
1995,34605,広島県,比婆郡,比和町,352
1995,35201,山口県,,下関市,360
1995,35202,山口県,,宇部市,361
1995,35203,山口県,,山口市,361
1995,35204,山口県,,萩市,362
1995,35205,山口県,,徳山市,363
1995,35206,山口県,,防府市,361
1995,35207,山口県,,下松市,363
1995,35208,山口県,,岩国市,353
1995,35209,山口県,,小野田市,361
1995,35210,山口県,,光市,363
1995,35211,山口県,,長門市,364
1995,35212,山口県,,柳井市,363
1995,35213,山口県,,美祢市,361
1995,35214,山口県,,新南陽市,363
1995,35301,山口県,大島郡,久賀町,365
1995,35302,山口県,大島郡,大島町,365
1995,35303,山口県,大島郡,東和町,365
1995,35304,山口県,大島郡,橘町,365
1995,35321,山口県,玖珂郡,和木町,353
1995,35322,山口県,玖珂郡,由宇町,353
1995,35323,山口県,玖珂郡,玖珂町,353
1995,35324,山口県,玖珂郡,本郷村,353
1995,35325,山口県,玖珂郡,周東町,353
1995,35326,山口県,玖珂郡,錦町,353
1995,35327,山口県,玖珂郡,大畠町,363
1995,35328,山口県,玖珂郡,美川町,353
1995,35329,山口県,玖珂郡,美和町,353
1995,35341,山口県,熊毛郡,上関町,363
1995,35342,山口県,熊毛郡,大和町,363
1995,35343,山口県,熊毛郡,田布施町,363
1995,35344,山口県,熊毛郡,平生町,363
1995,35345,山口県,熊毛郡,熊毛町,363
1995,35361,山口県,都濃郡,鹿野町,363
1995,35381,山口県,佐波郡,徳地町,361
1995,35401,山口県,吉敷郡,秋穂町,361
1995,35402,山口県,吉敷郡,小郡町,361
1995,35403,山口県,吉敷郡,阿知須町,361
1995,35421,山口県,厚狭郡,楠町,361
1995,35422,山口県,厚狭郡,山陽町,361
1995,35441,山口県,豊浦郡,菊川町,360
1995,35442,山口県,豊浦郡,豊田町,360
1995,35443,山口県,豊浦郡,豊浦町,360
1995,35444,山口県,豊浦郡,豊北町,360
1995,35461,山口県,美祢郡,美東町,361
1995,35462,山口県,美祢郡,秋芳町,361
1995,35481,山口県,大津郡,三隅町,364
1995,35482,山口県,大津郡,日置町,364
1995,35483,山口県,大津郡,油谷町,364
1995,35501,山口県,阿武郡,川上村,362
1995,35502,山口県,阿武郡,阿武町,362
1995,35503,山口県,阿武郡,田万川町,325
1995,35504,山口県,阿武郡,阿東町,361
1995,35505,山口県,阿武郡,むつみ村,362
1995,35506,山口県,阿武郡,須佐町,325
1995,35507,山口県,阿武郡,旭村,362
1995,35508,山口県,阿武郡,福栄村,362
1995,36201,徳島県,,徳島市,366
1995,36202,徳島県,,鳴門市,366
1995,36203,徳島県,,小松島市,367
1995,36204,徳島県,,阿南市,367
1995,36301,徳島県,勝浦郡,勝浦町,368
1995,36302,徳島県,勝浦郡,上勝町,368
1995,36321,徳島県,名東郡,佐那河内村,366
1995,36341,徳島県,名西郡,石井町,366
1995,36342,徳島県,名西郡,神山町,369
1995,36361,徳島県,那賀郡,那賀川町,367
1995,36362,徳島県,那賀郡,羽ノ浦町,367
1995,36363,徳島県,那賀郡,鷲敷町,367
1995,36364,徳島県,那賀郡,相生町,367
1995,36365,徳島県,那賀郡,上那賀町,370
1995,36366,徳島県,那賀郡,木沢村,370
1995,36367,徳島県,那賀郡,木頭村,370
1995,36381,徳島県,海部郡,由岐町,371
1995,36382,徳島県,海部郡,日和佐町,371
1995,36383,徳島県,海部郡,牟岐町,371
1995,36384,徳島県,海部郡,海南町,371
1995,36385,徳島県,海部郡,海部町,371
1995,36386,徳島県,海部郡,宍喰町,371
1995,36401,徳島県,板野郡,松茂町,366
1995,36402,徳島県,板野郡,北島町,366
1995,36403,徳島県,板野郡,藍住町,366
1995,36404,徳島県,板野郡,板野町,366
1995,36405,徳島県,板野郡,上板町,366
1995,36406,徳島県,板野郡,吉野町,366
1995,36407,徳島県,板野郡,土成町,366
1995,36421,徳島県,阿波郡,市場町,366
1995,36422,徳島県,阿波郡,阿波町,366
1995,36441,徳島県,麻植郡,鴨島町,366
1995,36442,徳島県,麻植郡,川島町,366
1995,36443,徳島県,麻植郡,山川町,366
1995,36444,徳島県,麻植郡,美郷村,366
1995,36461,徳島県,美馬郡,脇町,372
1995,36462,徳島県,美馬郡,美馬町,372
1995,36463,徳島県,美馬郡,半田町,372
1995,36464,徳島県,美馬郡,貞光町,372
1995,36465,徳島県,美馬郡,一宇村,372
1995,36466,徳島県,美馬郡,穴吹町,372
1995,36467,徳島県,美馬郡,木屋平村,373
1995,36481,徳島県,三好郡,三野町,374
1995,36482,徳島県,三好郡,三好町,374
1995,36483,徳島県,三好郡,池田町,374
1995,36484,徳島県,三好郡,山城町,374
1995,36485,徳島県,三好郡,井川町,374
1995,36486,徳島県,三好郡,三加茂町,374
1995,36487,徳島県,三好郡,東祖谷山村,375
1995,36488,徳島県,三好郡,西祖谷山村,374
1995,37201,香川県,,高松市,376
1995,37202,香川県,,丸亀市,377
1995,37203,香川県,,坂出市,377
1995,37204,香川県,,善通寺市,377
1995,37205,香川県,,観音寺市,378
1995,37301,香川県,大川郡,引田町,376
1995,37302,香川県,大川郡,白鳥町,376
1995,37303,香川県,大川郡,大内町,376
1995,37304,香川県,大川郡,津田町,376
1995,37305,香川県,大川郡,大川町,376
1995,37306,香川県,大川郡,志度町,376
1995,37307,香川県,大川郡,寒川町,376
1995,37308,香川県,大川郡,長尾町,376
1995,37321,香川県,小豆郡,内海町,489
1995,37322,香川県,小豆郡,土庄町,489
1995,37323,香川県,小豆郡,池田町,489
1995,37341,香川県,木田郡,三木町,376
1995,37342,香川県,木田郡,牟礼町,376
1995,37343,香川県,木田郡,庵治町,376
1995,37361,香川県,香川郡,塩江町,376
1995,37362,香川県,香川郡,香川町,376
1995,37363,香川県,香川郡,香南町,376
1995,37364,香川県,香川郡,直島町,490
1995,37381,香川県,綾歌郡,綾上町,376
1995,37382,香川県,綾歌郡,綾南町,376
1995,37383,香川県,綾歌郡,国分寺町,376
1995,37384,香川県,綾歌郡,綾歌町,377
1995,37385,香川県,綾歌郡,飯山町,377
1995,37386,香川県,綾歌郡,宇多津町,377
1995,37401,香川県,仲多度郡,琴南町,377
1995,37402,香川県,仲多度郡,満濃町,377
1995,37403,香川県,仲多度郡,琴平町,377
1995,37404,香川県,仲多度郡,多度津町,377
1995,37405,香川県,仲多度郡,仲南町,377
1995,37421,香川県,三豊郡,高瀬町,378
1995,37422,香川県,三豊郡,山本町,378
1995,37423,香川県,三豊郡,三野町,378
1995,37424,香川県,三豊郡,大野原町,378
1995,37425,香川県,三豊郡,豊中町,378
1995,37426,香川県,三豊郡,詫間町,378
1995,37427,香川県,三豊郡,仁尾町,378
1995,37428,香川県,三豊郡,豊浜町,378
1995,37429,香川県,三豊郡,財田町,378
1995,38201,愛媛県,,松山市,379
1995,38202,愛媛県,,今治市,380
1995,38203,愛媛県,,宇和島市,381
1995,38204,愛媛県,,八幡浜市,382
1995,38205,愛媛県,,新居浜市,383
1995,38206,愛媛県,,西条市,384
1995,38207,愛媛県,,大洲市,385
1995,38208,愛媛県,,川之江市,383
1995,38209,愛媛県,,伊予三島市,383
1995,38210,愛媛県,,伊予市,379
1995,38211,愛媛県,,北条市,379
1995,38212,愛媛県,,東予市,384
1995,38301,愛媛県,宇摩郡,新宮村,383
1995,38302,愛媛県,宇摩郡,土居町,383
1995,38303,愛媛県,宇摩郡,別子山村,383
1995,38321,愛媛県,周桑郡,小松町,384
1995,38323,愛媛県,周桑郡,丹原町,384
1995,38341,愛媛県,越智郡,朝倉村,380
1995,38342,愛媛県,越智郡,玉川町,380
1995,38343,愛媛県,越智郡,波方町,380
1995,38344,愛媛県,越智郡,大西町,380
1995,38345,愛媛県,越智郡,菊間町,380
1995,38346,愛媛県,越智郡,吉海町,491
1995,38347,愛媛県,越智郡,宮窪町,491
1995,38348,愛媛県,越智郡,伯方町,492
1995,38349,愛媛県,越智郡,魚島村,493
1995,38350,愛媛県,越智郡,弓削町,494
1995,38351,愛媛県,越智郡,生名村,495
1995,38352,愛媛県,越智郡,岩城村,496
1995,38353,愛媛県,越智郡,上浦町,482
1995,38354,愛媛県,越智郡,大三島町,482
1995,38355,愛媛県,越智郡,関前村,497
1995,38361,愛媛県,温泉郡,重信町,379
1995,38362,愛媛県,温泉郡,川内町,379
1995,38363,愛媛県,温泉郡,中島町,498
1995,38381,愛媛県,上浮穴郡,久万町,386
1995,38382,愛媛県,上浮穴郡,面河村,386
1995,38383,愛媛県,上浮穴郡,美川村,386
1995,38384,愛媛県,上浮穴郡,柳谷村,386
1995,38385,愛媛県,上浮穴郡,小田町,387
1995,38401,愛媛県,伊予郡,松前町,379
1995,38402,愛媛県,伊予郡,砥部町,379
1995,38403,愛媛県,伊予郡,広田村,388
1995,38404,愛媛県,伊予郡,中山町,379
1995,38405,愛媛県,伊予郡,双海町,379
1995,38421,愛媛県,喜多郡,長浜町,385
1995,38422,愛媛県,喜多郡,内子町,385
1995,38423,愛媛県,喜多郡,五十崎町,385
1995,38424,愛媛県,喜多郡,肱川町,385
1995,38425,愛媛県,喜多郡,河辺村,385
1995,38441,愛媛県,西宇和郡,保内町,382
1995,38442,愛媛県,西宇和郡,伊方町,382
1995,38443,愛媛県,西宇和郡,瀬戸町,382
1995,38444,愛媛県,西宇和郡,三崎町,382
1995,38445,愛媛県,西宇和郡,三瓶町,382
1995,38461,愛媛県,東宇和郡,明浜町,389
1995,38462,愛媛県,東宇和郡,宇和町,389
1995,38463,愛媛県,東宇和郡,野村町,389
1995,38464,愛媛県,東宇和郡,城川町,389
1995,38481,愛媛県,北宇和郡,吉田町,381
1995,38482,愛媛県,北宇和郡,三間町,381
1995,38483,愛媛県,北宇和郡,広見町,381
1995,38484,愛媛県,北宇和郡,松野町,381
1995,38485,愛媛県,北宇和郡,日吉村,381
1995,38486,愛媛県,北宇和郡,津島町,390
1995,38501,愛媛県,南宇和郡,内海村,390
1995,38502,愛媛県,南宇和郡,御荘町,390
1995,38503,愛媛県,南宇和郡,城辺町,390
1995,38504,愛媛県,南宇和郡,一本松町,390
1995,38505,愛媛県,南宇和郡,西海町,390
1995,39201,高知県,,高知市,391
1995,39202,高知県,,室戸市,392
1995,39203,高知県,,安芸市,392
1995,39204,高知県,,南国市,391
1995,39205,高知県,,土佐市,391
1995,39206,高知県,,須崎市,393
1995,39207,高知県,,中村市,394
1995,39208,高知県,,宿毛市,394
1995,39209,高知県,,土佐清水市,395
1995,39301,高知県,安芸郡,東洋町,392
1995,39302,高知県,安芸郡,奈半利町,392
1995,39303,高知県,安芸郡,田野町,392
1995,39304,高知県,安芸郡,安田町,392
1995,39305,高知県,安芸郡,北川村,392
1995,39306,高知県,安芸郡,馬路村,392
1995,39307,高知県,安芸郡,芸西村,392
1995,39321,高知県,香美郡,赤岡町,391
1995,39322,高知県,香美郡,香我美町,391
1995,39323,高知県,香美郡,土佐山田町,391
1995,39324,高知県,香美郡,野市町,391
1995,39325,高知県,香美郡,夜須町,391
1995,39326,高知県,香美郡,香北町,391
1995,39327,高知県,香美郡,吉川村,391
1995,39328,高知県,香美郡,物部村,391
1995,39341,高知県,長岡郡,本山町,396
1995,39344,高知県,長岡郡,大豊町,396
1995,39361,高知県,土佐郡,鏡村,391
1995,39362,高知県,土佐郡,土佐山村,391
1995,39363,高知県,土佐郡,土佐町,396
1995,39364,高知県,土佐郡,大川村,396
1995,39365,高知県,土佐郡,本川村,396
1995,39381,高知県,吾川郡,伊野町,391
1995,39382,高知県,吾川郡,池川町,397
1995,39383,高知県,吾川郡,春野町,391
1995,39384,高知県,吾川郡,吾川村,397
1995,39385,高知県,吾川郡,吾北村,396
1995,39401,高知県,高岡郡,中土佐町,393
1995,39402,高知県,高岡郡,佐川町,397
1995,39403,高知県,高岡郡,越知町,397
1995,39404,高知県,高岡郡,窪川町,398
1995,39405,高知県,高岡郡,檮原町,399
1995,39406,高知県,高岡郡,大野見村,398
1995,39407,高知県,高岡郡,東津野村,399
1995,39408,高知県,高岡郡,葉山村,393
1995,39409,高知県,高岡郡,仁淀村,397
1995,39410,高知県,高岡郡,日高村,391
1995,39421,高知県,幡多郡,佐賀町,394
1995,39422,高知県,幡多郡,大正町,398
1995,39423,高知県,幡多郡,大方町,394
1995,39424,高知県,幡多郡,大月町,394
1995,39425,高知県,幡多郡,十和村,398
1995,39426,高知県,幡多郡,西土佐村,400
1995,39427,高知県,幡多郡,三原村,394
1995,40100,福岡県,,北九州市,401
1995,40130,福岡県,,福岡市,402
1995,40202,福岡県,,大牟田市,403
1995,40203,福岡県,,久留米市,404
1995,40204,福岡県,,直方市,401
1995,40205,福岡県,,飯塚市,405
1995,40206,福岡県,,田川市,406
1995,40207,福岡県,,柳川市,407
1995,40208,福岡県,,山田市,405
1995,40209,福岡県,,甘木市,408
1995,40210,福岡県,,八女市,404
1995,40211,福岡県,,筑後市,404
1995,40212,福岡県,,大川市,407
1995,40213,福岡県,,行橋市,401
1995,40214,福岡県,,豊前市,409
1995,40215,福岡県,,中間市,401
1995,40216,福岡県,,小郡市,408
1995,40217,福岡県,,筑紫野市,402
1995,40218,福岡県,,春日市,402
1995,40219,福岡県,,大野城市,402
1995,40220,福岡県,,宗像市,402
1995,40221,福岡県,,太宰府市,402
1995,40222,福岡県,,前原市,402
1995,40305,福岡県,筑紫郡,那珂川町,402
1995,40341,福岡県,糟屋郡,宇美町,402
1995,40342,福岡県,糟屋郡,篠栗町,402
1995,40343,福岡県,糟屋郡,志免町,402
1995,40344,福岡県,糟屋郡,須恵町,402
1995,40345,福岡県,糟屋郡,新宮町,402
1995,40347,福岡県,糟屋郡,古賀町,402
1995,40348,福岡県,糟屋郡,久山町,402
1995,40349,福岡県,糟屋郡,粕屋町,402
1995,40362,福岡県,宗像郡,福間町,402
1995,40363,福岡県,宗像郡,津屋崎町,402
1995,40364,福岡県,宗像郡,玄海町,402
1995,40365,福岡県,宗像郡,大島村,499
1995,40381,福岡県,遠賀郡,芦屋町,401
1995,40382,福岡県,遠賀郡,水巻町,401
1995,40383,福岡県,遠賀郡,岡垣町,401
1995,40384,福岡県,遠賀郡,遠賀町,401
1995,40401,福岡県,鞍手郡,小竹町,401
1995,40402,福岡県,鞍手郡,鞍手町,401
1995,40403,福岡県,鞍手郡,宮田町,401
1995,40404,福岡県,鞍手郡,若宮町,401
1995,40421,福岡県,嘉穂郡,桂川町,405
1995,40422,福岡県,嘉穂郡,稲築町,405
1995,40423,福岡県,嘉穂郡,碓井町,405
1995,40424,福岡県,嘉穂郡,嘉穂町,405
1995,40425,福岡県,嘉穂郡,筑穂町,405
1995,40426,福岡県,嘉穂郡,穂波町,405
1995,40427,福岡県,嘉穂郡,庄内町,405
1995,40428,福岡県,嘉穂郡,頴田町,405
1995,40441,福岡県,朝倉郡,杷木町,408
1995,40442,福岡県,朝倉郡,朝倉町,408
1995,40443,福岡県,朝倉郡,三輪町,408
1995,40444,福岡県,朝倉郡,夜須町,402
1995,40445,福岡県,朝倉郡,小石原村,408
1995,40446,福岡県,朝倉郡,宝珠山村,408
1995,40462,福岡県,糸島郡,二丈町,402
1995,40463,福岡県,糸島郡,志摩町,402
1995,40481,福岡県,浮羽郡,吉井町,408
1995,40482,福岡県,浮羽郡,田主丸町,408
1995,40483,福岡県,浮羽郡,浮羽町,408
1995,40501,福岡県,三井郡,北野町,404
1995,40503,福岡県,三井郡,大刀洗町,408
1995,40521,福岡県,三潴郡,城島町,407
1995,40522,福岡県,三潴郡,大木町,407
1995,40523,福岡県,三潴郡,三潴町,404
1995,40541,福岡県,八女郡,黒木町,404
1995,40542,福岡県,八女郡,上陽町,404
1995,40543,福岡県,八女郡,立花町,404
1995,40544,福岡県,八女郡,広川町,404
1995,40545,福岡県,八女郡,矢部村,404
1995,40546,福岡県,八女郡,星野村,404
1995,40561,福岡県,山門郡,瀬高町,407
1995,40562,福岡県,山門郡,大和町,407
1995,40563,福岡県,山門郡,三橋町,407
1995,40564,福岡県,山門郡,山川町,407
1995,40581,福岡県,三池郡,高田町,403
1995,40601,福岡県,田川郡,香春町,406
1995,40602,福岡県,田川郡,添田町,406
1995,40603,福岡県,田川郡,金田町,406
1995,40604,福岡県,田川郡,糸田町,406
1995,40605,福岡県,田川郡,川崎町,406
1995,40606,福岡県,田川郡,赤池町,406
1995,40607,福岡県,田川郡,方城町,406
1995,40608,福岡県,田川郡,大任町,406
1995,40609,福岡県,田川郡,赤村,406
1995,40621,福岡県,京都郡,苅田町,401
1995,40622,福岡県,京都郡,犀川町,401
1995,40623,福岡県,京都郡,勝山町,401
1995,40624,福岡県,京都郡,豊津町,401
1995,40641,福岡県,築上郡,椎田町,401
1995,40642,福岡県,築上郡,吉富町,409
1995,40643,福岡県,築上郡,築城町,401
1995,40644,福岡県,築上郡,新吉富村,409
1995,40645,福岡県,築上郡,大平村,409
1995,41201,佐賀県,,佐賀市,410
1995,41202,佐賀県,,唐津市,411
1995,41203,佐賀県,,鳥栖市,412
1995,41204,佐賀県,,多久市,410
1995,41205,佐賀県,,伊万里市,413
1995,41206,佐賀県,,武雄市,414
1995,41207,佐賀県,,鹿島市,414
1995,41301,佐賀県,佐賀郡,諸富町,407
1995,41302,佐賀県,佐賀郡,川副町,410
1995,41303,佐賀県,佐賀郡,東与賀町,410
1995,41304,佐賀県,佐賀郡,久保田町,410
1995,41305,佐賀県,佐賀郡,大和町,410
1995,41306,佐賀県,佐賀郡,富士町,410
1995,41321,佐賀県,神埼郡,神埼町,412
1995,41322,佐賀県,神埼郡,千代田町,410
1995,41323,佐賀県,神埼郡,三田川町,412
1995,41324,佐賀県,神埼郡,東脊振村,412
1995,41325,佐賀県,神埼郡,脊振村,412
1995,41326,佐賀県,神埼郡,三瀬村,410
1995,41341,佐賀県,三養基郡,基山町,412
1995,41342,佐賀県,三養基郡,中原町,412
1995,41343,佐賀県,三養基郡,北茂安町,412
1995,41344,佐賀県,三養基郡,三根町,412
1995,41345,佐賀県,三養基郡,上峰町,412
1995,41361,佐賀県,小城郡,小城町,410
1995,41362,佐賀県,小城郡,三日月町,410
1995,41363,佐賀県,小城郡,牛津町,410
1995,41364,佐賀県,小城郡,芦刈町,410
1995,41381,佐賀県,東松浦郡,浜玉町,411
1995,41382,佐賀県,東松浦郡,七山村,411
1995,41383,佐賀県,東松浦郡,厳木町,410
1995,41384,佐賀県,東松浦郡,相知町,411
1995,41385,佐賀県,東松浦郡,北波多村,411
1995,41386,佐賀県,東松浦郡,肥前町,411
1995,41387,佐賀県,東松浦郡,玄海町,411
1995,41388,佐賀県,東松浦郡,鎮西町,411
1995,41389,佐賀県,東松浦郡,呼子町,411
1995,41401,佐賀県,西松浦郡,有田町,413
1995,41402,佐賀県,西松浦郡,西有田町,413
1995,41421,佐賀県,杵島郡,山内町,413
1995,41422,佐賀県,杵島郡,北方町,414
1995,41423,佐賀県,杵島郡,大町町,414
1995,41424,佐賀県,杵島郡,江北町,414
1995,41425,佐賀県,杵島郡,白石町,414
1995,41426,佐賀県,杵島郡,福富町,414
1995,41427,佐賀県,杵島郡,有明町,414
1995,41441,佐賀県,藤津郡,太良町,414
1995,41442,佐賀県,藤津郡,塩田町,414
1995,41443,佐賀県,藤津郡,嬉野町,414
1995,42201,長崎県,,長崎市,415
1995,42202,長崎県,,佐世保市,416
1995,42203,長崎県,,島原市,417
1995,42204,長崎県,,諫早市,418
1995,42205,長崎県,,大村市,419
1995,42206,長崎県,,福江市,500
1995,42207,長崎県,,平戸市,501
1995,42208,長崎県,,松浦市,416
1995,42301,長崎県,西彼杵郡,香焼町,415
1995,42302,長崎県,西彼杵郡,伊王島町,502
1995,42303,長崎県,西彼杵郡,高島町,503
1995,42304,長崎県,西彼杵郡,野母崎町,415
1995,42305,長崎県,西彼杵郡,三和町,415
1995,42306,長崎県,西彼杵郡,多良見町,415
1995,42307,長崎県,西彼杵郡,長与町,415
1995,42308,長崎県,西彼杵郡,時津町,415
1995,42309,長崎県,西彼杵郡,琴海町,415
1995,42310,長崎県,西彼杵郡,西彼町,420
1995,42311,長崎県,西彼杵郡,西海町,420
1995,42312,長崎県,西彼杵郡,大島町,504
1995,42313,長崎県,西彼杵郡,崎戸町,505
1995,42314,長崎県,西彼杵郡,大瀬戸町,420
1995,42315,長崎県,西彼杵郡,外海町,415
1995,42321,長崎県,東彼杵郡,東彼杵町,419
1995,42322,長崎県,東彼杵郡,川棚町,419
1995,42323,長崎県,東彼杵郡,波佐見町,419
1995,42341,長崎県,北高来郡,森山町,418
1995,42342,長崎県,北高来郡,飯盛町,418
1995,42343,長崎県,北高来郡,高来町,418
1995,42344,長崎県,北高来郡,小長井町,418
1995,42361,長崎県,南高来郡,有明町,417
1995,42362,長崎県,南高来郡,国見町,417
1995,42363,長崎県,南高来郡,瑞穂町,417
1995,42364,長崎県,南高来郡,吾妻町,418
1995,42365,長崎県,南高来郡,愛野町,418
1995,42366,長崎県,南高来郡,千々石町,418
1995,42367,長崎県,南高来郡,小浜町,418
1995,42368,長崎県,南高来郡,南串山町,418
1995,42369,長崎県,南高来郡,加津佐町,421
1995,42370,長崎県,南高来郡,口之津町,421
1995,42371,長崎県,南高来郡,南有馬町,421
1995,42372,長崎県,南高来郡,北有馬町,421
1995,42373,長崎県,南高来郡,西有家町,421
1995,42374,長崎県,南高来郡,有家町,421
1995,42375,長崎県,南高来郡,布津町,417
1995,42376,長崎県,南高来郡,深江町,417
1995,42381,長崎県,北松浦郡,大島村,506
1995,42382,長崎県,北松浦郡,生月町,507
1995,42383,長崎県,北松浦郡,小値賀町,508
1995,42384,長崎県,北松浦郡,宇久町,509
1995,42385,長崎県,北松浦郡,田平町,416
1995,42386,長崎県,北松浦郡,福島町,510
1995,42387,長崎県,北松浦郡,鷹島町,511
1995,42388,長崎県,北松浦郡,江迎町,416
1995,42389,長崎県,北松浦郡,鹿町町,416
1995,42390,長崎県,北松浦郡,小佐々町,416
1995,42391,長崎県,北松浦郡,佐々町,416
1995,42392,長崎県,北松浦郡,吉井町,416
1995,42393,長崎県,北松浦郡,世知原町,416
1995,42401,長崎県,南松浦郡,富江町,500
1995,42402,長崎県,南松浦郡,玉之浦町,500
1995,42403,長崎県,南松浦郡,三井楽町,500
1995,42404,長崎県,南松浦郡,岐宿町,500
1995,42405,長崎県,南松浦郡,奈留町,512
1995,42406,長崎県,南松浦郡,若松町,513
1995,42407,長崎県,南松浦郡,上五島町,513
1995,42408,長崎県,南松浦郡,新魚目町,513
1995,42409,長崎県,南松浦郡,有川町,513
1995,42410,長崎県,南松浦郡,奈良尾町,513
1995,42421,長崎県,壱岐郡,郷ノ浦町,514
1995,42422,長崎県,壱岐郡,勝本町,514
1995,42423,長崎県,壱岐郡,芦辺町,514
1995,42424,長崎県,壱岐郡,石田町,514
1995,42441,長崎県,対馬支庁,厳原町,515
1995,42442,長崎県,対馬支庁,美津島町,515
1995,42443,長崎県,対馬支庁,豊玉町,515
1995,42444,長崎県,対馬支庁,峰町,515
1995,42445,長崎県,対馬支庁,上県町,516
1995,42446,長崎県,対馬支庁,上対馬町,516
1995,43201,熊本県,,熊本市,422
1995,43202,熊本県,,八代市,423
1995,43203,熊本県,,人吉市,424
1995,43204,熊本県,,荒尾市,403
1995,43205,熊本県,,水俣市,425
1995,43206,熊本県,,玉名市,403
1995,43207,熊本県,,本渡市,517
1995,43208,熊本県,,山鹿市,426
1995,43209,熊本県,,牛深市,518
1995,43210,熊本県,,菊池市,422
1995,43211,熊本県,,宇土市,422
1995,43321,熊本県,宇土郡,三角町,427
1995,43322,熊本県,宇土郡,不知火町,422
1995,43341,熊本県,下益城郡,城南町,422
1995,43342,熊本県,下益城郡,富合町,422
1995,43343,熊本県,下益城郡,松橋町,422
1995,43344,熊本県,下益城郡,小川町,422
1995,43345,熊本県,下益城郡,豊野村,422
1995,43346,熊本県,下益城郡,中央町,422
1995,43347,熊本県,下益城郡,砥用町,422
1995,43361,熊本県,玉名郡,岱明町,403
1995,43362,熊本県,玉名郡,横島町,403
1995,43363,熊本県,玉名郡,天水町,403
1995,43364,熊本県,玉名郡,玉東町,403
1995,43365,熊本県,玉名郡,菊水町,403
1995,43366,熊本県,玉名郡,三加和町,403
1995,43367,熊本県,玉名郡,南関町,403
1995,43368,熊本県,玉名郡,長洲町,403
1995,43381,熊本県,鹿本郡,鹿北町,426
1995,43382,熊本県,鹿本郡,菊鹿町,426
1995,43383,熊本県,鹿本郡,鹿本町,426
1995,43384,熊本県,鹿本郡,鹿央町,426
1995,43385,熊本県,鹿本郡,植木町,426
1995,43401,熊本県,菊池郡,七城町,422
1995,43402,熊本県,菊池郡,旭志村,422
1995,43403,熊本県,菊池郡,大津町,422
1995,43404,熊本県,菊池郡,菊陽町,422
1995,43405,熊本県,菊池郡,合志町,422
1995,43406,熊本県,菊池郡,泗水町,422
1995,43407,熊本県,菊池郡,西合志町,422
1995,43421,熊本県,阿蘇郡,一の宮町,428
1995,43422,熊本県,阿蘇郡,阿蘇町,428
1995,43423,熊本県,阿蘇郡,南小国町,429
1995,43424,熊本県,阿蘇郡,小国町,429
1995,43425,熊本県,阿蘇郡,産山村,428
1995,43426,熊本県,阿蘇郡,波野村,428
1995,43427,熊本県,阿蘇郡,蘇陽町,430
1995,43428,熊本県,阿蘇郡,高森町,428
1995,43429,熊本県,阿蘇郡,白水村,428
1995,43430,熊本県,阿蘇郡,久木野村,428
1995,43431,熊本県,阿蘇郡,長陽村,428
1995,43432,熊本県,阿蘇郡,西原村,422
1995,43441,熊本県,上益城郡,御船町,422
1995,43442,熊本県,上益城郡,嘉島町,422
1995,43443,熊本県,上益城郡,益城町,422
1995,43444,熊本県,上益城郡,甲佐町,422
1995,43445,熊本県,上益城郡,矢部町,431
1995,43446,熊本県,上益城郡,清和村,431
1995,43461,熊本県,八代郡,坂本村,423
1995,43462,熊本県,八代郡,千丁町,423
1995,43463,熊本県,八代郡,鏡町,423
1995,43464,熊本県,八代郡,竜北町,423
1995,43465,熊本県,八代郡,宮原町,423
1995,43466,熊本県,八代郡,東陽村,423
1995,43467,熊本県,八代郡,泉村,423
1995,43481,熊本県,葦北郡,田浦町,425
1995,43482,熊本県,葦北郡,芦北町,425
1995,43484,熊本県,葦北郡,津奈木町,425
1995,43501,熊本県,球磨郡,錦町,424
1995,43502,熊本県,球磨郡,上村,424
1995,43503,熊本県,球磨郡,免田町,424
1995,43504,熊本県,球磨郡,岡原村,424
1995,43505,熊本県,球磨郡,多良木町,424
1995,43506,熊本県,球磨郡,湯前町,424
1995,43507,熊本県,球磨郡,水上村,424
1995,43508,熊本県,球磨郡,須恵村,424
1995,43509,熊本県,球磨郡,深田村,424
1995,43510,熊本県,球磨郡,相良村,424
1995,43511,熊本県,球磨郡,五木村,432
1995,43512,熊本県,球磨郡,山江村,424
1995,43513,熊本県,球磨郡,球磨村,424
1995,43521,熊本県,天草郡,大矢野町,427
1995,43522,熊本県,天草郡,松島町,519
1995,43523,熊本県,天草郡,有明町,517
1995,43524,熊本県,天草郡,姫戸町,519
1995,43525,熊本県,天草郡,龍ヶ岳町,519
1995,43526,熊本県,天草郡,御所浦町,520
1995,43527,熊本県,天草郡,倉岳町,519
1995,43528,熊本県,天草郡,栖本町,517
1995,43529,熊本県,天草郡,新和町,517
1995,43530,熊本県,天草郡,五和町,517
1995,43531,熊本県,天草郡,苓北町,517
1995,43532,熊本県,天草郡,天草町,517
1995,43533,熊本県,天草郡,河浦町,518
1995,44201,大分県,,大分市,433
1995,44202,大分県,,別府市,434
1995,44203,大分県,,中津市,409
1995,44204,大分県,,日田市,435
1995,44205,大分県,,佐伯市,436
1995,44206,大分県,,臼杵市,433
1995,44207,大分県,,津久見市,433
1995,44208,大分県,,竹田市,437
1995,44209,大分県,,豊後高田市,438
1995,44210,大分県,,杵築市,434
1995,44211,大分県,,宇佐市,438
1995,44301,大分県,西国東郡,大田村,438
1995,44302,大分県,西国東郡,真玉町,438
1995,44303,大分県,西国東郡,香々地町,438
1995,44321,大分県,東国東郡,国見町,439
1995,44322,大分県,東国東郡,姫島村,521
1995,44323,大分県,東国東郡,国東町,434
1995,44324,大分県,東国東郡,武蔵町,434
1995,44325,大分県,東国東郡,安岐町,434
1995,44341,大分県,速見郡,日出町,434
1995,44342,大分県,速見郡,山香町,434
1995,44361,大分県,大分郡,野津原町,433
1995,44362,大分県,大分郡,挾間町,433
1995,44363,大分県,大分郡,庄内町,433
1995,44364,大分県,大分郡,湯布院町,433
1995,44381,大分県,北海部郡,佐賀関町,433
1995,44401,大分県,南海部郡,上浦町,436
1995,44402,大分県,南海部郡,弥生町,436
1995,44403,大分県,南海部郡,本匠村,436
1995,44404,大分県,南海部郡,宇目町,436
1995,44405,大分県,南海部郡,直川村,436
1995,44406,大分県,南海部郡,鶴見町,436
1995,44407,大分県,南海部郡,米水津村,436
1995,44408,大分県,南海部郡,蒲江町,436
1995,44421,大分県,大野郡,野津町,433
1995,44422,大分県,大野郡,三重町,440
1995,44423,大分県,大野郡,清川村,440
1995,44424,大分県,大野郡,緒方町,440
1995,44425,大分県,大野郡,朝地町,440
1995,44426,大分県,大野郡,大野町,440
1995,44427,大分県,大野郡,千歳村,440
1995,44428,大分県,大野郡,犬飼町,433
1995,44441,大分県,直入郡,荻町,437
1995,44442,大分県,直入郡,久住町,437
1995,44443,大分県,直入郡,直入町,437
1995,44461,大分県,玖珠郡,九重町,441
1995,44462,大分県,玖珠郡,玖珠町,441
1995,44481,大分県,日田郡,前津江村,435
1995,44482,大分県,日田郡,中津江村,435
1995,44483,大分県,日田郡,上津江村,435
1995,44484,大分県,日田郡,大山町,435
1995,44485,大分県,日田郡,天瀬町,435
1995,44501,大分県,下毛郡,三光村,409
1995,44502,大分県,下毛郡,本耶馬溪町,409
1995,44503,大分県,下毛郡,耶馬溪町,409
1995,44504,大分県,下毛郡,山国町,409
1995,44521,大分県,宇佐郡,院内町,438
1995,44522,大分県,宇佐郡,安心院町,438
1995,45201,宮崎県,,宮崎市,442
1995,45202,宮崎県,,都城市,443
1995,45203,宮崎県,,延岡市,444
1995,45204,宮崎県,,日南市,445
1995,45205,宮崎県,,小林市,446
1995,45206,宮崎県,,日向市,447
1995,45207,宮崎県,,串間市,445
1995,45208,宮崎県,,西都市,442
1995,45209,宮崎県,,えびの市,448
1995,45301,宮崎県,宮崎郡,清武町,442
1995,45302,宮崎県,宮崎郡,田野町,442
1995,45303,宮崎県,宮崎郡,佐土原町,442
1995,45321,宮崎県,南那珂郡,北郷町,445
1995,45322,宮崎県,南那珂郡,南郷町,445
1995,45341,宮崎県,北諸県郡,三股町,443
1995,45342,宮崎県,北諸県郡,山之口町,443
1995,45343,宮崎県,北諸県郡,高城町,443
1995,45344,宮崎県,北諸県郡,山田町,443
1995,45345,宮崎県,北諸県郡,高崎町,443
1995,45361,宮崎県,西諸県郡,高原町,446
1995,45362,宮崎県,西諸県郡,野尻町,446
1995,45363,宮崎県,西諸県郡,須木村,446
1995,45381,宮崎県,東諸県郡,高岡町,442
1995,45382,宮崎県,東諸県郡,国富町,442
1995,45383,宮崎県,東諸県郡,綾町,442
1995,45401,宮崎県,児湯郡,高鍋町,442
1995,45402,宮崎県,児湯郡,新富町,442
1995,45403,宮崎県,児湯郡,西米良村,449
1995,45404,宮崎県,児湯郡,木城町,442
1995,45405,宮崎県,児湯郡,川南町,442
1995,45406,宮崎県,児湯郡,都農町,442
1995,45421,宮崎県,東臼杵郡,門川町,447
1995,45422,宮崎県,東臼杵郡,東郷町,447
1995,45423,宮崎県,東臼杵郡,南郷村,447
1995,45424,宮崎県,東臼杵郡,西郷村,447
1995,45425,宮崎県,東臼杵郡,北郷村,450
1995,45426,宮崎県,東臼杵郡,北方町,444
1995,45427,宮崎県,東臼杵郡,北川町,444
1995,45428,宮崎県,東臼杵郡,北浦町,444
1995,45429,宮崎県,東臼杵郡,諸塚村,447
1995,45430,宮崎県,東臼杵郡,椎葉村,451
1995,45441,宮崎県,西臼杵郡,高千穂町,430
1995,45442,宮崎県,西臼杵郡,日之影町,430
1995,45443,宮崎県,西臼杵郡,五ヶ瀬町,430
1995,46201,鹿児島県,,鹿児島市,452
1995,46202,鹿児島県,,川内市,453
1995,46203,鹿児島県,,鹿屋市,454
1995,46204,鹿児島県,,枕崎市,455
1995,46205,鹿児島県,,串木野市,452
1995,46206,鹿児島県,,阿久根市,456
1995,46207,鹿児島県,,名瀬市,522
1995,46208,鹿児島県,,出水市,456
1995,46209,鹿児島県,,大口市,448
1995,46210,鹿児島県,,指宿市,457
1995,46211,鹿児島県,,加世田市,455
1995,46212,鹿児島県,,国分市,458
1995,46213,鹿児島県,,西之表市,524
1995,46214,鹿児島県,,垂水市,459
1995,46301,鹿児島県,鹿児島郡,吉田町,452
1995,46302,鹿児島県,鹿児島郡,桜島町,452
1995,46303,鹿児島県,鹿児島郡,三島村,525
1995,46304,鹿児島県,鹿児島郡,十島村,526
1995,46321,鹿児島県,揖宿郡,喜入町,452
1995,46322,鹿児島県,揖宿郡,山川町,457
1995,46323,鹿児島県,揖宿郡,頴娃町,457
1995,46324,鹿児島県,揖宿郡,開聞町,457
1995,46341,鹿児島県,川辺郡,笠沙町,455
1995,46342,鹿児島県,川辺郡,大浦町,455
1995,46343,鹿児島県,川辺郡,坊津町,455
1995,46344,鹿児島県,川辺郡,知覧町,455
1995,46345,鹿児島県,川辺郡,川辺町,455
1995,46361,鹿児島県,日置郡,市来町,452
1995,46362,鹿児島県,日置郡,東市来町,452
1995,46363,鹿児島県,日置郡,伊集院町,452
1995,46364,鹿児島県,日置郡,松元町,452
1995,46365,鹿児島県,日置郡,郡山町,452
1995,46366,鹿児島県,日置郡,日吉町,452
1995,46367,鹿児島県,日置郡,吹上町,452
1995,46368,鹿児島県,日置郡,金峰町,455
1995,46381,鹿児島県,薩摩郡,樋脇町,453
1995,46382,鹿児島県,薩摩郡,入来町,453
1995,46383,鹿児島県,薩摩郡,東郷町,453
1995,46384,鹿児島県,薩摩郡,宮之城町,453
1995,46385,鹿児島県,薩摩郡,鶴田町,453
1995,46386,鹿児島県,薩摩郡,薩摩町,453
1995,46387,鹿児島県,薩摩郡,祁答院町,453
1995,46388,鹿児島県,薩摩郡,里村,527
1995,46389,鹿児島県,薩摩郡,上甑村,527
1995,46390,鹿児島県,薩摩郡,下甑村,528
1995,46391,鹿児島県,薩摩郡,鹿島村,528
1995,46401,鹿児島県,出水郡,野田町,456
1995,46402,鹿児島県,出水郡,高尾野町,456
1995,46403,鹿児島県,出水郡,東町,456
1995,46404,鹿児島県,出水郡,長島町,456
1995,46421,鹿児島県,伊佐郡,菱刈町,448
1995,46441,鹿児島県,姶良郡,加治木町,458
1995,46442,鹿児島県,姶良郡,姶良町,458
1995,46443,鹿児島県,姶良郡,蒲生町,458
1995,46444,鹿児島県,姶良郡,溝辺町,458
1995,46445,鹿児島県,姶良郡,横川町,448
1995,46446,鹿児島県,姶良郡,栗野町,448
1995,46447,鹿児島県,姶良郡,吉松町,448
1995,46448,鹿児島県,姶良郡,牧園町,448
1995,46449,鹿児島県,姶良郡,霧島町,458
1995,46450,鹿児島県,姶良郡,隼人町,458
1995,46451,鹿児島県,姶良郡,福山町,458
1995,46461,鹿児島県,曽於郡,大隅町,460
1995,46462,鹿児島県,曽於郡,輝北町,460
1995,46463,鹿児島県,曽於郡,財部町,443
1995,46464,鹿児島県,曽於郡,末吉町,460
1995,46465,鹿児島県,曽於郡,松山町,460
1995,46466,鹿児島県,曽於郡,志布志町,460
1995,46467,鹿児島県,曽於郡,有明町,460
1995,46468,鹿児島県,曽於郡,大崎町,460
1995,46481,鹿児島県,肝属郡,串良町,454
1995,46482,鹿児島県,肝属郡,東串良町,454
1995,46483,鹿児島県,肝属郡,内之浦町,454
1995,46484,鹿児島県,肝属郡,高山町,454
1995,46485,鹿児島県,肝属郡,吾平町,454
1995,46486,鹿児島県,肝属郡,大根占町,461
1995,46487,鹿児島県,肝属郡,根占町,461
1995,46488,鹿児島県,肝属郡,田代町,461
1995,46489,鹿児島県,肝属郡,佐多町,461
1995,46501,鹿児島県,熊毛郡,中種子町,524
1995,46502,鹿児島県,熊毛郡,南種子町,524
1995,46503,鹿児島県,熊毛郡,上屋久町,529
1995,46504,鹿児島県,熊毛郡,屋久町,529
1995,46523,鹿児島県,大島郡,大和村,522
1995,46524,鹿児島県,大島郡,宇検村,522
1995,46525,鹿児島県,大島郡,瀬戸内町,523
1995,46526,鹿児島県,大島郡,住用村,522
1995,46527,鹿児島県,大島郡,龍郷町,522
1995,46528,鹿児島県,大島郡,笠利町,522
1995,46529,鹿児島県,大島郡,喜界町,530
1995,46530,鹿児島県,大島郡,徳之島町,531
1995,46531,鹿児島県,大島郡,天城町,531
1995,46532,鹿児島県,大島郡,伊仙町,531
1995,46533,鹿児島県,大島郡,和泊町,532
1995,46534,鹿児島県,大島郡,知名町,532
1995,46535,鹿児島県,大島郡,与論町,533
1995,47201,沖縄県,,那覇市,534
1995,47202,沖縄県,,石川市,535
1995,47203,沖縄県,,具志川市,535
1995,47205,沖縄県,,宜野湾市,535
1995,47206,沖縄県,,平良市,537
1995,47207,沖縄県,,石垣市,538
1995,47208,沖縄県,,浦添市,534
1995,47209,沖縄県,,名護市,536
1995,47210,沖縄県,,糸満市,534
1995,47211,沖縄県,,沖縄市,535
1995,47301,沖縄県,国頭郡,国頭村,536
1995,47302,沖縄県,国頭郡,大宜味村,536
1995,47303,沖縄県,国頭郡,東村,536
1995,47306,沖縄県,国頭郡,今帰仁村,536
1995,47308,沖縄県,国頭郡,本部町,536
1995,47311,沖縄県,国頭郡,恩納村,535
1995,47313,沖縄県,国頭郡,宜野座村,535
1995,47314,沖縄県,国頭郡,金武町,535
1995,47315,沖縄県,国頭郡,伊江村,539
1995,47322,沖縄県,中頭郡,与那城町,535
1995,47323,沖縄県,中頭郡,勝連町,535
1995,47324,沖縄県,中頭郡,読谷村,535
1995,47325,沖縄県,中頭郡,嘉手納町,535
1995,47326,沖縄県,中頭郡,北谷町,535
1995,47327,沖縄県,中頭郡,北中城村,535
1995,47328,沖縄県,中頭郡,中城村,535
1995,47329,沖縄県,中頭郡,西原町,534
1995,47341,沖縄県,島尻郡,豊見城村,534
1995,47343,沖縄県,島尻郡,東風平町,534
1995,47344,沖縄県,島尻郡,具志頭村,534
1995,47345,沖縄県,島尻郡,玉城村,534
1995,47346,沖縄県,島尻郡,知念村,534
1995,47347,沖縄県,島尻郡,佐敷町,534
1995,47348,沖縄県,島尻郡,与那原町,534
1995,47349,沖縄県,島尻郡,大里村,534
1995,47350,沖縄県,島尻郡,南風原町,534
1995,47351,沖縄県,島尻郡,仲里村,540
1995,47352,沖縄県,島尻郡,具志川村,540
1995,47353,沖縄県,島尻郡,渡嘉敷村,541
1995,47354,沖縄県,島尻郡,座間味村,542
1995,47355,沖縄県,島尻郡,粟国村,543
1995,47356,沖縄県,島尻郡,渡名喜村,544
1995,47357,沖縄県,島尻郡,南大東村,545
1995,47358,沖縄県,島尻郡,北大東村,546
1995,47359,沖縄県,島尻郡,伊平屋村,547
1995,47360,沖縄県,島尻郡,伊是名村,548
1995,47371,沖縄県,宮古郡,城辺町,537
1995,47372,沖縄県,宮古郡,下地町,537
1995,47373,沖縄県,宮古郡,上野村,537
1995,47374,沖縄県,宮古郡,伊良部町,549
1995,47375,沖縄県,宮古郡,多良間村,550
1995,47381,沖縄県,八重山郡,竹富町,551
1995,47382,沖縄県,八重山郡,与那国町,552
2000,01100,北海道,,札幌市,1
2000,01202,北海道,,函館市,2
2000,01203,北海道,,小樽市,3
2000,01204,北海道,,旭川市,4
2000,01205,北海道,,室蘭市,5
2000,01206,北海道,,釧路市,6
2000,01207,北海道,,帯広市,7
2000,01208,北海道,,北見市,8
2000,01209,北海道,,夕張市,9
2000,01210,北海道,,岩見沢市,10
2000,01211,北海道,,網走市,11
2000,01212,北海道,,留萌市,12
2000,01213,北海道,,苫小牧市,13
2000,01214,北海道,,稚内市,14
2000,01215,北海道,,美唄市,10
2000,01216,北海道,,芦別市,15
2000,01217,北海道,,江別市,1
2000,01218,北海道,,赤平市,15
2000,01219,北海道,,紋別市,16
2000,01220,北海道,,士別市,17
2000,01221,北海道,,名寄市,18
2000,01222,北海道,,三笠市,10
2000,01223,北海道,,根室市,19
2000,01224,北海道,,千歳市,13
2000,01225,北海道,,滝川市,15
2000,01226,北海道,,砂川市,15
2000,01227,北海道,,歌志内市,15
2000,01228,北海道,,深川市,20
2000,01229,北海道,,富良野市,21
2000,01230,北海道,,登別市,5
2000,01231,北海道,,恵庭市,13
2000,01233,北海道,,伊達市,5
2000,01234,北海道,,北広島市,1
2000,01235,北海道,,石狩市,1
2000,01303,北海道,石狩支庁,当別町,1
2000,01304,北海道,石狩支庁,新篠津村,1
2000,01305,北海道,石狩支庁,厚田村,1
2000,01306,北海道,石狩支庁,浜益村,22
2000,01331,北海道,渡島支庁,松前町,23
2000,01332,北海道,渡島支庁,福島町,23
2000,01333,北海道,渡島支庁,知内町,24
2000,01334,北海道,渡島支庁,木古内町,24
2000,01335,北海道,渡島支庁,上磯町,2
2000,01336,北海道,渡島支庁,大野町,2
2000,01337,北海道,渡島支庁,七飯町,2
2000,01339,北海道,渡島支庁,戸井町,2
2000,01340,北海道,渡島支庁,恵山町,2
2000,01341,北海道,渡島支庁,椴法華村,2
2000,01342,北海道,渡島支庁,南茅部町,25
2000,01343,北海道,渡島支庁,鹿部町,2
2000,01344,北海道,渡島支庁,砂原町,2
2000,01345,北海道,渡島支庁,森町,2
2000,01346,北海道,渡島支庁,八雲町,26
2000,01347,北海道,渡島支庁,長万部町,26
2000,01361,北海道,檜山支庁,江差町,27
2000,01362,北海道,檜山支庁,上ノ国町,27
2000,01363,北海道,檜山支庁,厚沢部町,27
2000,01364,北海道,檜山支庁,乙部町,27
2000,01365,北海道,檜山支庁,熊石町,27
2000,01366,北海道,檜山支庁,大成町,28
2000,01367,北海道,檜山支庁,奥尻町,59
2000,01368,北海道,檜山支庁,瀬棚町,29
2000,01369,北海道,檜山支庁,北檜山町,29
2000,01370,北海道,檜山支庁,今金町,29
2000,01391,北海道,後志支庁,島牧村,30
2000,01392,北海道,後志支庁,寿都町,30
2000,01393,北海道,後志支庁,黒松内町,30
2000,01394,北海道,後志支庁,蘭越町,31
2000,01395,北海道,後志支庁,ニセコ町,31
2000,01396,北海道,後志支庁,真狩村,31
2000,01397,北海道,後志支庁,留寿都村,31
2000,01398,北海道,後志支庁,喜茂別町,31
2000,01399,北海道,後志支庁,京極町,31
2000,01400,北海道,後志支庁,倶知安町,31
2000,01401,北海道,後志支庁,共和町,32
2000,01402,北海道,後志支庁,岩内町,32
2000,01403,北海道,後志支庁,泊村,32
2000,01404,北海道,後志支庁,神恵内村,32
2000,01405,北海道,後志支庁,積丹町,3
2000,01406,北海道,後志支庁,古平町,3
2000,01407,北海道,後志支庁,仁木町,3
2000,01408,北海道,後志支庁,余市町,3
2000,01409,北海道,後志支庁,赤井川村,3
2000,01421,北海道,空知支庁,北村,10
2000,01422,北海道,空知支庁,栗沢町,10
2000,01423,北海道,空知支庁,南幌町,1
2000,01424,北海道,空知支庁,奈井江町,15
2000,01425,北海道,空知支庁,上砂川町,15
2000,01427,北海道,空知支庁,由仁町,9
2000,01428,北海道,空知支庁,長沼町,9
2000,01429,北海道,空知支庁,栗山町,9
2000,01430,北海道,空知支庁,月形町,10
2000,01431,北海道,空知支庁,浦臼町,15
2000,01432,北海道,空知支庁,新十津川町,15
2000,01433,北海道,空知支庁,妹背牛町,20
2000,01434,北海道,空知支庁,秩父別町,20
2000,01436,北海道,空知支庁,雨竜町,15
2000,01437,北海道,空知支庁,北竜町,20
2000,01438,北海道,空知支庁,沼田町,20
2000,01439,北海道,空知支庁,幌加内町,33
2000,01452,北海道,上川支庁,鷹栖町,4
2000,01453,北海道,上川支庁,東神楽町,4
2000,01454,北海道,上川支庁,当麻町,4
2000,01455,北海道,上川支庁,比布町,4
2000,01456,北海道,上川支庁,愛別町,4
2000,01457,北海道,上川支庁,上川町,4
2000,01458,北海道,上川支庁,東川町,4
2000,01459,北海道,上川支庁,美瑛町,4
2000,01460,北海道,上川支庁,上富良野町,21
2000,01461,北海道,上川支庁,中富良野町,21
2000,01462,北海道,上川支庁,南富良野町,21
2000,01463,北海道,上川支庁,占冠村,21
2000,01464,北海道,上川支庁,和寒町,17
2000,01465,北海道,上川支庁,剣淵町,17
2000,01466,北海道,上川支庁,朝日町,17
2000,01467,北海道,上川支庁,風連町,18
2000,01468,北海道,上川支庁,下川町,18
2000,01469,北海道,上川支庁,美深町,34
2000,01470,北海道,上川支庁,音威子府村,34
2000,01471,北海道,上川支庁,中川町,35
2000,01481,北海道,留萌支庁,増毛町,12
2000,01482,北海道,留萌支庁,小平町,12
2000,01483,北海道,留萌支庁,苫前町,36
2000,01484,北海道,留萌支庁,羽幌町,36
2000,01485,北海道,留萌支庁,初山別村,36
2000,01486,北海道,留萌支庁,遠別町,37
2000,01487,北海道,留萌支庁,天塩町,37
2000,01488,北海道,留萌支庁,幌延町,14
2000,01511,北海道,宗谷支庁,猿払村,38
2000,01512,北海道,宗谷支庁,浜頓別町,38
2000,01513,北海道,宗谷支庁,中頓別町,38
2000,01514,北海道,宗谷支庁,枝幸町,39
2000,01515,北海道,宗谷支庁,歌登町,39
2000,01516,北海道,宗谷支庁,豊富町,14
2000,01517,北海道,宗谷支庁,礼文町,60
2000,01518,北海道,宗谷支庁,利尻町,61
2000,01519,北海道,宗谷支庁,利尻富士町,61
2000,01541,北海道,網走支庁,東藻琴村,11
2000,01542,北海道,網走支庁,女満別町,11
2000,01543,北海道,網走支庁,美幌町,11
2000,01544,北海道,網走支庁,津別町,11
2000,01545,北海道,網走支庁,斜里町,40
2000,01546,北海道,網走支庁,清里町,40
2000,01547,北海道,網走支庁,小清水町,40
2000,01548,北海道,網走支庁,端野町,8
2000,01549,北海道,網走支庁,訓子府町,8
2000,01550,北海道,網走支庁,置戸町,8
2000,01551,北海道,網走支庁,留辺蘂町,8
2000,01552,北海道,網走支庁,佐呂間町,41
2000,01553,北海道,網走支庁,常呂町,41
2000,01554,北海道,網走支庁,生田原町,42
2000,01555,北海道,網走支庁,遠軽町,42
2000,01556,北海道,網走支庁,丸瀬布町,42
2000,01557,北海道,網走支庁,白滝村,43
2000,01558,北海道,網走支庁,上湧別町,42
2000,01559,北海道,網走支庁,湧別町,42
2000,01560,北海道,網走支庁,滝上町,16
2000,01561,北海道,網走支庁,興部町,16
2000,01562,北海道,網走支庁,西興部村,16
2000,01563,北海道,網走支庁,雄武町,44
2000,01571,北海道,胆振支庁,豊浦町,5
2000,01572,北海道,胆振支庁,虻田町,5
2000,01573,北海道,胆振支庁,洞爺村,5
2000,01574,北海道,胆振支庁,大滝村,5
2000,01575,北海道,胆振支庁,壮瞥町,5
2000,01578,北海道,胆振支庁,白老町,5
2000,01579,北海道,胆振支庁,早来町,13
2000,01580,北海道,胆振支庁,追分町,13
2000,01581,北海道,胆振支庁,厚真町,13
2000,01582,北海道,胆振支庁,鵡川町,13
2000,01583,北海道,胆振支庁,穂別町,45
2000,01601,北海道,日高支庁,日高町,46
2000,01602,北海道,日高支庁,平取町,47
2000,01603,北海道,日高支庁,門別町,47
2000,01604,北海道,日高支庁,新冠町,48
2000,01605,北海道,日高支庁,静内町,48
2000,01606,北海道,日高支庁,三石町,49
2000,01607,北海道,日高支庁,浦河町,49
2000,01608,北海道,日高支庁,様似町,49
2000,01609,北海道,日高支庁,えりも町,50
2000,01631,北海道,十勝支庁,音更町,7
2000,01632,北海道,十勝支庁,士幌町,7
2000,01633,北海道,十勝支庁,上士幌町,7
2000,01634,北海道,十勝支庁,鹿追町,51
2000,01635,北海道,十勝支庁,新得町,51
2000,01636,北海道,十勝支庁,清水町,51
2000,01637,北海道,十勝支庁,芽室町,7
2000,01638,北海道,十勝支庁,中札内村,7
2000,01639,北海道,十勝支庁,更別村,7
2000,01640,北海道,十勝支庁,忠類村,52
2000,01641,北海道,十勝支庁,大樹町,52
2000,01642,北海道,十勝支庁,広尾町,52
2000,01643,北海道,十勝支庁,幕別町,7
2000,01644,北海道,十勝支庁,池田町,7
2000,01645,北海道,十勝支庁,豊頃町,53
2000,01646,北海道,十勝支庁,本別町,54
2000,01647,北海道,十勝支庁,足寄町,54
2000,01648,北海道,十勝支庁,陸別町,54
2000,01649,北海道,十勝支庁,浦幌町,53
2000,01661,北海道,釧路支庁,釧路町,6
2000,01662,北海道,釧路支庁,厚岸町,55
2000,01663,北海道,釧路支庁,浜中町,55
2000,01664,北海道,釧路支庁,標茶町,56
2000,01665,北海道,釧路支庁,弟子屈町,56
2000,01666,北海道,釧路支庁,阿寒町,6
2000,01667,北海道,釧路支庁,鶴居村,6
2000,01668,北海道,釧路支庁,白糠町,6
2000,01669,北海道,釧路支庁,音別町,6
2000,01691,北海道,根室支庁,別海町,57
2000,01692,北海道,根室支庁,中標津町,57
2000,01693,北海道,根室支庁,標津町,57
2000,01694,北海道,根室支庁,羅臼町,58
2000,01695,北海道,根室支庁,色丹村,NA
2000,01696,北海道,根室支庁,泊村,NA
2000,01698,北海道,根室支庁,留別村,NA
2000,02201,青森県,,青森市,62
2000,02202,青森県,,弘前市,63
2000,02203,青森県,,八戸市,64
2000,02204,青森県,,黒石市,63
2000,02205,青森県,,五所川原市,65
2000,02206,青森県,,十和田市,66
2000,02207,青森県,,三沢市,66
2000,02208,青森県,,むつ市,67
2000,02301,青森県,東津軽郡,平内町,62
2000,02302,青森県,東津軽郡,蟹田町,62
2000,02303,青森県,東津軽郡,今別町,62
2000,02304,青森県,東津軽郡,蓬田村,62
2000,02305,青森県,東津軽郡,平舘村,62
2000,02306,青森県,東津軽郡,三厩村,62
2000,02321,青森県,西津軽郡,鰺ヶ沢町,68
2000,02322,青森県,西津軽郡,木造町,65
2000,02323,青森県,西津軽郡,深浦町,68
2000,02324,青森県,西津軽郡,森田村,65
2000,02325,青森県,西津軽郡,岩崎村,68
2000,02326,青森県,西津軽郡,柏村,65
2000,02327,青森県,西津軽郡,稲垣村,65
2000,02328,青森県,西津軽郡,車力村,65
2000,02341,青森県,中津軽郡,岩木町,63
2000,02342,青森県,中津軽郡,相馬村,63
2000,02343,青森県,中津軽郡,西目屋村,63
2000,02361,青森県,南津軽郡,藤崎町,63
2000,02362,青森県,南津軽郡,大鰐町,63
2000,02363,青森県,南津軽郡,尾上町,63
2000,02364,青森県,南津軽郡,浪岡町,63
2000,02365,青森県,南津軽郡,平賀町,63
2000,02366,青森県,南津軽郡,常盤村,63
2000,02367,青森県,南津軽郡,田舎館村,63
2000,02368,青森県,南津軽郡,碇ヶ関村,63
2000,02381,青森県,北津軽郡,板柳町,63
2000,02382,青森県,北津軽郡,金木町,65
2000,02383,青森県,北津軽郡,中里町,65
2000,02384,青森県,北津軽郡,鶴田町,65
2000,02385,青森県,北津軽郡,市浦村,65
2000,02386,青森県,北津軽郡,小泊村,65
2000,02401,青森県,上北郡,野辺地町,66
2000,02402,青森県,上北郡,七戸町,66
2000,02403,青森県,上北郡,百石町,64
2000,02404,青森県,上北郡,十和田湖町,66
2000,02405,青森県,上北郡,六戸町,66
2000,02406,青森県,上北郡,横浜町,66
2000,02407,青森県,上北郡,上北町,66
2000,02408,青森県,上北郡,東北町,66
2000,02409,青森県,上北郡,天間林村,66
2000,02410,青森県,上北郡,下田町,66
2000,02411,青森県,上北郡,六ヶ所村,66
2000,02421,青森県,下北郡,川内町,67
2000,02422,青森県,下北郡,大畑町,67
2000,02423,青森県,下北郡,大間町,69
2000,02424,青森県,下北郡,東通村,67
2000,02425,青森県,下北郡,風間浦村,69
2000,02426,青森県,下北郡,佐井村,69
2000,02427,青森県,下北郡,脇野沢村,67
2000,02441,青森県,三戸郡,三戸町,70
2000,02442,青森県,三戸郡,五戸町,64
2000,02443,青森県,三戸郡,田子町,70
2000,02444,青森県,三戸郡,名川町,64
2000,02445,青森県,三戸郡,南部町,70
2000,02446,青森県,三戸郡,階上町,64
2000,02447,青森県,三戸郡,福地村,64
2000,02448,青森県,三戸郡,南郷村,64
2000,02449,青森県,三戸郡,倉石村,64
2000,02450,青森県,三戸郡,新郷村,64
2000,03201,岩手県,,盛岡市,71
2000,03202,岩手県,,宮古市,72
2000,03203,岩手県,,大船渡市,73
2000,03204,岩手県,,水沢市,74
2000,03205,岩手県,,花巻市,75
2000,03206,岩手県,,北上市,74
2000,03207,岩手県,,久慈市,76
2000,03208,岩手県,,遠野市,75
2000,03209,岩手県,,一関市,77
2000,03210,岩手県,,陸前高田市,73
2000,03211,岩手県,,釜石市,78
2000,03212,岩手県,,江刺市,74
2000,03213,岩手県,,二戸市,79
2000,03301,岩手県,岩手郡,雫石町,71
2000,03302,岩手県,岩手郡,葛巻町,80
2000,03303,岩手県,岩手郡,岩手町,71
2000,03304,岩手県,岩手郡,西根町,71
2000,03305,岩手県,岩手郡,滝沢村,71
2000,03306,岩手県,岩手郡,松尾村,71
2000,03307,岩手県,岩手郡,玉山村,71
2000,03321,岩手県,紫波郡,紫波町,71
2000,03322,岩手県,紫波郡,矢巾町,71
2000,03341,岩手県,稗貫郡,大迫町,75
2000,03342,岩手県,稗貫郡,石鳥谷町,75
2000,03361,岩手県,和賀郡,東和町,75
2000,03363,岩手県,和賀郡,湯田町,81
2000,03365,岩手県,和賀郡,沢内村,81
2000,03381,岩手県,胆沢郡,金ヶ崎町,74
2000,03382,岩手県,胆沢郡,前沢町,74
2000,03383,岩手県,胆沢郡,胆沢町,74
2000,03384,岩手県,胆沢郡,衣川村,74
2000,03401,岩手県,西磐井郡,花泉町,77
2000,03402,岩手県,西磐井郡,平泉町,77
2000,03421,岩手県,東磐井郡,大東町,77
2000,03422,岩手県,東磐井郡,藤沢町,77
2000,03423,岩手県,東磐井郡,千厩町,77
2000,03424,岩手県,東磐井郡,東山町,77
2000,03425,岩手県,東磐井郡,室根村,77
2000,03426,岩手県,東磐井郡,川崎村,77
2000,03441,岩手県,気仙郡,住田町,73
2000,03442,岩手県,気仙郡,三陸町,73
2000,03461,岩手県,上閉伊郡,大槌町,78
2000,03462,岩手県,上閉伊郡,宮守村,75
2000,03481,岩手県,下閉伊郡,田老町,72
2000,03482,岩手県,下閉伊郡,山田町,72
2000,03483,岩手県,下閉伊郡,岩泉町,82
2000,03484,岩手県,下閉伊郡,田野畑村,82
2000,03485,岩手県,下閉伊郡,普代村,76
2000,03486,岩手県,下閉伊郡,新里村,72
2000,03487,岩手県,下閉伊郡,川井村,72
2000,03501,岩手県,九戸郡,軽米町,79
2000,03502,岩手県,九戸郡,種市町,64
2000,03503,岩手県,九戸郡,野田村,76
2000,03504,岩手県,九戸郡,山形村,76
2000,03505,岩手県,九戸郡,大野村,76
2000,03506,岩手県,九戸郡,九戸村,79
2000,03521,岩手県,二戸郡,浄法寺町,79
2000,03523,岩手県,二戸郡,安代町,71
2000,03524,岩手県,二戸郡,一戸町,79
2000,04100,宮城県,,仙台市,83
2000,04202,宮城県,,石巻市,84
2000,04203,宮城県,,塩竈市,83
2000,04204,宮城県,,古川市,85
2000,04205,宮城県,,気仙沼市,86
2000,04206,宮城県,,白石市,87
2000,04207,宮城県,,名取市,83
2000,04208,宮城県,,角田市,87
2000,04209,宮城県,,多賀城市,83
2000,04211,宮城県,,岩沼市,83
2000,04301,宮城県,刈田郡,蔵王町,87
2000,04302,宮城県,刈田郡,七ヶ宿町,87
2000,04321,宮城県,柴田郡,大河原町,87
2000,04322,宮城県,柴田郡,村田町,87
2000,04323,宮城県,柴田郡,柴田町,87
2000,04324,宮城県,柴田郡,川崎町,87
2000,04341,宮城県,伊具郡,丸森町,87
2000,04361,宮城県,亘理郡,亘理町,83
2000,04362,宮城県,亘理郡,山元町,83
2000,04401,宮城県,宮城郡,松島町,83
2000,04404,宮城県,宮城郡,七ヶ浜町,83
2000,04406,宮城県,宮城郡,利府町,83
2000,04421,宮城県,黒川郡,大和町,83
2000,04422,宮城県,黒川郡,大郷町,83
2000,04423,宮城県,黒川郡,富谷町,83
2000,04424,宮城県,黒川郡,大衡村,83
2000,04441,宮城県,加美郡,中新田町,85
2000,04442,宮城県,加美郡,小野田町,85
2000,04443,宮城県,加美郡,宮崎町,85
2000,04444,宮城県,加美郡,色麻町,85
2000,04461,宮城県,志田郡,松山町,85
2000,04462,宮城県,志田郡,三本木町,85
2000,04463,宮城県,志田郡,鹿島台町,88
2000,04481,宮城県,玉造郡,岩出山町,85
2000,04482,宮城県,玉造郡,鳴子町,85
2000,04501,宮城県,遠田郡,涌谷町,88
2000,04502,宮城県,遠田郡,田尻町,85
2000,04503,宮城県,遠田郡,小牛田町,85
2000,04504,宮城県,遠田郡,南郷町,88
2000,04521,宮城県,栗原郡,築館町,89
2000,04522,宮城県,栗原郡,若柳町,89
2000,04523,宮城県,栗原郡,栗駒町,89
2000,04524,宮城県,栗原郡,高清水町,85
2000,04525,宮城県,栗原郡,一迫町,89
2000,04526,宮城県,栗原郡,瀬峰町,85
2000,04527,宮城県,栗原郡,鶯沢町,89
2000,04528,宮城県,栗原郡,金成町,89
2000,04529,宮城県,栗原郡,志波姫町,89
2000,04530,宮城県,栗原郡,花山村,89
2000,04541,宮城県,登米郡,迫町,90
2000,04542,宮城県,登米郡,登米町,90
2000,04543,宮城県,登米郡,東和町,90
2000,04544,宮城県,登米郡,中田町,90
2000,04545,宮城県,登米郡,豊里町,90
2000,04546,宮城県,登米郡,米山町,90
2000,04547,宮城県,登米郡,石越町,89
2000,04548,宮城県,登米郡,南方町,90
2000,04561,宮城県,桃生郡,河北町,84
2000,04562,宮城県,桃生郡,矢本町,84
2000,04563,宮城県,桃生郡,雄勝町,84
2000,04564,宮城県,桃生郡,河南町,84
2000,04565,宮城県,桃生郡,桃生町,90
2000,04566,宮城県,桃生郡,鳴瀬町,84
2000,04567,宮城県,桃生郡,北上町,84
2000,04581,宮城県,牡鹿郡,女川町,84
2000,04582,宮城県,牡鹿郡,牡鹿町,84
2000,04601,宮城県,本吉郡,志津川町,86
2000,04602,宮城県,本吉郡,津山町,86
2000,04603,宮城県,本吉郡,本吉町,86
2000,04604,宮城県,本吉郡,唐桑町,86
2000,04605,宮城県,本吉郡,歌津町,86
2000,05201,秋田県,,秋田市,91
2000,05202,秋田県,,能代市,92
2000,05203,秋田県,,横手市,93
2000,05204,秋田県,,大館市,94
2000,05205,秋田県,,本荘市,95
2000,05206,秋田県,,男鹿市,91
2000,05207,秋田県,,湯沢市,96
2000,05208,秋田県,,大曲市,97
2000,05209,秋田県,,鹿角市,94
2000,05303,秋田県,鹿角郡,小坂町,94
2000,05321,秋田県,北秋田郡,鷹巣町,98
2000,05322,秋田県,北秋田郡,比内町,94
2000,05323,秋田県,北秋田郡,森吉町,98
2000,05324,秋田県,北秋田郡,阿仁町,98
2000,05325,秋田県,北秋田郡,田代町,94
2000,05326,秋田県,北秋田郡,合川町,98
2000,05327,秋田県,北秋田郡,上小阿仁村,98
2000,05341,秋田県,山本郡,琴丘町,92
2000,05342,秋田県,山本郡,二ツ井町,92
2000,05343,秋田県,山本郡,八森町,92
2000,05344,秋田県,山本郡,山本町,92
2000,05345,秋田県,山本郡,八竜町,92
2000,05346,秋田県,山本郡,藤里町,92
2000,05347,秋田県,山本郡,峰浜村,92
2000,05361,秋田県,南秋田郡,五城目町,91
2000,05362,秋田県,南秋田郡,昭和町,91
2000,05363,秋田県,南秋田郡,八郎潟町,91
2000,05364,秋田県,南秋田郡,飯田川町,91
2000,05365,秋田県,南秋田郡,天王町,91
2000,05366,秋田県,南秋田郡,井川町,91
2000,05367,秋田県,南秋田郡,若美町,91
2000,05368,秋田県,南秋田郡,大潟村,91
2000,05381,秋田県,河辺郡,河辺町,91
2000,05382,秋田県,河辺郡,雄和町,91
2000,05401,秋田県,由利郡,仁賀保町,95
2000,05402,秋田県,由利郡,金浦町,95
2000,05403,秋田県,由利郡,象潟町,95
2000,05404,秋田県,由利郡,矢島町,95
2000,05405,秋田県,由利郡,岩城町,95
2000,05406,秋田県,由利郡,由利町,95
2000,05407,秋田県,由利郡,西目町,95
2000,05408,秋田県,由利郡,鳥海町,95
2000,05409,秋田県,由利郡,東由利町,95
2000,05410,秋田県,由利郡,大内町,95
2000,05421,秋田県,仙北郡,神岡町,97
2000,05422,秋田県,仙北郡,西仙北町,97
2000,05423,秋田県,仙北郡,角館町,97
2000,05424,秋田県,仙北郡,六郷町,97
2000,05425,秋田県,仙北郡,中仙町,97
2000,05426,秋田県,仙北郡,田沢湖町,97
2000,05427,秋田県,仙北郡,協和町,97
2000,05428,秋田県,仙北郡,南外村,97
2000,05429,秋田県,仙北郡,仙北町,97
2000,05430,秋田県,仙北郡,西木村,97
2000,05431,秋田県,仙北郡,太田町,97
2000,05432,秋田県,仙北郡,千畑町,97
2000,05433,秋田県,仙北郡,仙南村,97
2000,05441,秋田県,平鹿郡,増田町,96
2000,05442,秋田県,平鹿郡,平鹿町,93
2000,05443,秋田県,平鹿郡,雄物川町,93
2000,05444,秋田県,平鹿郡,大森町,93
2000,05445,秋田県,平鹿郡,十文字町,96
2000,05446,秋田県,平鹿郡,山内村,93
2000,05447,秋田県,平鹿郡,大雄村,93
2000,05461,秋田県,雄勝郡,稲川町,96
2000,05462,秋田県,雄勝郡,雄勝町,96
2000,05463,秋田県,雄勝郡,羽後町,96
2000,05464,秋田県,雄勝郡,東成瀬村,96
2000,05465,秋田県,雄勝郡,皆瀬村,96
2000,06201,山形県,,山形市,99
2000,06202,山形県,,米沢市,100
2000,06203,山形県,,鶴岡市,101
2000,06204,山形県,,酒田市,101
2000,06205,山形県,,新庄市,102
2000,06206,山形県,,寒河江市,99
2000,06207,山形県,,上山市,99
2000,06208,山形県,,村山市,99
2000,06209,山形県,,長井市,100
2000,06210,山形県,,天童市,99
2000,06211,山形県,,東根市,99
2000,06212,山形県,,尾花沢市,99
2000,06213,山形県,,南陽市,100
2000,06301,山形県,東村山郡,山辺町,99
2000,06302,山形県,東村山郡,中山町,99
2000,06321,山形県,西村山郡,河北町,99
2000,06322,山形県,西村山郡,西川町,99
2000,06323,山形県,西村山郡,朝日町,99
2000,06324,山形県,西村山郡,大江町,99
2000,06341,山形県,北村山郡,大石田町,99
2000,06361,山形県,最上郡,金山町,102
2000,06362,山形県,最上郡,最上町,102
2000,06363,山形県,最上郡,舟形町,102
2000,06364,山形県,最上郡,真室川町,102
2000,06365,山形県,最上郡,大蔵村,102
2000,06366,山形県,最上郡,鮭川村,102
2000,06367,山形県,最上郡,戸沢村,102
2000,06381,山形県,東置賜郡,高畠町,100
2000,06382,山形県,東置賜郡,川西町,100
2000,06401,山形県,西置賜郡,小国町,103
2000,06402,山形県,西置賜郡,白鷹町,100
2000,06403,山形県,西置賜郡,飯豊町,100
2000,06421,山形県,東田川郡,立川町,101
2000,06422,山形県,東田川郡,余目町,101
2000,06423,山形県,東田川郡,藤島町,101
2000,06424,山形県,東田川郡,羽黒町,101
2000,06425,山形県,東田川郡,櫛引町,101
2000,06426,山形県,東田川郡,三川町,101
2000,06427,山形県,東田川郡,朝日村,101
2000,06441,山形県,西田川郡,温海町,104
2000,06461,山形県,飽海郡,遊佐町,101
2000,06462,山形県,飽海郡,八幡町,101
2000,06463,山形県,飽海郡,松山町,101
2000,06464,山形県,飽海郡,平田町,101
2000,07201,福島県,,福島市,105
2000,07202,福島県,,会津若松市,106
2000,07203,福島県,,郡山市,107
2000,07204,福島県,,いわき市,108
2000,07205,福島県,,白河市,109
2000,07206,福島県,,原町市,110
2000,07207,福島県,,須賀川市,111
2000,07208,福島県,,喜多方市,106
2000,07209,福島県,,相馬市,110
2000,07210,福島県,,二本松市,107
2000,07301,福島県,伊達郡,桑折町,105
2000,07302,福島県,伊達郡,伊達町,105
2000,07303,福島県,伊達郡,国見町,105
2000,07304,福島県,伊達郡,梁川町,105
2000,07305,福島県,伊達郡,保原町,105
2000,07306,福島県,伊達郡,霊山町,105
2000,07307,福島県,伊達郡,月舘町,105
2000,07308,福島県,伊達郡,川俣町,105
2000,07309,福島県,伊達郡,飯野町,105
2000,07321,福島県,安達郡,安達町,107
2000,07322,福島県,安達郡,大玉村,107
2000,07323,福島県,安達郡,本宮町,107
2000,07324,福島県,安達郡,白沢村,107
2000,07325,福島県,安達郡,岩代町,107
2000,07326,福島県,安達郡,東和町,107
2000,07341,福島県,岩瀬郡,長沼町,111
2000,07342,福島県,岩瀬郡,鏡石町,111
2000,07343,福島県,岩瀬郡,岩瀬村,111
2000,07344,福島県,岩瀬郡,天栄村,111
2000,07361,福島県,南会津郡,田島町,112
2000,07362,福島県,南会津郡,下郷町,112
2000,07363,福島県,南会津郡,舘岩村,112
2000,07364,福島県,南会津郡,檜枝岐村,113
2000,07365,福島県,南会津郡,伊南村,112
2000,07366,福島県,南会津郡,南郷村,112
2000,07367,福島県,南会津郡,只見町,112
2000,07381,福島県,北会津郡,北会津村,106
2000,07401,福島県,耶麻郡,熱塩加納村,106
2000,07402,福島県,耶麻郡,北塩原村,106
2000,07403,福島県,耶麻郡,塩川町,106
2000,07404,福島県,耶麻郡,山都町,106
2000,07405,福島県,耶麻郡,西会津町,106
2000,07406,福島県,耶麻郡,高郷村,106
2000,07407,福島県,耶麻郡,磐梯町,106
2000,07408,福島県,耶麻郡,猪苗代町,106
2000,07421,福島県,河沼郡,会津坂下町,106
2000,07422,福島県,河沼郡,湯川村,106
2000,07423,福島県,河沼郡,柳津町,106
2000,07424,福島県,河沼郡,河東町,106
2000,07441,福島県,大沼郡,会津高田町,106
2000,07442,福島県,大沼郡,会津本郷町,106
2000,07443,福島県,大沼郡,新鶴村,106
2000,07444,福島県,大沼郡,三島町,106
2000,07445,福島県,大沼郡,金山町,114
2000,07446,福島県,大沼郡,昭和村,114
2000,07461,福島県,西白河郡,西郷村,109
2000,07462,福島県,西白河郡,表郷村,109
2000,07463,福島県,西白河郡,東村,109
2000,07464,福島県,西白河郡,泉崎村,109
2000,07465,福島県,西白河郡,中島村,109
2000,07466,福島県,西白河郡,矢吹町,109
2000,07467,福島県,西白河郡,大信村,109
2000,07481,福島県,東白川郡,棚倉町,115
2000,07482,福島県,東白川郡,矢祭町,115
2000,07483,福島県,東白川郡,塙町,115
2000,07484,福島県,東白川郡,鮫川村,115
2000,07501,福島県,石川郡,石川町,115
2000,07502,福島県,石川郡,玉川村,111
2000,07503,福島県,石川郡,平田村,115
2000,07504,福島県,石川郡,浅川町,115
2000,07505,福島県,石川郡,古殿町,115
2000,07521,福島県,田村郡,三春町,107
2000,07522,福島県,田村郡,小野町,116
2000,07523,福島県,田村郡,滝根町,116
2000,07524,福島県,田村郡,大越町,116
2000,07525,福島県,田村郡,都路村,116
2000,07526,福島県,田村郡,常葉町,116
2000,07527,福島県,田村郡,船引町,116
2000,07541,福島県,双葉郡,広野町,108
2000,07542,福島県,双葉郡,楢葉町,108
2000,07543,福島県,双葉郡,富岡町,108
2000,07544,福島県,双葉郡,川内村,108
2000,07545,福島県,双葉郡,大熊町,108
2000,07546,福島県,双葉郡,双葉町,108
2000,07547,福島県,双葉郡,浪江町,108
2000,07548,福島県,双葉郡,葛尾村,108
2000,07561,福島県,相馬郡,新地町,110
2000,07562,福島県,相馬郡,鹿島町,110
2000,07563,福島県,相馬郡,小高町,110
2000,07564,福島県,相馬郡,飯舘村,110
2000,08201,茨城県,,水戸市,117
2000,08202,茨城県,,日立市,118
2000,08203,茨城県,,土浦市,119
2000,08204,茨城県,,古河市,120
2000,08205,茨城県,,石岡市,121
2000,08206,茨城県,,下館市,122
2000,08207,茨城県,,結城市,123
2000,08208,茨城県,,龍ヶ崎市,119
2000,08210,茨城県,,下妻市,124
2000,08211,茨城県,,水海道市,125
2000,08212,茨城県,,常陸太田市,118
2000,08214,茨城県,,高萩市,118
2000,08215,茨城県,,北茨城市,118
2000,08216,茨城県,,笠間市,117
2000,08217,茨城県,,取手市,125
2000,08218,茨城県,,岩井市,120
2000,08219,茨城県,,牛久市,119
2000,08220,茨城県,,つくば市,119
2000,08221,茨城県,,ひたちなか市,117
2000,08222,茨城県,,鹿嶋市,126
2000,08302,茨城県,東茨城郡,茨城町,117
2000,08303,茨城県,東茨城郡,小川町,121
2000,08304,茨城県,東茨城郡,美野里町,121
2000,08305,茨城県,東茨城郡,内原町,117
2000,08306,茨城県,東茨城郡,常北町,117
2000,08307,茨城県,東茨城郡,桂村,117
2000,08308,茨城県,東茨城郡,御前山村,117
2000,08309,茨城県,東茨城郡,大洗町,117
2000,08321,茨城県,西茨城郡,友部町,117
2000,08322,茨城県,西茨城郡,岩間町,117
2000,08323,茨城県,西茨城郡,七会村,117
2000,08324,茨城県,西茨城郡,岩瀬町,122
2000,08341,茨城県,那珂郡,東海村,117
2000,08342,茨城県,那珂郡,那珂町,117
2000,08343,茨城県,那珂郡,瓜連町,117
2000,08344,茨城県,那珂郡,大宮町,127
2000,08345,茨城県,那珂郡,山方町,127
2000,08346,茨城県,那珂郡,美和村,127
2000,08347,茨城県,那珂郡,緒川村,127
2000,08361,茨城県,久慈郡,金砂郷町,118
2000,08362,茨城県,久慈郡,水府村,118
2000,08363,茨城県,久慈郡,里美村,118
2000,08364,茨城県,久慈郡,大子町,127
2000,08381,茨城県,多賀郡,十王町,118
2000,08401,茨城県,鹿島郡,旭村,121
2000,08402,茨城県,鹿島郡,鉾田町,121
2000,08403,茨城県,鹿島郡,大洋村,126
2000,08406,茨城県,鹿島郡,神栖町,126
2000,08407,茨城県,鹿島郡,波崎町,126
2000,08421,茨城県,行方郡,麻生町,126
2000,08422,茨城県,行方郡,牛堀町,126
2000,08423,茨城県,行方郡,潮来町,126
2000,08424,茨城県,行方郡,北浦町,121
2000,08425,茨城県,行方郡,玉造町,121
2000,08441,茨城県,稲敷郡,江戸崎町,119
2000,08442,茨城県,稲敷郡,美浦村,119
2000,08443,茨城県,稲敷郡,阿見町,119
2000,08445,茨城県,稲敷郡,茎崎町,119
2000,08446,茨城県,稲敷郡,新利根町,119
2000,08447,茨城県,稲敷郡,河内町,119
2000,08448,茨城県,稲敷郡,桜川村,119
2000,08449,茨城県,稲敷郡,東町,119
2000,08461,茨城県,新治郡,霞ヶ浦町,119
2000,08462,茨城県,新治郡,玉里村,121
2000,08463,茨城県,新治郡,八郷町,121
2000,08464,茨城県,新治郡,千代田町,119
2000,08465,茨城県,新治郡,新治村,119
2000,08482,茨城県,筑波郡,伊奈町,125
2000,08483,茨城県,筑波郡,谷和原村,125
2000,08501,茨城県,真壁郡,関城町,122
2000,08502,茨城県,真壁郡,明野町,122
2000,08503,茨城県,真壁郡,真壁町,122
2000,08504,茨城県,真壁郡,大和村,122
2000,08505,茨城県,真壁郡,協和町,122
2000,08521,茨城県,結城郡,八千代町,124
2000,08522,茨城県,結城郡,千代川村,124
2000,08523,茨城県,結城郡,石下町,124
2000,08541,茨城県,猿島郡,総和町,120
2000,08542,茨城県,猿島郡,五霞町,128
2000,08543,茨城県,猿島郡,三和町,120
2000,08544,茨城県,猿島郡,猿島町,120
2000,08546,茨城県,猿島郡,境町,120
2000,08561,茨城県,北相馬郡,守谷町,125
2000,08563,茨城県,北相馬郡,藤代町,125
2000,08564,茨城県,北相馬郡,利根町,119
2000,09201,栃木県,,宇都宮市,123
2000,09202,栃木県,,足利市,129
2000,09203,栃木県,,栃木市,129
2000,09204,栃木県,,佐野市,129
2000,09205,栃木県,,鹿沼市,129
2000,09206,栃木県,,日光市,130
2000,09207,栃木県,,今市市,130
2000,09208,栃木県,,小山市,123
2000,09209,栃木県,,真岡市,123
2000,09210,栃木県,,大田原市,131
2000,09211,栃木県,,矢板市,131
2000,09212,栃木県,,黒磯市,131
2000,09301,栃木県,河内郡,上三川町,123
2000,09302,栃木県,河内郡,南河内町,123
2000,09303,栃木県,河内郡,上河内町,123
2000,09304,栃木県,河内郡,河内町,123
2000,09321,栃木県,上都賀郡,西方町,129
2000,09322,栃木県,上都賀郡,粟野町,129
2000,09323,栃木県,上都賀郡,足尾町,130
2000,09341,栃木県,芳賀郡,二宮町,123
2000,09342,栃木県,芳賀郡,益子町,123
2000,09343,栃木県,芳賀郡,茂木町,123
2000,09344,栃木県,芳賀郡,市貝町,123
2000,09345,栃木県,芳賀郡,芳賀町,123
2000,09361,栃木県,下都賀郡,壬生町,123
2000,09362,栃木県,下都賀郡,石橋町,123
2000,09363,栃木県,下都賀郡,国分寺町,123
2000,09364,栃木県,下都賀郡,野木町,120
2000,09365,栃木県,下都賀郡,大平町,129
2000,09366,栃木県,下都賀郡,藤岡町,129
2000,09367,栃木県,下都賀郡,岩舟町,129
2000,09368,栃木県,下都賀郡,都賀町,129
2000,09382,栃木県,塩谷郡,栗山村,130
2000,09383,栃木県,塩谷郡,藤原町,130
2000,09384,栃木県,塩谷郡,塩谷町,131
2000,09385,栃木県,塩谷郡,氏家町,131
2000,09386,栃木県,塩谷郡,高根沢町,123
2000,09387,栃木県,塩谷郡,喜連川町,131
2000,09401,栃木県,那須郡,南那須町,132
2000,09402,栃木県,那須郡,烏山町,132
2000,09403,栃木県,那須郡,馬頭町,132
2000,09404,栃木県,那須郡,小川町,132
2000,09405,栃木県,那須郡,湯津上村,131
2000,09406,栃木県,那須郡,黒羽町,131
2000,09407,栃木県,那須郡,那須町,131
2000,09409,栃木県,那須郡,西那須野町,131
2000,09410,栃木県,那須郡,塩原町,131
2000,09421,栃木県,安蘇郡,田沼町,129
2000,09422,栃木県,安蘇郡,葛生町,129
2000,10201,群馬県,,前橋市,133
2000,10202,群馬県,,高崎市,134
2000,10203,群馬県,,桐生市,135
2000,10204,群馬県,,伊勢崎市,135
2000,10205,群馬県,,太田市,135
2000,10206,群馬県,,沼田市,136
2000,10207,群馬県,,館林市,137
2000,10208,群馬県,,渋川市,133
2000,10209,群馬県,,藤岡市,138
2000,10210,群馬県,,富岡市,134
2000,10211,群馬県,,安中市,134
2000,10301,群馬県,勢多郡,北橘村,133
2000,10302,群馬県,勢多郡,赤城村,133
2000,10303,群馬県,勢多郡,富士見村,133
2000,10304,群馬県,勢多郡,大胡町,133
2000,10305,群馬県,勢多郡,宮城村,133
2000,10306,群馬県,勢多郡,粕川村,133
2000,10307,群馬県,勢多郡,新里村,135
2000,10308,群馬県,勢多郡,黒保根村,135
2000,10309,群馬県,勢多郡,東村,135
2000,10321,群馬県,群馬郡,榛名町,134
2000,10322,群馬県,群馬郡,倉渕村,134
2000,10323,群馬県,群馬郡,箕郷町,134
2000,10324,群馬県,群馬郡,群馬町,134
2000,10341,群馬県,北群馬郡,子持村,133
2000,10342,群馬県,北群馬郡,小野上村,133
2000,10343,群馬県,北群馬郡,伊香保町,133
2000,10344,群馬県,北群馬郡,榛東村,133
2000,10345,群馬県,北群馬郡,吉岡町,133
2000,10361,群馬県,多野郡,新町,138
2000,10362,群馬県,多野郡,鬼石町,138
2000,10363,群馬県,多野郡,吉井町,134
2000,10364,群馬県,多野郡,万場町,139
2000,10365,群馬県,多野郡,中里村,139
2000,10366,群馬県,多野郡,上野村,139
2000,10381,群馬県,甘楽郡,妙義町,134
2000,10382,群馬県,甘楽郡,下仁田町,134
2000,10383,群馬県,甘楽郡,南牧村,134
2000,10384,群馬県,甘楽郡,甘楽町,134
2000,10401,群馬県,碓氷郡,松井田町,134
2000,10421,群馬県,吾妻郡,中之条町,133
2000,10422,群馬県,吾妻郡,東村,133
2000,10423,群馬県,吾妻郡,吾妻町,133
2000,10424,群馬県,吾妻郡,長野原町,140
2000,10425,群馬県,吾妻郡,嬬恋村,140
2000,10426,群馬県,吾妻郡,草津町,140
2000,10427,群馬県,吾妻郡,六合村,140
2000,10428,群馬県,吾妻郡,高山村,133
2000,10441,群馬県,利根郡,白沢村,136
2000,10442,群馬県,利根郡,利根村,136
2000,10443,群馬県,利根郡,片品村,136
2000,10444,群馬県,利根郡,川場村,136
2000,10445,群馬県,利根郡,月夜野町,136
2000,10446,群馬県,利根郡,水上町,136
2000,10447,群馬県,利根郡,新治村,136
2000,10448,群馬県,利根郡,昭和村,136
2000,10461,群馬県,佐波郡,赤堀町,135
2000,10462,群馬県,佐波郡,東村,135
2000,10463,群馬県,佐波郡,境町,135
2000,10464,群馬県,佐波郡,玉村町,134
2000,10481,群馬県,新田郡,尾島町,135
2000,10482,群馬県,新田郡,新田町,135
2000,10483,群馬県,新田郡,藪塚本町,135
2000,10484,群馬県,新田郡,笠懸町,135
2000,10501,群馬県,山田郡,大間々町,135
2000,10521,群馬県,邑楽郡,板倉町,137
2000,10522,群馬県,邑楽郡,明和町,137
2000,10523,群馬県,邑楽郡,千代田町,137
2000,10524,群馬県,邑楽郡,大泉町,135
2000,10525,群馬県,邑楽郡,邑楽町,137
2000,11201,埼玉県,,川越市,141
2000,11202,埼玉県,,熊谷市,142
2000,11203,埼玉県,,川口市,143
2000,11204,埼玉県,,浦和市,143
2000,11205,埼玉県,,大宮市,143
2000,11206,埼玉県,,行田市,142
2000,11207,埼玉県,,秩父市,144
2000,11208,埼玉県,,所沢市,145
2000,11209,埼玉県,,飯能市,145
2000,11210,埼玉県,,加須市,128
2000,11211,埼玉県,,本庄市,138
2000,11212,埼玉県,,東松山市,141
2000,11213,埼玉県,,岩槻市,146
2000,11214,埼玉県,,春日部市,146
2000,11215,埼玉県,,狭山市,145
2000,11216,埼玉県,,羽生市,128
2000,11217,埼玉県,,鴻巣市,142
2000,11218,埼玉県,,深谷市,142
2000,11219,埼玉県,,上尾市,143
2000,11220,埼玉県,,与野市,143
2000,11221,埼玉県,,草加市,147
2000,11222,埼玉県,,越谷市,147
2000,11223,埼玉県,,蕨市,143
2000,11224,埼玉県,,戸田市,143
2000,11225,埼玉県,,入間市,145
2000,11226,埼玉県,,鳩ヶ谷市,143
2000,11227,埼玉県,,朝霞市,148
2000,11228,埼玉県,,志木市,148
2000,11229,埼玉県,,和光市,148
2000,11230,埼玉県,,新座市,148
2000,11231,埼玉県,,桶川市,143
2000,11232,埼玉県,,久喜市,128
2000,11233,埼玉県,,北本市,143
2000,11234,埼玉県,,八潮市,147
2000,11235,埼玉県,,富士見市,149
2000,11236,埼玉県,,上福岡市,149
2000,11237,埼玉県,,三郷市,147
2000,11238,埼玉県,,蓮田市,143
2000,11239,埼玉県,,坂戸市,141
2000,11240,埼玉県,,幸手市,128
2000,11241,埼玉県,,鶴ヶ島市,141
2000,11242,埼玉県,,日高市,145
2000,11243,埼玉県,,吉川市,147
2000,11301,埼玉県,北足立郡,伊奈町,143
2000,11304,埼玉県,北足立郡,吹上町,142
2000,11322,埼玉県,入間郡,大井町,149
2000,11324,埼玉県,入間郡,三芳町,149
2000,11326,埼玉県,入間郡,毛呂山町,141
2000,11327,埼玉県,入間郡,越生町,141
2000,11330,埼玉県,入間郡,名栗村,145
2000,11341,埼玉県,比企郡,滑川町,141
2000,11342,埼玉県,比企郡,嵐山町,141
2000,11343,埼玉県,比企郡,小川町,141
2000,11344,埼玉県,比企郡,都幾川村,141
2000,11345,埼玉県,比企郡,玉川村,141
2000,11346,埼玉県,比企郡,川島町,141
2000,11347,埼玉県,比企郡,吉見町,141
2000,11348,埼玉県,比企郡,鳩山町,141
2000,11361,埼玉県,秩父郡,横瀬町,144
2000,11362,埼玉県,秩父郡,皆野町,144
2000,11363,埼玉県,秩父郡,長瀞町,144
2000,11364,埼玉県,秩父郡,吉田町,144
2000,11365,埼玉県,秩父郡,小鹿野町,144
2000,11366,埼玉県,秩父郡,両神村,144
2000,11367,埼玉県,秩父郡,大滝村,144
2000,11368,埼玉県,秩父郡,荒川村,144
2000,11369,埼玉県,秩父郡,東秩父村,141
2000,11381,埼玉県,児玉郡,美里町,138
2000,11382,埼玉県,児玉郡,児玉町,138
2000,11383,埼玉県,児玉郡,神川町,138
2000,11384,埼玉県,児玉郡,神泉村,138
2000,11385,埼玉県,児玉郡,上里町,138
2000,11401,埼玉県,大里郡,大里村,142
2000,11402,埼玉県,大里郡,江南町,142
2000,11403,埼玉県,大里郡,妻沼町,142
2000,11405,埼玉県,大里郡,岡部町,142
2000,11406,埼玉県,大里郡,川本町,142
2000,11407,埼玉県,大里郡,花園町,142
2000,11408,埼玉県,大里郡,寄居町,142
2000,11421,埼玉県,北埼玉郡,騎西町,128
2000,11422,埼玉県,北埼玉郡,南河原村,142
2000,11423,埼玉県,北埼玉郡,川里村,142
2000,11424,埼玉県,北埼玉郡,北川辺町,120
2000,11425,埼玉県,北埼玉郡,大利根町,128
2000,11442,埼玉県,南埼玉郡,宮代町,146
2000,11445,埼玉県,南埼玉郡,白岡町,143
2000,11446,埼玉県,南埼玉郡,菖蒲町,128
2000,11461,埼玉県,北葛飾郡,栗橋町,128
2000,11462,埼玉県,北葛飾郡,鷲宮町,128
2000,11464,埼玉県,北葛飾郡,杉戸町,146
2000,11465,埼玉県,北葛飾郡,松伏町,147
2000,11468,埼玉県,北葛飾郡,庄和町,146
2000,12100,千葉県,,千葉市,150
2000,12202,千葉県,,銚子市,151
2000,12203,千葉県,,市川市,148
2000,12204,千葉県,,船橋市,152
2000,12205,千葉県,,館山市,153
2000,12206,千葉県,,木更津市,154
2000,12207,千葉県,,松戸市,155
2000,12208,千葉県,,野田市,155
2000,12209,千葉県,,佐原市,156
2000,12210,千葉県,,茂原市,157
2000,12211,千葉県,,成田市,156
2000,12212,千葉県,,佐倉市,152
2000,12213,千葉県,,東金市,150
2000,12214,千葉県,,八日市場市,151
2000,12215,千葉県,,旭市,151
2000,12216,千葉県,,習志野市,152
2000,12217,千葉県,,柏市,155
2000,12218,千葉県,,勝浦市,157
2000,12219,千葉県,,市原市,154
2000,12220,千葉県,,流山市,155
2000,12221,千葉県,,八千代市,152
2000,12222,千葉県,,我孫子市,155
2000,12223,千葉県,,鴨川市,153
2000,12224,千葉県,,鎌ヶ谷市,152
2000,12225,千葉県,,君津市,154
2000,12226,千葉県,,富津市,154
2000,12227,千葉県,,浦安市,148
2000,12228,千葉県,,四街道市,150
2000,12229,千葉県,,袖ヶ浦市,154
2000,12230,千葉県,,八街市,150
2000,12231,千葉県,,印西市,152
2000,12303,千葉県,東葛飾郡,関宿町,155
2000,12305,千葉県,東葛飾郡,沼南町,155
2000,12322,千葉県,印旛郡,酒々井町,152
2000,12324,千葉県,印旛郡,富里町,156
2000,12325,千葉県,印旛郡,印旛村,152
2000,12326,千葉県,印旛郡,白井町,152
2000,12328,千葉県,印旛郡,本埜村,152
2000,12329,千葉県,印旛郡,栄町,152
2000,12341,千葉県,香取郡,下総町,156
2000,12342,千葉県,香取郡,神崎町,156
2000,12343,千葉県,香取郡,大栄町,156
2000,12344,千葉県,香取郡,小見川町,156
2000,12345,千葉県,香取郡,山田町,156
2000,12346,千葉県,香取郡,栗源町,156
2000,12347,千葉県,香取郡,多古町,156
2000,12348,千葉県,香取郡,干潟町,151
2000,12349,千葉県,香取郡,東庄町,126
2000,12361,千葉県,海上郡,海上町,151
2000,12362,千葉県,海上郡,飯岡町,151
2000,12381,千葉県,匝瑳郡,光町,151
2000,12382,千葉県,匝瑳郡,野栄町,151
2000,12402,千葉県,山武郡,大網白里町,150
2000,12403,千葉県,山武郡,九十九里町,150
2000,12404,千葉県,山武郡,成東町,150
2000,12405,千葉県,山武郡,山武町,150
2000,12406,千葉県,山武郡,蓮沼村,150
2000,12407,千葉県,山武郡,松尾町,150
2000,12408,千葉県,山武郡,横芝町,151
2000,12409,千葉県,山武郡,芝山町,156
2000,12421,千葉県,長生郡,一宮町,157
2000,12422,千葉県,長生郡,睦沢町,157
2000,12423,千葉県,長生郡,長生村,157
2000,12424,千葉県,長生郡,白子町,157
2000,12426,千葉県,長生郡,長柄町,157
2000,12427,千葉県,長生郡,長南町,157
2000,12441,千葉県,夷隅郡,大多喜町,157
2000,12442,千葉県,夷隅郡,夷隅町,157
2000,12443,千葉県,夷隅郡,御宿町,157
2000,12444,千葉県,夷隅郡,大原町,157
2000,12445,千葉県,夷隅郡,岬町,157
2000,12461,千葉県,安房郡,富浦町,153
2000,12462,千葉県,安房郡,富山町,153
2000,12463,千葉県,安房郡,鋸南町,153
2000,12464,千葉県,安房郡,三芳村,153
2000,12465,千葉県,安房郡,白浜町,153
2000,12466,千葉県,安房郡,千倉町,153
2000,12467,千葉県,安房郡,丸山町,153
2000,12468,千葉県,安房郡,和田町,153
2000,12472,千葉県,安房郡,天津小湊町,153
2000,13101,東京都,,千代田区,148
2000,13102,東京都,,中央区,148
2000,13103,東京都,,港区,148
2000,13104,東京都,,新宿区,148
2000,13105,東京都,,文京区,148
2000,13106,東京都,,台東区,148
2000,13107,東京都,,墨田区,148
2000,13108,東京都,,江東区,148
2000,13109,東京都,,品川区,148
2000,13110,東京都,,目黒区,148
2000,13111,東京都,,大田区,148
2000,13112,東京都,,世田谷区,148
2000,13113,東京都,,渋谷区,148
2000,13114,東京都,,中野区,148
2000,13115,東京都,,杉並区,148
2000,13116,東京都,,豊島区,148
2000,13117,東京都,,北区,148
2000,13118,東京都,,荒川区,148
2000,13119,東京都,,板橋区,148
2000,13120,東京都,,練馬区,148
2000,13121,東京都,,足立区,148
2000,13122,東京都,,葛飾区,148
2000,13123,東京都,,江戸川区,148
2000,13201,東京都,,八王子市,158
2000,13202,東京都,,立川市,159
2000,13203,東京都,,武蔵野市,148
2000,13204,東京都,,三鷹市,148
2000,13205,東京都,,青梅市,159
2000,13206,東京都,,府中市,148
2000,13207,東京都,,昭島市,159
2000,13208,東京都,,調布市,148
2000,13209,東京都,,町田市,160
2000,13210,東京都,,小金井市,148
2000,13211,東京都,,小平市,148
2000,13212,東京都,,日野市,158
2000,13213,東京都,,東村山市,148
2000,13214,東京都,,国分寺市,148
2000,13215,東京都,,国立市,148
2000,13216,東京都,,田無市,148
2000,13217,東京都,,保谷市,148
2000,13218,東京都,,福生市,159
2000,13219,東京都,,狛江市,148
2000,13220,東京都,,東大和市,148
2000,13221,東京都,,清瀬市,148
2000,13222,東京都,,東久留米市,148
2000,13223,東京都,,武蔵村山市,159
2000,13224,東京都,,多摩市,158
2000,13225,東京都,,稲城市,148
2000,13227,東京都,,羽村市,159
2000,13228,東京都,,あきる野市,159
2000,13303,東京都,西多摩郡,瑞穂町,159
2000,13305,東京都,西多摩郡,日の出町,159
2000,13307,東京都,西多摩郡,檜原村,159
2000,13308,東京都,西多摩郡,奥多摩町,159
2000,13361,東京都,大島支庁,大島町,413
2000,13362,東京都,大島支庁,利島村,414
2000,13363,東京都,大島支庁,新島村,415
2000,13364,東京都,大島支庁,神津島村,416
2000,13381,東京都,三宅支庁,三宅村,NA
2000,13382,東京都,三宅支庁,御蔵島村,417
2000,13401,東京都,八丈支庁,八丈町,418
2000,13402,東京都,八丈支庁,青ヶ島村,419
2000,13421,東京都,小笠原支庁,小笠原村,420
2000,14100,神奈川県,,横浜市,161
2000,14130,神奈川県,,川崎市,148
2000,14201,神奈川県,,横須賀市,161
2000,14203,神奈川県,,平塚市,162
2000,14204,神奈川県,,鎌倉市,161
2000,14205,神奈川県,,藤沢市,161
2000,14206,神奈川県,,小田原市,162
2000,14207,神奈川県,,茅ヶ崎市,161
2000,14208,神奈川県,,逗子市,161
2000,14209,神奈川県,,相模原市,160
2000,14210,神奈川県,,三浦市,161
2000,14211,神奈川県,,秦野市,162
2000,14212,神奈川県,,厚木市,160
2000,14213,神奈川県,,大和市,161
2000,14214,神奈川県,,伊勢原市,160
2000,14215,神奈川県,,海老名市,161
2000,14216,神奈川県,,座間市,161
2000,14217,神奈川県,,南足柄市,162
2000,14218,神奈川県,,綾瀬市,161
2000,14301,神奈川県,三浦郡,葉山町,161
2000,14321,神奈川県,高座郡,寒川町,161
2000,14341,神奈川県,中郡,大磯町,162
2000,14342,神奈川県,中郡,二宮町,162
2000,14361,神奈川県,足柄上郡,中井町,162
2000,14362,神奈川県,足柄上郡,大井町,162
2000,14363,神奈川県,足柄上郡,松田町,162
2000,14364,神奈川県,足柄上郡,山北町,162
2000,14366,神奈川県,足柄上郡,開成町,162
2000,14382,神奈川県,足柄下郡,箱根町,162
2000,14383,神奈川県,足柄下郡,真鶴町,163
2000,14384,神奈川県,足柄下郡,湯河原町,163
2000,14401,神奈川県,愛甲郡,愛川町,160
2000,14402,神奈川県,愛甲郡,清川村,160
2000,14421,神奈川県,津久井郡,城山町,160
2000,14422,神奈川県,津久井郡,津久井町,160
2000,14423,神奈川県,津久井郡,相模湖町,158
2000,14424,神奈川県,津久井郡,藤野町,158
2000,15201,新潟県,,新潟市,164
2000,15202,新潟県,,長岡市,165
2000,15204,新潟県,,三条市,166
2000,15205,新潟県,,柏崎市,167
2000,15206,新潟県,,新発田市,168
2000,15207,新潟県,,新津市,164
2000,15208,新潟県,,小千谷市,165
2000,15209,新潟県,,加茂市,166
2000,15210,新潟県,,十日町市,169
2000,15211,新潟県,,見附市,165
2000,15212,新潟県,,村上市,168
2000,15213,新潟県,,燕市,170
2000,15215,新潟県,,栃尾市,165
2000,15216,新潟県,,糸魚川市,171
2000,15217,新潟県,,新井市,172
2000,15218,新潟県,,五泉市,173
2000,15219,新潟県,,両津市,421
2000,15220,新潟県,,白根市,164
2000,15221,新潟県,,豊栄市,164
2000,15222,新潟県,,上越市,172
2000,15301,新潟県,北蒲原郡,安田町,164
2000,15302,新潟県,北蒲原郡,京ヶ瀬村,164
2000,15303,新潟県,北蒲原郡,水原町,164
2000,15304,新潟県,北蒲原郡,笹神村,164
2000,15306,新潟県,北蒲原郡,豊浦町,168
2000,15307,新潟県,北蒲原郡,聖籠町,168
2000,15308,新潟県,北蒲原郡,加治川村,168
2000,15309,新潟県,北蒲原郡,紫雲寺町,168
2000,15310,新潟県,北蒲原郡,中条町,168
2000,15311,新潟県,北蒲原郡,黒川村,168
2000,15321,新潟県,中蒲原郡,小須戸町,164
2000,15322,新潟県,中蒲原郡,村松町,173
2000,15323,新潟県,中蒲原郡,横越町,164
2000,15324,新潟県,中蒲原郡,亀田町,164
2000,15341,新潟県,西蒲原郡,岩室村,170
2000,15342,新潟県,西蒲原郡,弥彦村,170
2000,15343,新潟県,西蒲原郡,分水町,170
2000,15344,新潟県,西蒲原郡,吉田町,170
2000,15345,新潟県,西蒲原郡,巻町,170
2000,15346,新潟県,西蒲原郡,西川町,164
2000,15347,新潟県,西蒲原郡,黒埼町,164
2000,15348,新潟県,西蒲原郡,味方村,164
2000,15349,新潟県,西蒲原郡,潟東村,170
2000,15350,新潟県,西蒲原郡,月潟村,164
2000,15351,新潟県,西蒲原郡,中之口村,170
2000,15361,新潟県,南蒲原郡,田上町,166
2000,15362,新潟県,南蒲原郡,下田村,166
2000,15363,新潟県,南蒲原郡,栄町,166
2000,15364,新潟県,南蒲原郡,中之島町,165
2000,15381,新潟県,東蒲原郡,津川町,173
2000,15382,新潟県,東蒲原郡,鹿瀬町,173
2000,15383,新潟県,東蒲原郡,上川村,173
2000,15384,新潟県,東蒲原郡,三川村,173
2000,15401,新潟県,三島郡,越路町,165
2000,15402,新潟県,三島郡,三島町,165
2000,15403,新潟県,三島郡,与板町,165
2000,15404,新潟県,三島郡,和島村,170
2000,15405,新潟県,三島郡,出雲崎町,167
2000,15406,新潟県,三島郡,寺泊町,170
2000,15421,新潟県,古志郡,山古志村,165
2000,15441,新潟県,北魚沼郡,川口町,165
2000,15442,新潟県,北魚沼郡,堀之内町,174
2000,15443,新潟県,北魚沼郡,小出町,174
2000,15444,新潟県,北魚沼郡,湯之谷村,174
2000,15445,新潟県,北魚沼郡,広神村,174
2000,15446,新潟県,北魚沼郡,守門村,174
2000,15447,新潟県,北魚沼郡,入広瀬村,174
2000,15461,新潟県,南魚沼郡,湯沢町,174
2000,15462,新潟県,南魚沼郡,塩沢町,174
2000,15463,新潟県,南魚沼郡,六日町,174
2000,15464,新潟県,南魚沼郡,大和町,174
2000,15481,新潟県,中魚沼郡,川西町,169
2000,15482,新潟県,中魚沼郡,津南町,169
2000,15483,新潟県,中魚沼郡,中里村,169
2000,15501,新潟県,刈羽郡,高柳町,167
2000,15502,新潟県,刈羽郡,小国町,165
2000,15504,新潟県,刈羽郡,刈羽村,167
2000,15505,新潟県,刈羽郡,西山町,167
2000,15521,新潟県,東頸城郡,安塚町,172
2000,15522,新潟県,東頸城郡,浦川原村,172
2000,15523,新潟県,東頸城郡,松代町,175
2000,15524,新潟県,東頸城郡,松之山町,175
2000,15525,新潟県,東頸城郡,大島村,172
2000,15526,新潟県,東頸城郡,牧村,172
2000,15541,新潟県,中頸城郡,柿崎町,172
2000,15542,新潟県,中頸城郡,大潟町,172
2000,15543,新潟県,中頸城郡,頸城村,172
2000,15544,新潟県,中頸城郡,吉川町,172
2000,15545,新潟県,中頸城郡,妙高高原町,172
2000,15546,新潟県,中頸城郡,中郷村,172
2000,15547,新潟県,中頸城郡,妙高村,172
2000,15548,新潟県,中頸城郡,板倉町,172
2000,15549,新潟県,中頸城郡,清里村,172
2000,15550,新潟県,中頸城郡,三和村,172
2000,15561,新潟県,西頸城郡,名立町,171
2000,15562,新潟県,西頸城郡,能生町,171
2000,15563,新潟県,西頸城郡,青海町,171
2000,15581,新潟県,岩船郡,関川村,168
2000,15582,新潟県,岩船郡,荒川町,168
2000,15583,新潟県,岩船郡,神林村,168
2000,15584,新潟県,岩船郡,朝日村,168
2000,15585,新潟県,岩船郡,山北町,104
2000,15586,新潟県,岩船郡,粟島浦村,422
2000,15601,新潟県,佐渡郡,相川町,421
2000,15602,新潟県,佐渡郡,佐和田町,421
2000,15603,新潟県,佐渡郡,金井町,421
2000,15604,新潟県,佐渡郡,新穂村,421
2000,15605,新潟県,佐渡郡,畑野町,421
2000,15606,新潟県,佐渡郡,真野町,421
2000,15607,新潟県,佐渡郡,小木町,421
2000,15608,新潟県,佐渡郡,羽茂町,421
2000,15609,新潟県,佐渡郡,赤泊村,421
2000,16201,富山県,,富山市,176
2000,16202,富山県,,高岡市,177
2000,16203,富山県,,新湊市,177
2000,16204,富山県,,魚津市,178
2000,16205,富山県,,氷見市,177
2000,16206,富山県,,滑川市,178
2000,16207,富山県,,黒部市,178
2000,16208,富山県,,砺波市,177
2000,16209,富山県,,小矢部市,177
2000,16301,富山県,上新川郡,大沢野町,176
2000,16302,富山県,上新川郡,大山町,176
2000,16321,富山県,中新川郡,舟橋村,176
2000,16322,富山県,中新川郡,上市町,176
2000,16323,富山県,中新川郡,立山町,176
2000,16341,富山県,下新川郡,宇奈月町,178
2000,16342,富山県,下新川郡,入善町,178
2000,16343,富山県,下新川郡,朝日町,178
2000,16361,富山県,婦負郡,八尾町,176
2000,16362,富山県,婦負郡,婦中町,176
2000,16363,富山県,婦負郡,山田村,176
2000,16364,富山県,婦負郡,細入村,176
2000,16381,富山県,射水郡,小杉町,177
2000,16382,富山県,射水郡,大門町,177
2000,16383,富山県,射水郡,下村,177
2000,16384,富山県,射水郡,大島町,177
2000,16401,富山県,東礪波郡,城端町,177
2000,16402,富山県,東礪波郡,平村,179
2000,16403,富山県,東礪波郡,上平村,179
2000,16404,富山県,東礪波郡,利賀村,180
2000,16405,富山県,東礪波郡,庄川町,177
2000,16406,富山県,東礪波郡,井波町,177
2000,16407,富山県,東礪波郡,井口村,177
2000,16408,富山県,東礪波郡,福野町,177
2000,16421,富山県,西礪波郡,福光町,177
2000,16422,富山県,西礪波郡,福岡町,177
2000,17201,石川県,,金沢市,181
2000,17202,石川県,,七尾市,182
2000,17203,石川県,,小松市,181
2000,17204,石川県,,輪島市,183
2000,17205,石川県,,珠洲市,183
2000,17206,石川県,,加賀市,184
2000,17207,石川県,,羽咋市,182
2000,17208,石川県,,松任市,181
2000,17301,石川県,江沼郡,山中町,184
2000,17321,石川県,能美郡,根上町,181
2000,17322,石川県,能美郡,寺井町,181
2000,17323,石川県,能美郡,辰口町,181
2000,17324,石川県,能美郡,川北町,181
2000,17342,石川県,石川郡,美川町,181
2000,17343,石川県,石川郡,鶴来町,181
2000,17344,石川県,石川郡,野々市町,181
2000,17345,石川県,石川郡,河内村,181
2000,17346,石川県,石川郡,吉野谷村,181
2000,17347,石川県,石川郡,鳥越村,181
2000,17348,石川県,石川郡,尾口村,181
2000,17349,石川県,石川郡,白峰村,185
2000,17361,石川県,河北郡,津幡町,181
2000,17362,石川県,河北郡,高松町,181
2000,17363,石川県,河北郡,七塚町,181
2000,17364,石川県,河北郡,宇ノ気町,181
2000,17365,石川県,河北郡,内灘町,181
2000,17382,石川県,羽咋郡,富来町,182
2000,17383,石川県,羽咋郡,志雄町,182
2000,17384,石川県,羽咋郡,志賀町,182
2000,17385,石川県,羽咋郡,押水町,182
2000,17401,石川県,鹿島郡,田鶴浜町,182
2000,17402,石川県,鹿島郡,鳥屋町,182
2000,17403,石川県,鹿島郡,中島町,182
2000,17404,石川県,鹿島郡,鹿島町,182
2000,17405,石川県,鹿島郡,能登島町,423
2000,17406,石川県,鹿島郡,鹿西町,182
2000,17421,石川県,鳳至郡,穴水町,183
2000,17422,石川県,鳳至郡,門前町,183
2000,17423,石川県,鳳至郡,能都町,183
2000,17424,石川県,鳳至郡,柳田村,183
2000,17441,石川県,珠洲郡,内浦町,183
2000,18201,福井県,,福井市,186
2000,18202,福井県,,敦賀市,187
2000,18203,福井県,,武生市,188
2000,18204,福井県,,小浜市,187
2000,18205,福井県,,大野市,186
2000,18206,福井県,,勝山市,186
2000,18207,福井県,,鯖江市,188
2000,18302,福井県,足羽郡,美山町,186
2000,18321,福井県,吉田郡,松岡町,186
2000,18322,福井県,吉田郡,永平寺町,186
2000,18323,福井県,吉田郡,上志比村,186
2000,18342,福井県,大野郡,和泉村,186
2000,18361,福井県,坂井郡,三国町,186
2000,18362,福井県,坂井郡,芦原町,186
2000,18363,福井県,坂井郡,金津町,186
2000,18364,福井県,坂井郡,丸岡町,186
2000,18365,福井県,坂井郡,春江町,186
2000,18366,福井県,坂井郡,坂井町,186
2000,18381,福井県,今立郡,今立町,188
2000,18382,福井県,今立郡,池田町,188
2000,18401,福井県,南条郡,南条町,188
2000,18402,福井県,南条郡,今庄町,188
2000,18403,福井県,南条郡,河野村,188
2000,18421,福井県,丹生郡,朝日町,188
2000,18422,福井県,丹生郡,宮崎村,188
2000,18423,福井県,丹生郡,越前町,188
2000,18424,福井県,丹生郡,越廼村,186
2000,18425,福井県,丹生郡,織田町,188
2000,18426,福井県,丹生郡,清水町,186
2000,18441,福井県,三方郡,三方町,187
2000,18442,福井県,三方郡,美浜町,187
2000,18461,福井県,遠敷郡,上中町,187
2000,18462,福井県,遠敷郡,名田庄村,187
2000,18481,福井県,大飯郡,高浜町,187
2000,18482,福井県,大飯郡,大飯町,187
2000,19201,山梨県,,甲府市,189
2000,19202,山梨県,,富士吉田市,190
2000,19203,山梨県,,塩山市,191
2000,19204,山梨県,,都留市,190
2000,19205,山梨県,,山梨市,191
2000,19206,山梨県,,大月市,190
2000,19207,山梨県,,韮崎市,192
2000,19301,山梨県,東山梨郡,春日居町,189
2000,19302,山梨県,東山梨郡,牧丘町,191
2000,19303,山梨県,東山梨郡,三富村,191
2000,19304,山梨県,東山梨郡,勝沼町,191
2000,19305,山梨県,東山梨郡,大和村,191
2000,19321,山梨県,東八代郡,石和町,189
2000,19322,山梨県,東八代郡,御坂町,189
2000,19323,山梨県,東八代郡,一宮町,189
2000,19324,山梨県,東八代郡,八代町,189
2000,19325,山梨県,東八代郡,境川村,189
2000,19326,山梨県,東八代郡,中道町,189
2000,19327,山梨県,東八代郡,芦川村,193
2000,19328,山梨県,東八代郡,豊富村,189
2000,19341,山梨県,西八代郡,上九一色村,190
2000,19342,山梨県,西八代郡,三珠町,189
2000,19343,山梨県,西八代郡,市川大門町,189
2000,19344,山梨県,西八代郡,六郷町,194
2000,19345,山梨県,西八代郡,下部町,194
2000,19361,山梨県,南巨摩郡,増穂町,189
2000,19362,山梨県,南巨摩郡,鰍沢町,189
2000,19363,山梨県,南巨摩郡,中富町,194
2000,19364,山梨県,南巨摩郡,早川町,194
2000,19365,山梨県,南巨摩郡,身延町,194
2000,19366,山梨県,南巨摩郡,南部町,195
2000,19367,山梨県,南巨摩郡,富沢町,195
2000,19381,山梨県,中巨摩郡,竜王町,189
2000,19382,山梨県,中巨摩郡,敷島町,189
2000,19383,山梨県,中巨摩郡,玉穂町,189
2000,19384,山梨県,中巨摩郡,昭和町,189
2000,19385,山梨県,中巨摩郡,田富町,189
2000,19386,山梨県,中巨摩郡,八田村,189
2000,19387,山梨県,中巨摩郡,白根町,189
2000,19388,山梨県,中巨摩郡,芦安村,189
2000,19389,山梨県,中巨摩郡,若草町,189
2000,19390,山梨県,中巨摩郡,櫛形町,189
2000,19391,山梨県,中巨摩郡,甲西町,189
2000,19401,山梨県,北巨摩郡,双葉町,189
2000,19402,山梨県,北巨摩郡,明野村,192
2000,19403,山梨県,北巨摩郡,須玉町,192
2000,19404,山梨県,北巨摩郡,高根町,192
2000,19405,山梨県,北巨摩郡,長坂町,192
2000,19406,山梨県,北巨摩郡,大泉村,192
2000,19407,山梨県,北巨摩郡,小淵沢町,192
2000,19408,山梨県,北巨摩郡,白州町,192
2000,19409,山梨県,北巨摩郡,武川村,192
2000,19421,山梨県,南都留郡,秋山村,158
2000,19422,山梨県,南都留郡,道志村,190
2000,19423,山梨県,南都留郡,西桂町,190
2000,19424,山梨県,南都留郡,忍野村,190
2000,19425,山梨県,南都留郡,山中湖村,190
2000,19426,山梨県,南都留郡,河口湖町,190
2000,19427,山梨県,南都留郡,勝山村,190
2000,19428,山梨県,南都留郡,足和田村,190
2000,19429,山梨県,南都留郡,鳴沢村,190
2000,19441,山梨県,北都留郡,上野原町,158
2000,19442,山梨県,北都留郡,小菅村,196
2000,19443,山梨県,北都留郡,丹波山村,196
2000,20201,長野県,,長野市,197
2000,20202,長野県,,松本市,198
2000,20203,長野県,,上田市,199
2000,20204,長野県,,岡谷市,200
2000,20205,長野県,,飯田市,201
2000,20206,長野県,,諏訪市,200
2000,20207,長野県,,須坂市,197
2000,20208,長野県,,小諸市,202
2000,20209,長野県,,伊那市,203
2000,20210,長野県,,駒ヶ根市,203
2000,20211,長野県,,中野市,204
2000,20212,長野県,,大町市,205
2000,20213,長野県,,飯山市,204
2000,20214,長野県,,茅野市,200
2000,20215,長野県,,塩尻市,198
2000,20216,長野県,,更埴市,206
2000,20217,長野県,,佐久市,202
2000,20301,長野県,南佐久郡,臼田町,202
2000,20302,長野県,南佐久郡,佐久町,202
2000,20303,長野県,南佐久郡,小海町,207
2000,20304,長野県,南佐久郡,川上村,207
2000,20305,長野県,南佐久郡,南牧村,207
2000,20306,長野県,南佐久郡,南相木村,207
2000,20307,長野県,南佐久郡,北相木村,207
2000,20308,長野県,南佐久郡,八千穂村,202
2000,20321,長野県,北佐久郡,軽井沢町,202
2000,20322,長野県,北佐久郡,望月町,202
2000,20323,長野県,北佐久郡,御代田町,202
2000,20324,長野県,北佐久郡,立科町,202
2000,20325,長野県,北佐久郡,浅科村,202
2000,20326,長野県,北佐久郡,北御牧村,199
2000,20341,長野県,小県郡,丸子町,199
2000,20342,長野県,小県郡,長門町,199
2000,20343,長野県,小県郡,東部町,199
2000,20345,長野県,小県郡,真田町,199
2000,20346,長野県,小県郡,武石村,199
2000,20347,長野県,小県郡,和田村,199
2000,20349,長野県,小県郡,青木村,199
2000,20361,長野県,諏訪郡,下諏訪町,200
2000,20362,長野県,諏訪郡,富士見町,200
2000,20363,長野県,諏訪郡,原村,200
2000,20381,長野県,上伊那郡,高遠町,203
2000,20382,長野県,上伊那郡,辰野町,203
2000,20383,長野県,上伊那郡,箕輪町,203
2000,20384,長野県,上伊那郡,飯島町,203
2000,20385,長野県,上伊那郡,南箕輪村,203
2000,20386,長野県,上伊那郡,中川村,203
2000,20387,長野県,上伊那郡,長谷村,203
2000,20388,長野県,上伊那郡,宮田村,203
2000,20402,長野県,下伊那郡,松川町,203
2000,20403,長野県,下伊那郡,高森町,201
2000,20404,長野県,下伊那郡,阿南町,201
2000,20406,長野県,下伊那郡,清内路村,201
2000,20407,長野県,下伊那郡,阿智村,201
2000,20408,長野県,下伊那郡,浪合村,201
2000,20409,長野県,下伊那郡,平谷村,201
2000,20410,長野県,下伊那郡,根羽村,208
2000,20411,長野県,下伊那郡,下條村,201
2000,20412,長野県,下伊那郡,売木村,201
2000,20413,長野県,下伊那郡,天龍村,209
2000,20414,長野県,下伊那郡,泰阜村,201
2000,20415,長野県,下伊那郡,喬木村,201
2000,20416,長野県,下伊那郡,豊丘村,201
2000,20417,長野県,下伊那郡,大鹿村,210
2000,20418,長野県,下伊那郡,上村,211
2000,20419,長野県,下伊那郡,南信濃村,211
2000,20421,長野県,木曽郡,木曽福島町,212
2000,20422,長野県,木曽郡,上松町,212
2000,20423,長野県,木曽郡,南木曽町,212
2000,20424,長野県,木曽郡,楢川村,198
2000,20425,長野県,木曽郡,木祖村,212
2000,20426,長野県,木曽郡,日義村,212
2000,20427,長野県,木曽郡,開田村,212
2000,20428,長野県,木曽郡,三岳村,212
2000,20429,長野県,木曽郡,王滝村,212
2000,20430,長野県,木曽郡,大桑村,212
2000,20431,長野県,木曽郡,山口村,213
2000,20441,長野県,東筑摩郡,明科町,198
2000,20443,長野県,東筑摩郡,四賀村,198
2000,20444,長野県,東筑摩郡,本城村,198
2000,20445,長野県,東筑摩郡,坂北村,198
2000,20446,長野県,東筑摩郡,麻績村,198
2000,20447,長野県,東筑摩郡,坂井村,198
2000,20448,長野県,東筑摩郡,生坂村,198
2000,20449,長野県,東筑摩郡,波田町,198
2000,20450,長野県,東筑摩郡,山形村,198
2000,20451,長野県,東筑摩郡,朝日村,198
2000,20461,長野県,南安曇郡,豊科町,198
2000,20462,長野県,南安曇郡,穂高町,198
2000,20463,長野県,南安曇郡,奈川村,214
2000,20464,長野県,南安曇郡,安曇村,214
2000,20465,長野県,南安曇郡,梓川村,198
2000,20466,長野県,南安曇郡,三郷村,198
2000,20467,長野県,南安曇郡,堀金村,198
2000,20481,長野県,北安曇郡,池田町,205
2000,20482,長野県,北安曇郡,松川村,205
2000,20483,長野県,北安曇郡,八坂村,205
2000,20484,長野県,北安曇郡,美麻村,205
2000,20485,長野県,北安曇郡,白馬村,205
2000,20486,長野県,北安曇郡,小谷村,205
2000,20501,長野県,更級郡,上山田町,206
2000,20502,長野県,更級郡,大岡村,197
2000,20521,長野県,埴科郡,坂城町,206
2000,20522,長野県,埴科郡,戸倉町,206
2000,20541,長野県,上高井郡,小布施町,197
2000,20543,長野県,上高井郡,高山村,197
2000,20561,長野県,下高井郡,山ノ内町,204
2000,20562,長野県,下高井郡,木島平村,204
2000,20563,長野県,下高井郡,野沢温泉村,204
2000,20581,長野県,上水内郡,信州新町,197
2000,20582,長野県,上水内郡,豊野町,197
2000,20583,長野県,上水内郡,信濃町,197
2000,20584,長野県,上水内郡,牟礼村,197
2000,20585,長野県,上水内郡,三水村,197
2000,20586,長野県,上水内郡,戸隠村,197
2000,20587,長野県,上水内郡,鬼無里村,197
2000,20588,長野県,上水内郡,小川村,197
2000,20589,長野県,上水内郡,中条村,197
2000,20601,長野県,下水内郡,豊田村,204
2000,20602,長野県,下水内郡,栄村,169
2000,21201,岐阜県,,岐阜市,215
2000,21202,岐阜県,,大垣市,216
2000,21203,岐阜県,,高山市,217
2000,21204,岐阜県,,多治見市,218
2000,21205,岐阜県,,関市,219
2000,21206,岐阜県,,中津川市,213
2000,21207,岐阜県,,美濃市,219
2000,21208,岐阜県,,瑞浪市,218
2000,21209,岐阜県,,羽島市,215
2000,21210,岐阜県,,恵那市,213
2000,21211,岐阜県,,美濃加茂市,220
2000,21212,岐阜県,,土岐市,218
2000,21213,岐阜県,,各務原市,215
2000,21214,岐阜県,,可児市,220
2000,21301,岐阜県,羽島郡,川島町,221
2000,21302,岐阜県,羽島郡,岐南町,215
2000,21303,岐阜県,羽島郡,笠松町,215
2000,21304,岐阜県,羽島郡,柳津町,215
2000,21321,岐阜県,海津郡,海津町,216
2000,21322,岐阜県,海津郡,平田町,216
2000,21323,岐阜県,海津郡,南濃町,216
2000,21341,岐阜県,養老郡,養老町,216
2000,21342,岐阜県,養老郡,上石津町,216
2000,21361,岐阜県,不破郡,垂井町,216
2000,21362,岐阜県,不破郡,関ヶ原町,216
2000,21381,岐阜県,安八郡,神戸町,216
2000,21382,岐阜県,安八郡,輪之内町,216
2000,21383,岐阜県,安八郡,安八町,216
2000,21384,岐阜県,安八郡,墨俣町,216
2000,21401,岐阜県,揖斐郡,揖斐川町,222
2000,21402,岐阜県,揖斐郡,谷汲村,222
2000,21403,岐阜県,揖斐郡,大野町,222
2000,21404,岐阜県,揖斐郡,池田町,222
2000,21405,岐阜県,揖斐郡,春日村,222
2000,21406,岐阜県,揖斐郡,久瀬村,222
2000,21407,岐阜県,揖斐郡,藤橋村,222
2000,21408,岐阜県,揖斐郡,坂内村,222
2000,21421,岐阜県,本巣郡,北方町,215
2000,21422,岐阜県,本巣郡,本巣町,215
2000,21423,岐阜県,本巣郡,穂積町,215
2000,21424,岐阜県,本巣郡,巣南町,215
2000,21425,岐阜県,本巣郡,真正町,215
2000,21426,岐阜県,本巣郡,糸貫町,215
2000,21427,岐阜県,本巣郡,根尾村,215
2000,21441,岐阜県,山県郡,高富町,215
2000,21442,岐阜県,山県郡,伊自良村,215
2000,21443,岐阜県,山県郡,美山町,215
2000,21461,岐阜県,武儀郡,洞戸村,219
2000,21462,岐阜県,武儀郡,板取村,219
2000,21463,岐阜県,武儀郡,武芸川町,219
2000,21464,岐阜県,武儀郡,武儀町,219
2000,21465,岐阜県,武儀郡,上之保村,219
2000,21481,岐阜県,郡上郡,八幡町,223
2000,21482,岐阜県,郡上郡,大和町,223
2000,21483,岐阜県,郡上郡,白鳥町,223
2000,21484,岐阜県,郡上郡,高鷲村,223
2000,21485,岐阜県,郡上郡,美並村,223
2000,21486,岐阜県,郡上郡,明宝村,223
2000,21487,岐阜県,郡上郡,和良村,223
2000,21501,岐阜県,加茂郡,坂祝町,220
2000,21502,岐阜県,加茂郡,富加町,219
2000,21503,岐阜県,加茂郡,川辺町,220
2000,21504,岐阜県,加茂郡,七宗町,220
2000,21505,岐阜県,加茂郡,八百津町,220
2000,21506,岐阜県,加茂郡,白川町,224
2000,21507,岐阜県,加茂郡,東白川村,224
2000,21521,岐阜県,可児郡,御嵩町,220
2000,21523,岐阜県,可児郡,兼山町,220
2000,21541,岐阜県,土岐郡,笠原町,218
2000,21561,岐阜県,恵那郡,坂下町,213
2000,21562,岐阜県,恵那郡,川上村,213
2000,21563,岐阜県,恵那郡,加子母村,213
2000,21564,岐阜県,恵那郡,付知町,213
2000,21565,岐阜県,恵那郡,福岡町,213
2000,21566,岐阜県,恵那郡,蛭川村,213
2000,21567,岐阜県,恵那郡,岩村町,213
2000,21568,岐阜県,恵那郡,山岡町,218
2000,21569,岐阜県,恵那郡,明智町,218
2000,21570,岐阜県,恵那郡,串原村,218
2000,21571,岐阜県,恵那郡,上矢作町,218
2000,21581,岐阜県,益田郡,萩原町,225
2000,21582,岐阜県,益田郡,小坂町,225
2000,21583,岐阜県,益田郡,下呂町,225
2000,21584,岐阜県,益田郡,金山町,223
2000,21585,岐阜県,益田郡,馬瀬村,225
2000,21601,岐阜県,大野郡,丹生川村,217
2000,21602,岐阜県,大野郡,清見村,217
2000,21603,岐阜県,大野郡,荘川村,226
2000,21604,岐阜県,大野郡,白川村,226
2000,21605,岐阜県,大野郡,宮村,217
2000,21606,岐阜県,大野郡,久々野町,217
2000,21607,岐阜県,大野郡,朝日村,217
2000,21608,岐阜県,大野郡,高根村,217
2000,21621,岐阜県,吉城郡,古川町,217
2000,21622,岐阜県,吉城郡,国府町,217
2000,21623,岐阜県,吉城郡,河合村,217
2000,21624,岐阜県,吉城郡,宮川村,217
2000,21625,岐阜県,吉城郡,神岡町,227
2000,21626,岐阜県,吉城郡,上宝村,227
2000,22201,静岡県,,静岡市,228
2000,22202,静岡県,,浜松市,229
2000,22203,静岡県,,沼津市,230
2000,22204,静岡県,,清水市,195
2000,22205,静岡県,,熱海市,163
2000,22206,静岡県,,三島市,230
2000,22207,静岡県,,富士宮市,195
2000,22208,静岡県,,伊東市,231
2000,22209,静岡県,,島田市,228
2000,22210,静岡県,,富士市,195
2000,22211,静岡県,,磐田市,229
2000,22212,静岡県,,焼津市,228
2000,22213,静岡県,,掛川市,232
2000,22214,静岡県,,藤枝市,228
2000,22215,静岡県,,御殿場市,230
2000,22216,静岡県,,袋井市,229
2000,22217,静岡県,,天竜市,229
2000,22218,静岡県,,浜北市,229
2000,22219,静岡県,,下田市,231
2000,22220,静岡県,,裾野市,230
2000,22221,静岡県,,湖西市,229
2000,22301,静岡県,賀茂郡,東伊豆町,231
2000,22302,静岡県,賀茂郡,河津町,231
2000,22304,静岡県,賀茂郡,南伊豆町,231
2000,22305,静岡県,賀茂郡,松崎町,233
2000,22306,静岡県,賀茂郡,西伊豆町,233
2000,22307,静岡県,賀茂郡,賀茂村,233
2000,22321,静岡県,田方郡,伊豆長岡町,230
2000,22322,静岡県,田方郡,修善寺町,230
2000,22323,静岡県,田方郡,戸田村,234
2000,22324,静岡県,田方郡,土肥町,233
2000,22325,静岡県,田方郡,函南町,230
2000,22326,静岡県,田方郡,韮山町,230
2000,22327,静岡県,田方郡,大仁町,230
2000,22328,静岡県,田方郡,天城湯ヶ島町,230
2000,22329,静岡県,田方郡,中伊豆町,230
2000,22341,静岡県,駿東郡,清水町,230
2000,22342,静岡県,駿東郡,長泉町,230
2000,22344,静岡県,駿東郡,小山町,230
2000,22361,静岡県,富士郡,芝川町,195
2000,22381,静岡県,庵原郡,富士川町,195
2000,22382,静岡県,庵原郡,蒲原町,195
2000,22383,静岡県,庵原郡,由比町,195
2000,22401,静岡県,志太郡,岡部町,228
2000,22402,静岡県,志太郡,大井川町,228
2000,22421,静岡県,榛原郡,御前崎町,232
2000,22422,静岡県,榛原郡,相良町,232
2000,22423,静岡県,榛原郡,榛原町,228
2000,22424,静岡県,榛原郡,吉田町,228
2000,22425,静岡県,榛原郡,金谷町,228
2000,22426,静岡県,榛原郡,川根町,228
2000,22427,静岡県,榛原郡,中川根町,228
2000,22428,静岡県,榛原郡,本川根町,228
2000,22442,静岡県,小笠郡,大須賀町,232
2000,22444,静岡県,小笠郡,浜岡町,232
2000,22445,静岡県,小笠郡,小笠町,232
2000,22446,静岡県,小笠郡,菊川町,232
2000,22447,静岡県,小笠郡,大東町,232
2000,22461,静岡県,周智郡,森町,229
2000,22462,静岡県,周智郡,春野町,235
2000,22481,静岡県,磐田郡,浅羽町,229
2000,22482,静岡県,磐田郡,福田町,229
2000,22483,静岡県,磐田郡,竜洋町,229
2000,22484,静岡県,磐田郡,豊田町,229
2000,22485,静岡県,磐田郡,豊岡村,229
2000,22486,静岡県,磐田郡,龍山村,229
2000,22487,静岡県,磐田郡,佐久間町,209
2000,22488,静岡県,磐田郡,水窪町,209
2000,22502,静岡県,浜名郡,舞阪町,229
2000,22503,静岡県,浜名郡,新居町,229
2000,22505,静岡県,浜名郡,雄踏町,229
2000,22521,静岡県,引佐郡,細江町,229
2000,22522,静岡県,引佐郡,引佐町,229
2000,22523,静岡県,引佐郡,三ヶ日町,229
2000,23100,愛知県,,名古屋市,236
2000,23201,愛知県,,豊橋市,237
2000,23202,愛知県,,岡崎市,238
2000,23203,愛知県,,一宮市,221
2000,23204,愛知県,,瀬戸市,236
2000,23205,愛知県,,半田市,239
2000,23206,愛知県,,春日井市,221
2000,23207,愛知県,,豊川市,237
2000,23208,愛知県,,津島市,236
2000,23209,愛知県,,碧南市,238
2000,23210,愛知県,,刈谷市,238
2000,23211,愛知県,,豊田市,240
2000,23212,愛知県,,安城市,238
2000,23213,愛知県,,西尾市,238
2000,23214,愛知県,,蒲郡市,237
2000,23215,愛知県,,犬山市,221
2000,23216,愛知県,,常滑市,239
2000,23217,愛知県,,江南市,221
2000,23218,愛知県,,尾西市,221
2000,23219,愛知県,,小牧市,221
2000,23220,愛知県,,稲沢市,221
2000,23221,愛知県,,新城市,237
2000,23222,愛知県,,東海市,239
2000,23223,愛知県,,大府市,239
2000,23224,愛知県,,知多市,239
2000,23225,愛知県,,知立市,238
2000,23226,愛知県,,尾張旭市,236
2000,23227,愛知県,,高浜市,238
2000,23228,愛知県,,岩倉市,221
2000,23229,愛知県,,豊明市,236
2000,23230,愛知県,,日進市,236
2000,23302,愛知県,愛知郡,東郷町,236
2000,23304,愛知県,愛知郡,長久手町,236
2000,23341,愛知県,西春日井郡,西枇杷島町,236
2000,23342,愛知県,西春日井郡,豊山町,221
2000,23343,愛知県,西春日井郡,師勝町,221
2000,23344,愛知県,西春日井郡,西春町,221
2000,23345,愛知県,西春日井郡,春日町,221
2000,23346,愛知県,西春日井郡,清洲町,236
2000,23347,愛知県,西春日井郡,新川町,236
2000,23361,愛知県,丹羽郡,大口町,221
2000,23362,愛知県,丹羽郡,扶桑町,221
2000,23381,愛知県,葉栗郡,木曽川町,221
2000,23401,愛知県,中島郡,祖父江町,221
2000,23402,愛知県,中島郡,平和町,236
2000,23421,愛知県,海部郡,七宝町,236
2000,23422,愛知県,海部郡,美和町,236
2000,23423,愛知県,海部郡,甚目寺町,236
2000,23424,愛知県,海部郡,大治町,236
2000,23425,愛知県,海部郡,蟹江町,236
2000,23426,愛知県,海部郡,十四山村,236
2000,23427,愛知県,海部郡,飛島村,236
2000,23428,愛知県,海部郡,弥富町,236
2000,23429,愛知県,海部郡,佐屋町,236
2000,23430,愛知県,海部郡,立田村,236
2000,23431,愛知県,海部郡,八開村,236
2000,23432,愛知県,海部郡,佐織町,236
2000,23441,愛知県,知多郡,阿久比町,239
2000,23442,愛知県,知多郡,東浦町,239
2000,23445,愛知県,知多郡,南知多町,239
2000,23446,愛知県,知多郡,美浜町,239
2000,23447,愛知県,知多郡,武豊町,239
2000,23481,愛知県,幡豆郡,一色町,238
2000,23482,愛知県,幡豆郡,吉良町,238
2000,23483,愛知県,幡豆郡,幡豆町,238
2000,23501,愛知県,額田郡,幸田町,238
2000,23502,愛知県,額田郡,額田町,238
2000,23521,愛知県,西加茂郡,三好町,240
2000,23522,愛知県,西加茂郡,藤岡町,240
2000,23523,愛知県,西加茂郡,小原村,240
2000,23541,愛知県,東加茂郡,足助町,240
2000,23543,愛知県,東加茂郡,下山村,240
2000,23544,愛知県,東加茂郡,旭町,240
2000,23561,愛知県,北設楽郡,設楽町,208
2000,23562,愛知県,北設楽郡,東栄町,208
2000,23563,愛知県,北設楽郡,豊根村,208
2000,23564,愛知県,北設楽郡,富山村,209
2000,23565,愛知県,北設楽郡,津具村,208
2000,23566,愛知県,北設楽郡,稲武町,208
2000,23581,愛知県,南設楽郡,鳳来町,237
2000,23582,愛知県,南設楽郡,作手村,237
2000,23601,愛知県,宝飯郡,音羽町,237
2000,23602,愛知県,宝飯郡,一宮町,237
2000,23603,愛知県,宝飯郡,小坂井町,237
2000,23604,愛知県,宝飯郡,御津町,237
2000,23621,愛知県,渥美郡,田原町,237
2000,23622,愛知県,渥美郡,赤羽根町,241
2000,23623,愛知県,渥美郡,渥美町,241
2000,24201,三重県,,津市,242
2000,24202,三重県,,四日市市,243
2000,24203,三重県,,伊勢市,244
2000,24204,三重県,,松阪市,244
2000,24205,三重県,,桑名市,243
2000,24206,三重県,,上野市,245
2000,24207,三重県,,鈴鹿市,242
2000,24208,三重県,,名張市,245
2000,24209,三重県,,尾鷲市,246
2000,24210,三重県,,亀山市,242
2000,24211,三重県,,鳥羽市,244
2000,24212,三重県,,熊野市,247
2000,24213,三重県,,久居市,242
2000,24301,三重県,桑名郡,多度町,243
2000,24302,三重県,桑名郡,長島町,243
2000,24303,三重県,桑名郡,木曽岬町,243
2000,24321,三重県,員弁郡,北勢町,243
2000,24322,三重県,員弁郡,員弁町,243
2000,24323,三重県,員弁郡,大安町,243
2000,24324,三重県,員弁郡,東員町,243
2000,24325,三重県,員弁郡,藤原町,243
2000,24341,三重県,三重郡,菰野町,243
2000,24342,三重県,三重郡,楠町,243
2000,24343,三重県,三重郡,朝日町,243
2000,24344,三重県,三重郡,川越町,243
2000,24361,三重県,鈴鹿郡,関町,242
2000,24381,三重県,安芸郡,河芸町,242
2000,24382,三重県,安芸郡,芸濃町,242
2000,24383,三重県,安芸郡,美里村,242
2000,24384,三重県,安芸郡,安濃町,242
2000,24402,三重県,一志郡,香良洲町,242
2000,24403,三重県,一志郡,一志町,242
2000,24404,三重県,一志郡,白山町,242
2000,24405,三重県,一志郡,嬉野町,242
2000,24406,三重県,一志郡,美杉村,242
2000,24407,三重県,一志郡,三雲町,242
2000,24421,三重県,飯南郡,飯南町,244
2000,24422,三重県,飯南郡,飯高町,244
2000,24441,三重県,多気郡,多気町,244
2000,24442,三重県,多気郡,明和町,244
2000,24443,三重県,多気郡,大台町,244
2000,24444,三重県,多気郡,勢和村,244
2000,24445,三重県,多気郡,宮川村,244
2000,24461,三重県,度会郡,玉城町,244
2000,24462,三重県,度会郡,二見町,244
2000,24463,三重県,度会郡,小俣町,244
2000,24464,三重県,度会郡,南勢町,248
2000,24465,三重県,度会郡,南島町,249
2000,24466,三重県,度会郡,大宮町,244
2000,24467,三重県,度会郡,紀勢町,246
2000,24468,三重県,度会郡,御薗村,244
2000,24469,三重県,度会郡,大内山村,246
2000,24470,三重県,度会郡,度会町,244
2000,24481,三重県,阿山郡,伊賀町,245
2000,24482,三重県,阿山郡,島ヶ原村,245
2000,24483,三重県,阿山郡,阿山町,245
2000,24484,三重県,阿山郡,大山田村,245
2000,24501,三重県,名賀郡,青山町,245
2000,24521,三重県,志摩郡,浜島町,248
2000,24522,三重県,志摩郡,大王町,248
2000,24523,三重県,志摩郡,志摩町,248
2000,24524,三重県,志摩郡,阿児町,248
2000,24525,三重県,志摩郡,磯部町,248
2000,24541,三重県,北牟婁郡,紀伊長島町,246
2000,24542,三重県,北牟婁郡,海山町,246
2000,24561,三重県,南牟婁郡,御浜町,247
2000,24562,三重県,南牟婁郡,紀宝町,247
2000,24563,三重県,南牟婁郡,紀和町,247
2000,24564,三重県,南牟婁郡,鵜殿村,247
2000,25201,滋賀県,,大津市,250
2000,25202,滋賀県,,彦根市,251
2000,25203,滋賀県,,長浜市,252
2000,25204,滋賀県,,近江八幡市,251
2000,25205,滋賀県,,八日市市,251
2000,25206,滋賀県,,草津市,250
2000,25207,滋賀県,,守山市,250
2000,25301,滋賀県,滋賀郡,志賀町,250
2000,25321,滋賀県,栗太郡,栗東町,250
2000,25342,滋賀県,野洲郡,中主町,250
2000,25343,滋賀県,野洲郡,野洲町,250
2000,25361,滋賀県,甲賀郡,石部町,250
2000,25362,滋賀県,甲賀郡,甲西町,250
2000,25363,滋賀県,甲賀郡,水口町,250
2000,25364,滋賀県,甲賀郡,土山町,250
2000,25365,滋賀県,甲賀郡,甲賀町,250
2000,25366,滋賀県,甲賀郡,甲南町,250
2000,25367,滋賀県,甲賀郡,信楽町,250
2000,25381,滋賀県,蒲生郡,安土町,251
2000,25382,滋賀県,蒲生郡,蒲生町,251
2000,25383,滋賀県,蒲生郡,日野町,251
2000,25384,滋賀県,蒲生郡,竜王町,251
2000,25401,滋賀県,神崎郡,永源寺町,251
2000,25402,滋賀県,神崎郡,五個荘町,251
2000,25403,滋賀県,神崎郡,能登川町,251
2000,25421,滋賀県,愛知郡,愛東町,251
2000,25422,滋賀県,愛知郡,湖東町,251
2000,25423,滋賀県,愛知郡,秦荘町,251
2000,25424,滋賀県,愛知郡,愛知川町,251
2000,25441,滋賀県,犬上郡,豊郷町,251
2000,25442,滋賀県,犬上郡,甲良町,251
2000,25443,滋賀県,犬上郡,多賀町,251
2000,25461,滋賀県,坂田郡,山東町,252
2000,25462,滋賀県,坂田郡,伊吹町,252
2000,25463,滋賀県,坂田郡,米原町,252
2000,25464,滋賀県,坂田郡,近江町,252
2000,25481,滋賀県,東浅井郡,浅井町,252
2000,25482,滋賀県,東浅井郡,虎姫町,252
2000,25483,滋賀県,東浅井郡,湖北町,252
2000,25484,滋賀県,東浅井郡,びわ町,252
2000,25501,滋賀県,伊香郡,高月町,252
2000,25502,滋賀県,伊香郡,木之本町,252
2000,25503,滋賀県,伊香郡,余呉町,252
2000,25504,滋賀県,伊香郡,西浅井町,252
2000,25521,滋賀県,高島郡,マキノ町,253
2000,25522,滋賀県,高島郡,今津町,253
2000,25523,滋賀県,高島郡,朽木村,253
2000,25524,滋賀県,高島郡,安曇川町,253
2000,25525,滋賀県,高島郡,高島町,253
2000,25526,滋賀県,高島郡,新旭町,253
2000,26100,京都府,,京都市,254
2000,26201,京都府,,福知山市,255
2000,26202,京都府,,舞鶴市,187
2000,26203,京都府,,綾部市,255
2000,26204,京都府,,宇治市,254
2000,26205,京都府,,宮津市,256
2000,26206,京都府,,亀岡市,257
2000,26207,京都府,,城陽市,254
2000,26208,京都府,,向日市,254
2000,26209,京都府,,長岡京市,254
2000,26210,京都府,,八幡市,258
2000,26211,京都府,,京田辺市,254
2000,26303,京都府,乙訓郡,大山崎町,254
2000,26322,京都府,久世郡,久御山町,254
2000,26343,京都府,綴喜郡,井手町,254
2000,26344,京都府,綴喜郡,宇治田原町,254
2000,26361,京都府,相楽郡,山城町,259
2000,26362,京都府,相楽郡,木津町,259
2000,26363,京都府,相楽郡,加茂町,259
2000,26364,京都府,相楽郡,笠置町,259
2000,26365,京都府,相楽郡,和束町,259
2000,26366,京都府,相楽郡,精華町,259
2000,26367,京都府,相楽郡,南山城村,259
2000,26381,京都府,北桑田郡,京北町,260
2000,26382,京都府,北桑田郡,美山町,260
2000,26401,京都府,船井郡,園部町,257
2000,26402,京都府,船井郡,八木町,257
2000,26403,京都府,船井郡,丹波町,257
2000,26404,京都府,船井郡,日吉町,257
2000,26405,京都府,船井郡,瑞穂町,257
2000,26406,京都府,船井郡,和知町,257
2000,26421,京都府,天田郡,三和町,255
2000,26422,京都府,天田郡,夜久野町,255
2000,26441,京都府,加佐郡,大江町,255
2000,26461,京都府,与謝郡,加悦町,256
2000,26462,京都府,与謝郡,岩滝町,256
2000,26463,京都府,与謝郡,伊根町,256
2000,26464,京都府,与謝郡,野田川町,256
2000,26481,京都府,中郡,峰山町,261
2000,26482,京都府,中郡,大宮町,261
2000,26501,京都府,竹野郡,網野町,261
2000,26502,京都府,竹野郡,丹後町,261
2000,26503,京都府,竹野郡,弥栄町,261
2000,26521,京都府,熊野郡,久美浜町,261
2000,27100,大阪府,,大阪市,258
2000,27201,大阪府,,堺市,262
2000,27202,大阪府,,岸和田市,262
2000,27203,大阪府,,豊中市,258
2000,27204,大阪府,,池田市,258
2000,27205,大阪府,,吹田市,258
2000,27206,大阪府,,泉大津市,262
2000,27207,大阪府,,高槻市,258
2000,27208,大阪府,,貝塚市,262
2000,27209,大阪府,,守口市,258
2000,27210,大阪府,,枚方市,258
2000,27211,大阪府,,茨木市,258
2000,27212,大阪府,,八尾市,263
2000,27213,大阪府,,泉佐野市,262
2000,27214,大阪府,,富田林市,263
2000,27215,大阪府,,寝屋川市,258
2000,27216,大阪府,,河内長野市,263
2000,27217,大阪府,,松原市,263
2000,27218,大阪府,,大東市,258
2000,27219,大阪府,,和泉市,262
2000,27220,大阪府,,箕面市,258
2000,27221,大阪府,,柏原市,263
2000,27222,大阪府,,羽曳野市,263
2000,27223,大阪府,,門真市,258
2000,27224,大阪府,,摂津市,258
2000,27225,大阪府,,高石市,262
2000,27226,大阪府,,藤井寺市,263
2000,27227,大阪府,,東大阪市,258
2000,27228,大阪府,,泉南市,262
2000,27229,大阪府,,四條畷市,258
2000,27230,大阪府,,交野市,258
2000,27231,大阪府,,大阪狭山市,262
2000,27232,大阪府,,阪南市,262
2000,27301,大阪府,三島郡,島本町,258
2000,27321,大阪府,豊能郡,豊能町,258
2000,27322,大阪府,豊能郡,能勢町,258
2000,27341,大阪府,泉北郡,忠岡町,262
2000,27361,大阪府,泉南郡,熊取町,262
2000,27362,大阪府,泉南郡,田尻町,262
2000,27366,大阪府,泉南郡,岬町,262
2000,27381,大阪府,南河内郡,太子町,263
2000,27382,大阪府,南河内郡,河南町,263
2000,27383,大阪府,南河内郡,千早赤阪村,263
2000,27385,大阪府,南河内郡,美原町,262
2000,28100,兵庫県,,神戸市,264
2000,28201,兵庫県,,姫路市,265
2000,28202,兵庫県,,尼崎市,258
2000,28203,兵庫県,,明石市,264
2000,28204,兵庫県,,西宮市,258
2000,28205,兵庫県,,洲本市,266
2000,28206,兵庫県,,芦屋市,258
2000,28207,兵庫県,,伊丹市,258
2000,28208,兵庫県,,相生市,265
2000,28209,兵庫県,,豊岡市,267
2000,28210,兵庫県,,加古川市,264
2000,28211,兵庫県,,龍野市,265
2000,28212,兵庫県,,赤穂市,265
2000,28213,兵庫県,,西脇市,268
2000,28214,兵庫県,,宝塚市,258
2000,28215,兵庫県,,三木市,264
2000,28216,兵庫県,,高砂市,264
2000,28217,兵庫県,,川西市,258
2000,28218,兵庫県,,小野市,268
2000,28219,兵庫県,,三田市,264
2000,28220,兵庫県,,加西市,268
2000,28221,兵庫県,,篠山市,264
2000,28301,兵庫県,川辺郡,猪名川町,258
2000,28321,兵庫県,美嚢郡,吉川町,264
2000,28341,兵庫県,加東郡,社町,268
2000,28342,兵庫県,加東郡,滝野町,268
2000,28343,兵庫県,加東郡,東条町,268
2000,28361,兵庫県,多可郡,中町,268
2000,28362,兵庫県,多可郡,加美町,268
2000,28363,兵庫県,多可郡,八千代町,268
2000,28364,兵庫県,多可郡,黒田庄町,268
2000,28381,兵庫県,加古郡,稲美町,264
2000,28382,兵庫県,加古郡,播磨町,264
2000,28421,兵庫県,飾磨郡,家島町,424
2000,28422,兵庫県,飾磨郡,夢前町,265
2000,28441,兵庫県,神崎郡,神崎町,265
2000,28442,兵庫県,神崎郡,市川町,265
2000,28443,兵庫県,神崎郡,福崎町,265
2000,28444,兵庫県,神崎郡,香寺町,265
2000,28445,兵庫県,神崎郡,大河内町,265
2000,28461,兵庫県,揖保郡,新宮町,265
2000,28462,兵庫県,揖保郡,揖保川町,265
2000,28463,兵庫県,揖保郡,御津町,265
2000,28464,兵庫県,揖保郡,太子町,265
2000,28481,兵庫県,赤穂郡,上郡町,265
2000,28501,兵庫県,佐用郡,佐用町,265
2000,28502,兵庫県,佐用郡,上月町,265
2000,28503,兵庫県,佐用郡,南光町,265
2000,28504,兵庫県,佐用郡,三日月町,265
2000,28521,兵庫県,宍粟郡,山崎町,269
2000,28522,兵庫県,宍粟郡,安富町,269
2000,28523,兵庫県,宍粟郡,一宮町,269
2000,28524,兵庫県,宍粟郡,波賀町,269
2000,28525,兵庫県,宍粟郡,千種町,269
2000,28541,兵庫県,城崎郡,城崎町,267
2000,28542,兵庫県,城崎郡,竹野町,267
2000,28543,兵庫県,城崎郡,香住町,270
2000,28544,兵庫県,城崎郡,日高町,267
2000,28561,兵庫県,出石郡,出石町,267
2000,28562,兵庫県,出石郡,但東町,267
2000,28581,兵庫県,美方郡,村岡町,270
2000,28582,兵庫県,美方郡,浜坂町,270
2000,28583,兵庫県,美方郡,美方町,270
2000,28584,兵庫県,美方郡,温泉町,270
2000,28601,兵庫県,養父郡,八鹿町,271
2000,28602,兵庫県,養父郡,養父町,271
2000,28603,兵庫県,養父郡,大屋町,271
2000,28604,兵庫県,養父郡,関宮町,271
2000,28621,兵庫県,朝来郡,生野町,271
2000,28622,兵庫県,朝来郡,和田山町,271
2000,28623,兵庫県,朝来郡,山東町,271
2000,28624,兵庫県,朝来郡,朝来町,271
2000,28641,兵庫県,氷上郡,柏原町,272
2000,28642,兵庫県,氷上郡,氷上町,272
2000,28643,兵庫県,氷上郡,青垣町,272
2000,28644,兵庫県,氷上郡,春日町,272
2000,28645,兵庫県,氷上郡,山南町,272
2000,28646,兵庫県,氷上郡,市島町,272
2000,28681,兵庫県,津名郡,津名町,266
2000,28682,兵庫県,津名郡,淡路町,266
2000,28683,兵庫県,津名郡,北淡町,266
2000,28684,兵庫県,津名郡,一宮町,266
2000,28685,兵庫県,津名郡,五色町,266
2000,28686,兵庫県,津名郡,東浦町,266
2000,28701,兵庫県,三原郡,緑町,266
2000,28702,兵庫県,三原郡,西淡町,266
2000,28703,兵庫県,三原郡,三原町,266
2000,28704,兵庫県,三原郡,南淡町,266
2000,29201,奈良県,,奈良市,273
2000,29202,奈良県,,大和高田市,274
2000,29203,奈良県,,大和郡山市,273
2000,29204,奈良県,,天理市,273
2000,29205,奈良県,,橿原市,274
2000,29206,奈良県,,桜井市,275
2000,29207,奈良県,,五條市,276
2000,29208,奈良県,,御所市,274
2000,29209,奈良県,,生駒市,258
2000,29210,奈良県,,香芝市,274
2000,29301,奈良県,添上郡,月ヶ瀬村,245
2000,29321,奈良県,山辺郡,都祁村,273
2000,29322,奈良県,山辺郡,山添村,245
2000,29342,奈良県,生駒郡,平群町,258
2000,29343,奈良県,生駒郡,三郷町,273
2000,29344,奈良県,生駒郡,斑鳩町,273
2000,29345,奈良県,生駒郡,安堵町,273
2000,29361,奈良県,磯城郡,川西町,273
2000,29362,奈良県,磯城郡,三宅町,273
2000,29363,奈良県,磯城郡,田原本町,273
2000,29381,奈良県,宇陀郡,大宇陀町,275
2000,29382,奈良県,宇陀郡,菟田野町,275
2000,29383,奈良県,宇陀郡,榛原町,275
2000,29384,奈良県,宇陀郡,室生村,275
2000,29385,奈良県,宇陀郡,曽爾村,245
2000,29386,奈良県,宇陀郡,御杖村,245
2000,29401,奈良県,高市郡,高取町,274
2000,29402,奈良県,高市郡,明日香村,274
2000,29421,奈良県,北葛城郡,新庄町,274
2000,29422,奈良県,北葛城郡,當麻町,274
2000,29424,奈良県,北葛城郡,上牧町,273
2000,29425,奈良県,北葛城郡,王寺町,273
2000,29426,奈良県,北葛城郡,広陵町,274
2000,29427,奈良県,北葛城郡,河合町,273
2000,29441,奈良県,吉野郡,吉野町,277
2000,29442,奈良県,吉野郡,大淀町,277
2000,29443,奈良県,吉野郡,下市町,277
2000,29444,奈良県,吉野郡,黒滝村,277
2000,29445,奈良県,吉野郡,西吉野村,276
2000,29446,奈良県,吉野郡,天川村,277
2000,29447,奈良県,吉野郡,野迫川村,278
2000,29448,奈良県,吉野郡,大塔村,276
2000,29449,奈良県,吉野郡,十津川村,276
2000,29450,奈良県,吉野郡,下北山村,247
2000,29451,奈良県,吉野郡,上北山村,247
2000,29452,奈良県,吉野郡,川上村,277
2000,29453,奈良県,吉野郡,東吉野村,275
2000,30201,和歌山県,,和歌山市,279
2000,30202,和歌山県,,海南市,279
2000,30203,和歌山県,,橋本市,280
2000,30204,和歌山県,,有田市,281
2000,30205,和歌山県,,御坊市,282
2000,30206,和歌山県,,田辺市,283
2000,30207,和歌山県,,新宮市,247
2000,30301,和歌山県,海草郡,下津町,279
2000,30302,和歌山県,海草郡,野上町,279
2000,30303,和歌山県,海草郡,美里町,279
2000,30321,和歌山県,那賀郡,打田町,279
2000,30322,和歌山県,那賀郡,粉河町,279
2000,30323,和歌山県,那賀郡,那賀町,279
2000,30324,和歌山県,那賀郡,桃山町,279
2000,30325,和歌山県,那賀郡,貴志川町,279
2000,30326,和歌山県,那賀郡,岩出町,279
2000,30341,和歌山県,伊都郡,かつらぎ町,280
2000,30342,和歌山県,伊都郡,高野口町,280
2000,30343,和歌山県,伊都郡,九度山町,280
2000,30344,和歌山県,伊都郡,高野町,278
2000,30345,和歌山県,伊都郡,花園村,278
2000,30361,和歌山県,有田郡,湯浅町,281
2000,30362,和歌山県,有田郡,広川町,281
2000,30363,和歌山県,有田郡,吉備町,281
2000,30364,和歌山県,有田郡,金屋町,281
2000,30365,和歌山県,有田郡,清水町,278
2000,30381,和歌山県,日高郡,美浜町,282
2000,30382,和歌山県,日高郡,日高町,282
2000,30383,和歌山県,日高郡,由良町,282
2000,30384,和歌山県,日高郡,川辺町,282
2000,30385,和歌山県,日高郡,中津村,282
2000,30386,和歌山県,日高郡,美山村,282
2000,30387,和歌山県,日高郡,龍神村,282
2000,30388,和歌山県,日高郡,南部川村,283
2000,30389,和歌山県,日高郡,南部町,283
2000,30390,和歌山県,日高郡,印南町,282
2000,30401,和歌山県,西牟婁郡,白浜町,283
2000,30402,和歌山県,西牟婁郡,中辺路町,283
2000,30403,和歌山県,西牟婁郡,大塔村,283
2000,30404,和歌山県,西牟婁郡,上富田町,283
2000,30405,和歌山県,西牟婁郡,日置川町,283
2000,30406,和歌山県,西牟婁郡,すさみ町,283
2000,30407,和歌山県,西牟婁郡,串本町,284
2000,30421,和歌山県,東牟婁郡,那智勝浦町,247
2000,30422,和歌山県,東牟婁郡,太地町,247
2000,30423,和歌山県,東牟婁郡,古座町,284
2000,30424,和歌山県,東牟婁郡,古座川町,284
2000,30425,和歌山県,東牟婁郡,熊野川町,247
2000,30426,和歌山県,東牟婁郡,本宮町,247
2000,30427,和歌山県,東牟婁郡,北山村,247
2000,31201,鳥取県,,鳥取市,285
2000,31202,鳥取県,,米子市,286
2000,31203,鳥取県,,倉吉市,287
2000,31204,鳥取県,,境港市,286
2000,31301,鳥取県,岩美郡,国府町,285
2000,31302,鳥取県,岩美郡,岩美町,285
2000,31303,鳥取県,岩美郡,福部村,285
2000,31321,鳥取県,八頭郡,郡家町,285
2000,31322,鳥取県,八頭郡,船岡町,285
2000,31323,鳥取県,八頭郡,河原町,285
2000,31324,鳥取県,八頭郡,八東町,285
2000,31325,鳥取県,八頭郡,若桜町,285
2000,31326,鳥取県,八頭郡,用瀬町,285
2000,31327,鳥取県,八頭郡,佐治村,285
2000,31328,鳥取県,八頭郡,智頭町,285
2000,31341,鳥取県,気高郡,気高町,285
2000,31342,鳥取県,気高郡,鹿野町,285
2000,31343,鳥取県,気高郡,青谷町,285
2000,31361,鳥取県,東伯郡,羽合町,287
2000,31362,鳥取県,東伯郡,泊村,287
2000,31363,鳥取県,東伯郡,東郷町,287
2000,31364,鳥取県,東伯郡,三朝町,287
2000,31365,鳥取県,東伯郡,関金町,287
2000,31366,鳥取県,東伯郡,北条町,287
2000,31367,鳥取県,東伯郡,大栄町,287
2000,31368,鳥取県,東伯郡,東伯町,287
2000,31369,鳥取県,東伯郡,赤碕町,287
2000,31381,鳥取県,西伯郡,西伯町,286
2000,31382,鳥取県,西伯郡,会見町,286
2000,31383,鳥取県,西伯郡,岸本町,286
2000,31384,鳥取県,西伯郡,日吉津村,286
2000,31385,鳥取県,西伯郡,淀江町,286
2000,31386,鳥取県,西伯郡,大山町,286
2000,31387,鳥取県,西伯郡,名和町,286
2000,31388,鳥取県,西伯郡,中山町,287
2000,31401,鳥取県,日野郡,日南町,286
2000,31402,鳥取県,日野郡,日野町,286
2000,31403,鳥取県,日野郡,江府町,286
2000,31404,鳥取県,日野郡,溝口町,286
2000,32201,島根県,,松江市,288
2000,32202,島根県,,浜田市,289
2000,32203,島根県,,出雲市,290
2000,32204,島根県,,益田市,291
2000,32205,島根県,,大田市,292
2000,32206,島根県,,安来市,288
2000,32207,島根県,,江津市,292
2000,32208,島根県,,平田市,290
2000,32301,島根県,八束郡,鹿島町,288
2000,32302,島根県,八束郡,島根町,288
2000,32303,島根県,八束郡,美保関町,288
2000,32304,島根県,八束郡,東出雲町,288
2000,32305,島根県,八束郡,八雲村,288
2000,32306,島根県,八束郡,玉湯町,288
2000,32307,島根県,八束郡,宍道町,288
2000,32308,島根県,八束郡,八束町,425
2000,32321,島根県,能義郡,広瀬町,288
2000,32322,島根県,能義郡,伯太町,288
2000,32341,島根県,仁多郡,仁多町,293
2000,32342,島根県,仁多郡,横田町,293
2000,32361,島根県,大原郡,大東町,294
2000,32362,島根県,大原郡,加茂町,294
2000,32363,島根県,大原郡,木次町,294
2000,32381,島根県,飯石郡,三刀屋町,294
2000,32382,島根県,飯石郡,吉田村,294
2000,32383,島根県,飯石郡,掛合町,294
2000,32384,島根県,飯石郡,頓原町,295
2000,32385,島根県,飯石郡,赤来町,295
2000,32401,島根県,簸川郡,斐川町,290
2000,32402,島根県,簸川郡,佐田町,290
2000,32403,島根県,簸川郡,多伎町,290
2000,32404,島根県,簸川郡,湖陵町,290
2000,32405,島根県,簸川郡,大社町,290
2000,32421,島根県,邇摩郡,温泉津町,292
2000,32422,島根県,邇摩郡,仁摩町,292
2000,32441,島根県,邑智郡,川本町,292
2000,32442,島根県,邑智郡,邑智町,292
2000,32443,島根県,邑智郡,大和村,292
2000,32444,島根県,邑智郡,羽須美村,296
2000,32445,島根県,邑智郡,瑞穂町,296
2000,32446,島根県,邑智郡,石見町,296
2000,32447,島根県,邑智郡,桜江町,292
2000,32462,島根県,那賀郡,金城町,289
2000,32463,島根県,那賀郡,旭町,289
2000,32464,島根県,那賀郡,弥栄村,289
2000,32465,島根県,那賀郡,三隅町,289
2000,32481,島根県,美濃郡,美都町,291
2000,32482,島根県,美濃郡,匹見町,297
2000,32501,島根県,鹿足郡,津和野町,291
2000,32502,島根県,鹿足郡,日原町,291
2000,32503,島根県,鹿足郡,柿木村,298
2000,32504,島根県,鹿足郡,六日市町,298
2000,32521,島根県,隠岐郡,西郷町,426
2000,32522,島根県,隠岐郡,布施村,426
2000,32523,島根県,隠岐郡,五箇村,426
2000,32524,島根県,隠岐郡,都万村,426
2000,32525,島根県,隠岐郡,海士町,427
2000,32526,島根県,隠岐郡,西ノ島町,428
2000,32527,島根県,隠岐郡,知夫村,429
2000,33201,岡山県,,岡山市,299
2000,33202,岡山県,,倉敷市,300
2000,33203,岡山県,,津山市,301
2000,33204,岡山県,,玉野市,299
2000,33205,岡山県,,笠岡市,300
2000,33207,岡山県,,井原市,302
2000,33208,岡山県,,総社市,300
2000,33209,岡山県,,高梁市,303
2000,33210,岡山県,,新見市,304
2000,33211,岡山県,,備前市,299
2000,33301,岡山県,御津郡,御津町,299
2000,33303,岡山県,御津郡,建部町,305
2000,33305,岡山県,御津郡,加茂川町,306
2000,33321,岡山県,赤磐郡,瀬戸町,299
2000,33322,岡山県,赤磐郡,山陽町,299
2000,33323,岡山県,赤磐郡,赤坂町,299
2000,33324,岡山県,赤磐郡,熊山町,299
2000,33325,岡山県,赤磐郡,吉井町,301
2000,33342,岡山県,和気郡,日生町,299
2000,33344,岡山県,和気郡,吉永町,299
2000,33345,岡山県,和気郡,佐伯町,299
2000,33346,岡山県,和気郡,和気町,299
2000,33361,岡山県,邑久郡,牛窓町,299
2000,33362,岡山県,邑久郡,邑久町,299
2000,33363,岡山県,邑久郡,長船町,299
2000,33401,岡山県,児島郡,灘崎町,299
2000,33423,岡山県,都窪郡,早島町,300
2000,33427,岡山県,都窪郡,山手村,300
2000,33428,岡山県,都窪郡,清音村,300
2000,33441,岡山県,浅口郡,船穂町,300
2000,33442,岡山県,浅口郡,金光町,300
2000,33443,岡山県,浅口郡,鴨方町,300
2000,33444,岡山県,浅口郡,寄島町,300
2000,33445,岡山県,浅口郡,里庄町,300
2000,33461,岡山県,小田郡,矢掛町,302
2000,33462,岡山県,小田郡,美星町,302
2000,33481,岡山県,後月郡,芳井町,302
2000,33503,岡山県,吉備郡,真備町,300
2000,33521,岡山県,上房郡,有漢町,303
2000,33522,岡山県,上房郡,北房町,303
2000,33523,岡山県,上房郡,賀陽町,306
2000,33541,岡山県,川上郡,成羽町,303
2000,33542,岡山県,川上郡,川上町,303
2000,33543,岡山県,川上郡,備中町,303
2000,33561,岡山県,阿哲郡,大佐町,304
2000,33562,岡山県,阿哲郡,神郷町,304
2000,33563,岡山県,阿哲郡,哲多町,304
2000,33564,岡山県,阿哲郡,哲西町,304
2000,33581,岡山県,真庭郡,勝山町,307
2000,33582,岡山県,真庭郡,落合町,307
2000,33583,岡山県,真庭郡,湯原町,308
2000,33584,岡山県,真庭郡,久世町,307
2000,33585,岡山県,真庭郡,美甘村,307
2000,33586,岡山県,真庭郡,新庄村,307
2000,33587,岡山県,真庭郡,川上村,308
2000,33588,岡山県,真庭郡,八束村,308
2000,33589,岡山県,真庭郡,中和村,308
2000,33601,岡山県,苫田郡,加茂町,301
2000,33602,岡山県,苫田郡,富村,307
2000,33603,岡山県,苫田郡,奥津町,301
2000,33604,岡山県,苫田郡,上齋原村,287
2000,33605,岡山県,苫田郡,阿波村,301
2000,33606,岡山県,苫田郡,鏡野町,301
2000,33621,岡山県,勝田郡,勝田町,301
2000,33622,岡山県,勝田郡,勝央町,301
2000,33623,岡山県,勝田郡,奈義町,301
2000,33624,岡山県,勝田郡,勝北町,301
2000,33641,岡山県,英田郡,大原町,309
2000,33642,岡山県,英田郡,東粟倉村,309
2000,33643,岡山県,英田郡,西粟倉村,309
2000,33644,岡山県,英田郡,美作町,301
2000,33645,岡山県,英田郡,作東町,301
2000,33646,岡山県,英田郡,英田町,301
2000,33661,岡山県,久米郡,中央町,301
2000,33662,岡山県,久米郡,旭町,307
2000,33663,岡山県,久米郡,久米南町,305
2000,33664,岡山県,久米郡,久米町,301
2000,33665,岡山県,久米郡,柵原町,301
2000,34100,広島県,,広島市,310
2000,34202,広島県,,呉市,311
2000,34203,広島県,,竹原市,312
2000,34204,広島県,,三原市,312
2000,34205,広島県,,尾道市,313
2000,34206,広島県,,因島市,430
2000,34207,広島県,,福山市,313
2000,34208,広島県,,府中市,313
2000,34209,広島県,,三次市,314
2000,34210,広島県,,庄原市,314
2000,34211,広島県,,大竹市,315
2000,34212,広島県,,東広島市,312
2000,34213,広島県,,廿日市市,310
2000,34302,広島県,安芸郡,府中町,310
2000,34304,広島県,安芸郡,海田町,310
2000,34307,広島県,安芸郡,熊野町,310
2000,34309,広島県,安芸郡,坂町,310
2000,34310,広島県,安芸郡,江田島町,311
2000,34311,広島県,安芸郡,音戸町,311
2000,34312,広島県,安芸郡,倉橋町,311
2000,34313,広島県,安芸郡,下蒲刈町,432
2000,34314,広島県,安芸郡,蒲刈町,433
2000,34323,広島県,佐伯郡,大野町,310
2000,34324,広島県,佐伯郡,湯来町,310
2000,34325,広島県,佐伯郡,佐伯町,310
2000,34326,広島県,佐伯郡,吉和村,310
2000,34327,広島県,佐伯郡,宮島町,434
2000,34328,広島県,佐伯郡,能美町,311
2000,34329,広島県,佐伯郡,沖美町,311
2000,34330,広島県,佐伯郡,大柿町,311
2000,34361,広島県,山県郡,加計町,310
2000,34362,広島県,山県郡,筒賀村,310
2000,34363,広島県,山県郡,戸河内町,310
2000,34364,広島県,山県郡,芸北町,310
2000,34365,広島県,山県郡,大朝町,310
2000,34366,広島県,山県郡,千代田町,310
2000,34367,広島県,山県郡,豊平町,310
2000,34381,広島県,高田郡,吉田町,316
2000,34382,広島県,高田郡,八千代町,310
2000,34383,広島県,高田郡,美土里町,316
2000,34384,広島県,高田郡,高宮町,316
2000,34385,広島県,高田郡,甲田町,316
2000,34386,広島県,高田郡,向原町,316
2000,34402,広島県,賀茂郡,黒瀬町,311
2000,34405,広島県,賀茂郡,福富町,312
2000,34406,広島県,賀茂郡,豊栄町,312
2000,34407,広島県,賀茂郡,大和町,312
2000,34408,広島県,賀茂郡,河内町,312
2000,34421,広島県,豊田郡,本郷町,312
2000,34422,広島県,豊田郡,安芸津町,312
2000,34423,広島県,豊田郡,安浦町,311
2000,34424,広島県,豊田郡,川尻町,311
2000,34425,広島県,豊田郡,豊浜町,435
2000,34426,広島県,豊田郡,豊町,435
2000,34427,広島県,豊田郡,大崎町,436
2000,34428,広島県,豊田郡,東野町,436
2000,34429,広島県,豊田郡,木江町,436
2000,34430,広島県,豊田郡,瀬戸田町,430
2000,34441,広島県,御調郡,御調町,313
2000,34442,広島県,御調郡,久井町,312
2000,34444,広島県,御調郡,向島町,313
2000,34461,広島県,世羅郡,甲山町,317
2000,34462,広島県,世羅郡,世羅町,317
2000,34463,広島県,世羅郡,世羅西町,317
2000,34481,広島県,沼隈郡,内海町,437
2000,34482,広島県,沼隈郡,沼隈町,313
2000,34501,広島県,深安郡,神辺町,313
2000,34524,広島県,芦品郡,新市町,313
2000,34541,広島県,神石郡,油木町,318
2000,34542,広島県,神石郡,神石町,304
2000,34543,広島県,神石郡,豊松村,318
2000,34544,広島県,神石郡,三和町,318
2000,34561,広島県,甲奴郡,上下町,319
2000,34562,広島県,甲奴郡,総領町,319
2000,34563,広島県,甲奴郡,甲奴町,319
2000,34581,広島県,双三郡,君田村,314
2000,34582,広島県,双三郡,布野村,314
2000,34583,広島県,双三郡,作木村,314
2000,34584,広島県,双三郡,吉舎町,314
2000,34585,広島県,双三郡,三良坂町,314
2000,34586,広島県,双三郡,三和町,314
2000,34601,広島県,比婆郡,西城町,314
2000,34602,広島県,比婆郡,東城町,304
2000,34603,広島県,比婆郡,口和町,314
2000,34604,広島県,比婆郡,高野町,314
2000,34605,広島県,比婆郡,比和町,314
2000,35201,山口県,,下関市,320
2000,35202,山口県,,宇部市,321
2000,35203,山口県,,山口市,321
2000,35204,山口県,,萩市,322
2000,35205,山口県,,徳山市,323
2000,35206,山口県,,防府市,321
2000,35207,山口県,,下松市,323
2000,35208,山口県,,岩国市,315
2000,35209,山口県,,小野田市,321
2000,35210,山口県,,光市,323
2000,35211,山口県,,長門市,324
2000,35212,山口県,,柳井市,323
2000,35213,山口県,,美祢市,321
2000,35214,山口県,,新南陽市,323
2000,35301,山口県,大島郡,久賀町,325
2000,35302,山口県,大島郡,大島町,325
2000,35303,山口県,大島郡,東和町,325
2000,35304,山口県,大島郡,橘町,325
2000,35321,山口県,玖珂郡,和木町,315
2000,35322,山口県,玖珂郡,由宇町,315
2000,35323,山口県,玖珂郡,玖珂町,315
2000,35324,山口県,玖珂郡,本郷村,315
2000,35325,山口県,玖珂郡,周東町,315
2000,35326,山口県,玖珂郡,錦町,315
2000,35327,山口県,玖珂郡,大畠町,323
2000,35328,山口県,玖珂郡,美川町,315
2000,35329,山口県,玖珂郡,美和町,315
2000,35341,山口県,熊毛郡,上関町,323
2000,35342,山口県,熊毛郡,大和町,323
2000,35343,山口県,熊毛郡,田布施町,323
2000,35344,山口県,熊毛郡,平生町,323
2000,35345,山口県,熊毛郡,熊毛町,323
2000,35361,山口県,都濃郡,鹿野町,323
2000,35381,山口県,佐波郡,徳地町,321
2000,35401,山口県,吉敷郡,秋穂町,321
2000,35402,山口県,吉敷郡,小郡町,321
2000,35403,山口県,吉敷郡,阿知須町,321
2000,35421,山口県,厚狭郡,楠町,321
2000,35422,山口県,厚狭郡,山陽町,321
2000,35441,山口県,豊浦郡,菊川町,320
2000,35442,山口県,豊浦郡,豊田町,320
2000,35443,山口県,豊浦郡,豊浦町,320
2000,35444,山口県,豊浦郡,豊北町,320
2000,35461,山口県,美祢郡,美東町,321
2000,35462,山口県,美祢郡,秋芳町,321
2000,35481,山口県,大津郡,三隅町,324
2000,35482,山口県,大津郡,日置町,324
2000,35483,山口県,大津郡,油谷町,324
2000,35501,山口県,阿武郡,川上村,322
2000,35502,山口県,阿武郡,阿武町,322
2000,35503,山口県,阿武郡,田万川町,291
2000,35504,山口県,阿武郡,阿東町,322
2000,35505,山口県,阿武郡,むつみ村,322
2000,35506,山口県,阿武郡,須佐町,291
2000,35507,山口県,阿武郡,旭村,322
2000,35508,山口県,阿武郡,福栄村,322
2000,36201,徳島県,,徳島市,326
2000,36202,徳島県,,鳴門市,326
2000,36203,徳島県,,小松島市,327
2000,36204,徳島県,,阿南市,327
2000,36301,徳島県,勝浦郡,勝浦町,327
2000,36302,徳島県,勝浦郡,上勝町,327
2000,36321,徳島県,名東郡,佐那河内村,326
2000,36341,徳島県,名西郡,石井町,326
2000,36342,徳島県,名西郡,神山町,326
2000,36361,徳島県,那賀郡,那賀川町,327
2000,36362,徳島県,那賀郡,羽ノ浦町,327
2000,36363,徳島県,那賀郡,鷲敷町,327
2000,36364,徳島県,那賀郡,相生町,327
2000,36365,徳島県,那賀郡,上那賀町,328
2000,36366,徳島県,那賀郡,木沢村,328
2000,36367,徳島県,那賀郡,木頭村,328
2000,36381,徳島県,海部郡,由岐町,329
2000,36382,徳島県,海部郡,日和佐町,329
2000,36383,徳島県,海部郡,牟岐町,329
2000,36384,徳島県,海部郡,海南町,329
2000,36385,徳島県,海部郡,海部町,329
2000,36386,徳島県,海部郡,宍喰町,329
2000,36401,徳島県,板野郡,松茂町,326
2000,36402,徳島県,板野郡,北島町,326
2000,36403,徳島県,板野郡,藍住町,326
2000,36404,徳島県,板野郡,板野町,326
2000,36405,徳島県,板野郡,上板町,326
2000,36406,徳島県,板野郡,吉野町,326
2000,36407,徳島県,板野郡,土成町,326
2000,36421,徳島県,阿波郡,市場町,326
2000,36422,徳島県,阿波郡,阿波町,326
2000,36441,徳島県,麻植郡,鴨島町,326
2000,36442,徳島県,麻植郡,川島町,326
2000,36443,徳島県,麻植郡,山川町,326
2000,36444,徳島県,麻植郡,美郷村,326
2000,36461,徳島県,美馬郡,脇町,330
2000,36462,徳島県,美馬郡,美馬町,330
2000,36463,徳島県,美馬郡,半田町,330
2000,36464,徳島県,美馬郡,貞光町,330
2000,36465,徳島県,美馬郡,一宇村,330
2000,36466,徳島県,美馬郡,穴吹町,330
2000,36467,徳島県,美馬郡,木屋平村,331
2000,36481,徳島県,三好郡,三野町,332
2000,36482,徳島県,三好郡,三好町,332
2000,36483,徳島県,三好郡,池田町,332
2000,36484,徳島県,三好郡,山城町,332
2000,36485,徳島県,三好郡,井川町,332
2000,36486,徳島県,三好郡,三加茂町,332
2000,36487,徳島県,三好郡,東祖谷山村,332
2000,36488,徳島県,三好郡,西祖谷山村,332
2000,37201,香川県,,高松市,333
2000,37202,香川県,,丸亀市,334
2000,37203,香川県,,坂出市,334
2000,37204,香川県,,善通寺市,334
2000,37205,香川県,,観音寺市,335
2000,37301,香川県,大川郡,引田町,333
2000,37302,香川県,大川郡,白鳥町,333
2000,37303,香川県,大川郡,大内町,333
2000,37304,香川県,大川郡,津田町,333
2000,37305,香川県,大川郡,大川町,333
2000,37306,香川県,大川郡,志度町,333
2000,37307,香川県,大川郡,寒川町,333
2000,37308,香川県,大川郡,長尾町,333
2000,37321,香川県,小豆郡,内海町,438
2000,37322,香川県,小豆郡,土庄町,438
2000,37323,香川県,小豆郡,池田町,438
2000,37341,香川県,木田郡,三木町,333
2000,37342,香川県,木田郡,牟礼町,333
2000,37343,香川県,木田郡,庵治町,333
2000,37361,香川県,香川郡,塩江町,333
2000,37362,香川県,香川郡,香川町,333
2000,37363,香川県,香川郡,香南町,333
2000,37364,香川県,香川郡,直島町,439
2000,37381,香川県,綾歌郡,綾上町,333
2000,37382,香川県,綾歌郡,綾南町,333
2000,37383,香川県,綾歌郡,国分寺町,333
2000,37384,香川県,綾歌郡,綾歌町,334
2000,37385,香川県,綾歌郡,飯山町,334
2000,37386,香川県,綾歌郡,宇多津町,334
2000,37401,香川県,仲多度郡,琴南町,334
2000,37402,香川県,仲多度郡,満濃町,334
2000,37403,香川県,仲多度郡,琴平町,334
2000,37404,香川県,仲多度郡,多度津町,334
2000,37405,香川県,仲多度郡,仲南町,334
2000,37421,香川県,三豊郡,高瀬町,335
2000,37422,香川県,三豊郡,山本町,335
2000,37423,香川県,三豊郡,三野町,335
2000,37424,香川県,三豊郡,大野原町,335
2000,37425,香川県,三豊郡,豊中町,335
2000,37426,香川県,三豊郡,詫間町,335
2000,37427,香川県,三豊郡,仁尾町,335
2000,37428,香川県,三豊郡,豊浜町,335
2000,37429,香川県,三豊郡,財田町,335
2000,38201,愛媛県,,松山市,336
2000,38202,愛媛県,,今治市,337
2000,38203,愛媛県,,宇和島市,338
2000,38204,愛媛県,,八幡浜市,339
2000,38205,愛媛県,,新居浜市,340
2000,38206,愛媛県,,西条市,337
2000,38207,愛媛県,,大洲市,341
2000,38208,愛媛県,,川之江市,340
2000,38209,愛媛県,,伊予三島市,340
2000,38210,愛媛県,,伊予市,336
2000,38211,愛媛県,,北条市,336
2000,38212,愛媛県,,東予市,337
2000,38301,愛媛県,宇摩郡,新宮村,340
2000,38302,愛媛県,宇摩郡,土居町,340
2000,38303,愛媛県,宇摩郡,別子山村,340
2000,38321,愛媛県,周桑郡,小松町,337
2000,38323,愛媛県,周桑郡,丹原町,337
2000,38341,愛媛県,越智郡,朝倉村,337
2000,38342,愛媛県,越智郡,玉川町,337
2000,38343,愛媛県,越智郡,波方町,337
2000,38344,愛媛県,越智郡,大西町,337
2000,38345,愛媛県,越智郡,菊間町,337
2000,38346,愛媛県,越智郡,吉海町,440
2000,38347,愛媛県,越智郡,宮窪町,440
2000,38348,愛媛県,越智郡,伯方町,441
2000,38349,愛媛県,越智郡,魚島村,442
2000,38350,愛媛県,越智郡,弓削町,443
2000,38351,愛媛県,越智郡,生名村,444
2000,38352,愛媛県,越智郡,岩城村,445
2000,38353,愛媛県,越智郡,上浦町,431
2000,38354,愛媛県,越智郡,大三島町,431
2000,38355,愛媛県,越智郡,関前村,446
2000,38361,愛媛県,温泉郡,重信町,336
2000,38362,愛媛県,温泉郡,川内町,336
2000,38363,愛媛県,温泉郡,中島町,447
2000,38381,愛媛県,上浮穴郡,久万町,342
2000,38382,愛媛県,上浮穴郡,面河村,342
2000,38383,愛媛県,上浮穴郡,美川村,342
2000,38384,愛媛県,上浮穴郡,柳谷村,342
2000,38385,愛媛県,上浮穴郡,小田町,343
2000,38401,愛媛県,伊予郡,松前町,336
2000,38402,愛媛県,伊予郡,砥部町,336
2000,38403,愛媛県,伊予郡,広田村,343
2000,38404,愛媛県,伊予郡,中山町,336
2000,38405,愛媛県,伊予郡,双海町,336
2000,38421,愛媛県,喜多郡,長浜町,341
2000,38422,愛媛県,喜多郡,内子町,341
2000,38423,愛媛県,喜多郡,五十崎町,341
2000,38424,愛媛県,喜多郡,肱川町,341
2000,38425,愛媛県,喜多郡,河辺村,341
2000,38441,愛媛県,西宇和郡,保内町,339
2000,38442,愛媛県,西宇和郡,伊方町,339
2000,38443,愛媛県,西宇和郡,瀬戸町,339
2000,38444,愛媛県,西宇和郡,三崎町,339
2000,38445,愛媛県,西宇和郡,三瓶町,339
2000,38461,愛媛県,東宇和郡,明浜町,344
2000,38462,愛媛県,東宇和郡,宇和町,344
2000,38463,愛媛県,東宇和郡,野村町,344
2000,38464,愛媛県,東宇和郡,城川町,344
2000,38481,愛媛県,北宇和郡,吉田町,338
2000,38482,愛媛県,北宇和郡,三間町,338
2000,38483,愛媛県,北宇和郡,広見町,338
2000,38484,愛媛県,北宇和郡,松野町,338
2000,38485,愛媛県,北宇和郡,日吉村,338
2000,38486,愛媛県,北宇和郡,津島町,338
2000,38501,愛媛県,南宇和郡,内海村,345
2000,38502,愛媛県,南宇和郡,御荘町,345
2000,38503,愛媛県,南宇和郡,城辺町,345
2000,38504,愛媛県,南宇和郡,一本松町,345
2000,38505,愛媛県,南宇和郡,西海町,345
2000,39201,高知県,,高知市,346
2000,39202,高知県,,室戸市,347
2000,39203,高知県,,安芸市,347
2000,39204,高知県,,南国市,346
2000,39205,高知県,,土佐市,346
2000,39206,高知県,,須崎市,348
2000,39207,高知県,,中村市,349
2000,39208,高知県,,宿毛市,349
2000,39209,高知県,,土佐清水市,349
2000,39301,高知県,安芸郡,東洋町,329
2000,39302,高知県,安芸郡,奈半利町,347
2000,39303,高知県,安芸郡,田野町,347
2000,39304,高知県,安芸郡,安田町,347
2000,39305,高知県,安芸郡,北川村,347
2000,39306,高知県,安芸郡,馬路村,347
2000,39307,高知県,安芸郡,芸西村,347
2000,39321,高知県,香美郡,赤岡町,346
2000,39322,高知県,香美郡,香我美町,346
2000,39323,高知県,香美郡,土佐山田町,346
2000,39324,高知県,香美郡,野市町,346
2000,39325,高知県,香美郡,夜須町,346
2000,39326,高知県,香美郡,香北町,346
2000,39327,高知県,香美郡,吉川村,346
2000,39328,高知県,香美郡,物部村,346
2000,39341,高知県,長岡郡,本山町,350
2000,39344,高知県,長岡郡,大豊町,350
2000,39361,高知県,土佐郡,鏡村,346
2000,39362,高知県,土佐郡,土佐山村,346
2000,39363,高知県,土佐郡,土佐町,350
2000,39364,高知県,土佐郡,大川村,350
2000,39365,高知県,土佐郡,本川村,350
2000,39381,高知県,吾川郡,伊野町,346
2000,39382,高知県,吾川郡,池川町,351
2000,39383,高知県,吾川郡,春野町,346
2000,39384,高知県,吾川郡,吾川村,351
2000,39385,高知県,吾川郡,吾北村,350
2000,39401,高知県,高岡郡,中土佐町,348
2000,39402,高知県,高岡郡,佐川町,351
2000,39403,高知県,高岡郡,越知町,351
2000,39404,高知県,高岡郡,窪川町,348
2000,39405,高知県,高岡郡,檮原町,352
2000,39406,高知県,高岡郡,大野見村,348
2000,39407,高知県,高岡郡,東津野村,352
2000,39408,高知県,高岡郡,葉山村,348
2000,39409,高知県,高岡郡,仁淀村,351
2000,39410,高知県,高岡郡,日高村,346
2000,39421,高知県,幡多郡,佐賀町,349
2000,39422,高知県,幡多郡,大正町,348
2000,39423,高知県,幡多郡,大方町,349
2000,39424,高知県,幡多郡,大月町,349
2000,39425,高知県,幡多郡,十和村,348
2000,39426,高知県,幡多郡,西土佐村,353
2000,39427,高知県,幡多郡,三原村,349
2000,40100,福岡県,,北九州市,354
2000,40130,福岡県,,福岡市,355
2000,40202,福岡県,,大牟田市,356
2000,40203,福岡県,,久留米市,357
2000,40204,福岡県,,直方市,354
2000,40205,福岡県,,飯塚市,358
2000,40206,福岡県,,田川市,359
2000,40207,福岡県,,柳川市,360
2000,40208,福岡県,,山田市,358
2000,40209,福岡県,,甘木市,361
2000,40210,福岡県,,八女市,357
2000,40211,福岡県,,筑後市,357
2000,40212,福岡県,,大川市,360
2000,40213,福岡県,,行橋市,362
2000,40214,福岡県,,豊前市,363
2000,40215,福岡県,,中間市,354
2000,40216,福岡県,,小郡市,361
2000,40217,福岡県,,筑紫野市,355
2000,40218,福岡県,,春日市,355
2000,40219,福岡県,,大野城市,355
2000,40220,福岡県,,宗像市,355
2000,40221,福岡県,,太宰府市,355
2000,40222,福岡県,,前原市,355
2000,40223,福岡県,,古賀市,355
2000,40305,福岡県,筑紫郡,那珂川町,355
2000,40341,福岡県,糟屋郡,宇美町,355
2000,40342,福岡県,糟屋郡,篠栗町,355
2000,40343,福岡県,糟屋郡,志免町,355
2000,40344,福岡県,糟屋郡,須恵町,355
2000,40345,福岡県,糟屋郡,新宮町,355
2000,40348,福岡県,糟屋郡,久山町,355
2000,40349,福岡県,糟屋郡,粕屋町,355
2000,40362,福岡県,宗像郡,福間町,355
2000,40363,福岡県,宗像郡,津屋崎町,355
2000,40364,福岡県,宗像郡,玄海町,355
2000,40365,福岡県,宗像郡,大島村,448
2000,40381,福岡県,遠賀郡,芦屋町,354
2000,40382,福岡県,遠賀郡,水巻町,354
2000,40383,福岡県,遠賀郡,岡垣町,354
2000,40384,福岡県,遠賀郡,遠賀町,354
2000,40401,福岡県,鞍手郡,小竹町,354
2000,40402,福岡県,鞍手郡,鞍手町,354
2000,40403,福岡県,鞍手郡,宮田町,354
2000,40404,福岡県,鞍手郡,若宮町,354
2000,40421,福岡県,嘉穂郡,桂川町,358
2000,40422,福岡県,嘉穂郡,稲築町,358
2000,40423,福岡県,嘉穂郡,碓井町,358
2000,40424,福岡県,嘉穂郡,嘉穂町,358
2000,40425,福岡県,嘉穂郡,筑穂町,358
2000,40426,福岡県,嘉穂郡,穂波町,358
2000,40427,福岡県,嘉穂郡,庄内町,358
2000,40428,福岡県,嘉穂郡,頴田町,358
2000,40441,福岡県,朝倉郡,杷木町,361
2000,40442,福岡県,朝倉郡,朝倉町,361
2000,40443,福岡県,朝倉郡,三輪町,361
2000,40444,福岡県,朝倉郡,夜須町,355
2000,40445,福岡県,朝倉郡,小石原村,361
2000,40446,福岡県,朝倉郡,宝珠山村,361
2000,40462,福岡県,糸島郡,二丈町,355
2000,40463,福岡県,糸島郡,志摩町,355
2000,40481,福岡県,浮羽郡,吉井町,361
2000,40482,福岡県,浮羽郡,田主丸町,361
2000,40483,福岡県,浮羽郡,浮羽町,361
2000,40501,福岡県,三井郡,北野町,357
2000,40503,福岡県,三井郡,大刀洗町,361
2000,40521,福岡県,三潴郡,城島町,360
2000,40522,福岡県,三潴郡,大木町,360
2000,40523,福岡県,三潴郡,三潴町,357
2000,40541,福岡県,八女郡,黒木町,357
2000,40542,福岡県,八女郡,上陽町,357
2000,40543,福岡県,八女郡,立花町,357
2000,40544,福岡県,八女郡,広川町,357
2000,40545,福岡県,八女郡,矢部村,357
2000,40546,福岡県,八女郡,星野村,357
2000,40561,福岡県,山門郡,瀬高町,360
2000,40562,福岡県,山門郡,大和町,360
2000,40563,福岡県,山門郡,三橋町,360
2000,40564,福岡県,山門郡,山川町,360
2000,40581,福岡県,三池郡,高田町,356
2000,40601,福岡県,田川郡,香春町,359
2000,40602,福岡県,田川郡,添田町,359
2000,40603,福岡県,田川郡,金田町,359
2000,40604,福岡県,田川郡,糸田町,359
2000,40605,福岡県,田川郡,川崎町,359
2000,40606,福岡県,田川郡,赤池町,359
2000,40607,福岡県,田川郡,方城町,359
2000,40608,福岡県,田川郡,大任町,359
2000,40609,福岡県,田川郡,赤村,359
2000,40621,福岡県,京都郡,苅田町,362
2000,40622,福岡県,京都郡,犀川町,362
2000,40623,福岡県,京都郡,勝山町,362
2000,40624,福岡県,京都郡,豊津町,362
2000,40641,福岡県,築上郡,椎田町,362
2000,40642,福岡県,築上郡,吉富町,363
2000,40643,福岡県,築上郡,築城町,362
2000,40644,福岡県,築上郡,新吉富村,363
2000,40645,福岡県,築上郡,大平村,363
2000,41201,佐賀県,,佐賀市,364
2000,41202,佐賀県,,唐津市,365
2000,41203,佐賀県,,鳥栖市,366
2000,41204,佐賀県,,多久市,364
2000,41205,佐賀県,,伊万里市,367
2000,41206,佐賀県,,武雄市,368
2000,41207,佐賀県,,鹿島市,368
2000,41301,佐賀県,佐賀郡,諸富町,360
2000,41302,佐賀県,佐賀郡,川副町,364
2000,41303,佐賀県,佐賀郡,東与賀町,364
2000,41304,佐賀県,佐賀郡,久保田町,364
2000,41305,佐賀県,佐賀郡,大和町,364
2000,41306,佐賀県,佐賀郡,富士町,364
2000,41321,佐賀県,神埼郡,神埼町,366
2000,41322,佐賀県,神埼郡,千代田町,364
2000,41323,佐賀県,神埼郡,三田川町,366
2000,41324,佐賀県,神埼郡,東脊振村,366
2000,41325,佐賀県,神埼郡,脊振村,366
2000,41326,佐賀県,神埼郡,三瀬村,364
2000,41341,佐賀県,三養基郡,基山町,366
2000,41342,佐賀県,三養基郡,中原町,366
2000,41343,佐賀県,三養基郡,北茂安町,366
2000,41344,佐賀県,三養基郡,三根町,366
2000,41345,佐賀県,三養基郡,上峰町,366
2000,41361,佐賀県,小城郡,小城町,364
2000,41362,佐賀県,小城郡,三日月町,364
2000,41363,佐賀県,小城郡,牛津町,364
2000,41364,佐賀県,小城郡,芦刈町,364
2000,41381,佐賀県,東松浦郡,浜玉町,365
2000,41382,佐賀県,東松浦郡,七山村,365
2000,41383,佐賀県,東松浦郡,厳木町,364
2000,41384,佐賀県,東松浦郡,相知町,365
2000,41385,佐賀県,東松浦郡,北波多村,365
2000,41386,佐賀県,東松浦郡,肥前町,365
2000,41387,佐賀県,東松浦郡,玄海町,365
2000,41388,佐賀県,東松浦郡,鎮西町,365
2000,41389,佐賀県,東松浦郡,呼子町,365
2000,41401,佐賀県,西松浦郡,有田町,367
2000,41402,佐賀県,西松浦郡,西有田町,367
2000,41421,佐賀県,杵島郡,山内町,367
2000,41422,佐賀県,杵島郡,北方町,368
2000,41423,佐賀県,杵島郡,大町町,368
2000,41424,佐賀県,杵島郡,江北町,368
2000,41425,佐賀県,杵島郡,白石町,368
2000,41426,佐賀県,杵島郡,福富町,368
2000,41427,佐賀県,杵島郡,有明町,368
2000,41441,佐賀県,藤津郡,太良町,368
2000,41442,佐賀県,藤津郡,塩田町,368
2000,41443,佐賀県,藤津郡,嬉野町,368
2000,42201,長崎県,,長崎市,369
2000,42202,長崎県,,佐世保市,370
2000,42203,長崎県,,島原市,371
2000,42204,長崎県,,諫早市,372
2000,42205,長崎県,,大村市,373
2000,42206,長崎県,,福江市,449
2000,42207,長崎県,,平戸市,450
2000,42208,長崎県,,松浦市,370
2000,42301,長崎県,西彼杵郡,香焼町,369
2000,42302,長崎県,西彼杵郡,伊王島町,451
2000,42303,長崎県,西彼杵郡,高島町,452
2000,42304,長崎県,西彼杵郡,野母崎町,369
2000,42305,長崎県,西彼杵郡,三和町,369
2000,42306,長崎県,西彼杵郡,多良見町,372
2000,42307,長崎県,西彼杵郡,長与町,369
2000,42308,長崎県,西彼杵郡,時津町,369
2000,42309,長崎県,西彼杵郡,琴海町,369
2000,42310,長崎県,西彼杵郡,西彼町,374
2000,42311,長崎県,西彼杵郡,西海町,374
2000,42312,長崎県,西彼杵郡,大島町,453
2000,42313,長崎県,西彼杵郡,崎戸町,454
2000,42314,長崎県,西彼杵郡,大瀬戸町,374
2000,42315,長崎県,西彼杵郡,外海町,369
2000,42321,長崎県,東彼杵郡,東彼杵町,373
2000,42322,長崎県,東彼杵郡,川棚町,373
2000,42323,長崎県,東彼杵郡,波佐見町,373
2000,42341,長崎県,北高来郡,森山町,372
2000,42342,長崎県,北高来郡,飯盛町,372
2000,42343,長崎県,北高来郡,高来町,372
2000,42344,長崎県,北高来郡,小長井町,372
2000,42361,長崎県,南高来郡,有明町,371
2000,42362,長崎県,南高来郡,国見町,371
2000,42363,長崎県,南高来郡,瑞穂町,371
2000,42364,長崎県,南高来郡,吾妻町,372
2000,42365,長崎県,南高来郡,愛野町,372
2000,42366,長崎県,南高来郡,千々石町,372
2000,42367,長崎県,南高来郡,小浜町,372
2000,42368,長崎県,南高来郡,南串山町,372
2000,42369,長崎県,南高来郡,加津佐町,375
2000,42370,長崎県,南高来郡,口之津町,375
2000,42371,長崎県,南高来郡,南有馬町,375
2000,42372,長崎県,南高来郡,北有馬町,375
2000,42373,長崎県,南高来郡,西有家町,371
2000,42374,長崎県,南高来郡,有家町,371
2000,42375,長崎県,南高来郡,布津町,371
2000,42376,長崎県,南高来郡,深江町,371
2000,42381,長崎県,北松浦郡,大島村,455
2000,42382,長崎県,北松浦郡,生月町,456
2000,42383,長崎県,北松浦郡,小値賀町,457
2000,42384,長崎県,北松浦郡,宇久町,458
2000,42385,長崎県,北松浦郡,田平町,370
2000,42386,長崎県,北松浦郡,福島町,459
2000,42387,長崎県,北松浦郡,鷹島町,460
2000,42388,長崎県,北松浦郡,江迎町,370
2000,42389,長崎県,北松浦郡,鹿町町,370
2000,42390,長崎県,北松浦郡,小佐々町,370
2000,42391,長崎県,北松浦郡,佐々町,370
2000,42392,長崎県,北松浦郡,吉井町,370
2000,42393,長崎県,北松浦郡,世知原町,370
2000,42401,長崎県,南松浦郡,富江町,449
2000,42402,長崎県,南松浦郡,玉之浦町,449
2000,42403,長崎県,南松浦郡,三井楽町,449
2000,42404,長崎県,南松浦郡,岐宿町,449
2000,42405,長崎県,南松浦郡,奈留町,461
2000,42406,長崎県,南松浦郡,若松町,462
2000,42407,長崎県,南松浦郡,上五島町,462
2000,42408,長崎県,南松浦郡,新魚目町,462
2000,42409,長崎県,南松浦郡,有川町,462
2000,42410,長崎県,南松浦郡,奈良尾町,462
2000,42421,長崎県,壱岐郡,郷ノ浦町,463
2000,42422,長崎県,壱岐郡,勝本町,463
2000,42423,長崎県,壱岐郡,芦辺町,463
2000,42424,長崎県,壱岐郡,石田町,463
2000,42441,長崎県,対馬支庁,厳原町,464
2000,42442,長崎県,対馬支庁,美津島町,464
2000,42443,長崎県,対馬支庁,豊玉町,464
2000,42444,長崎県,対馬支庁,峰町,464
2000,42445,長崎県,対馬支庁,上県町,465
2000,42446,長崎県,対馬支庁,上対馬町,465
2000,43201,熊本県,,熊本市,376
2000,43202,熊本県,,八代市,377
2000,43203,熊本県,,人吉市,378
2000,43204,熊本県,,荒尾市,356
2000,43205,熊本県,,水俣市,379
2000,43206,熊本県,,玉名市,356
2000,43207,熊本県,,本渡市,466
2000,43208,熊本県,,山鹿市,380
2000,43209,熊本県,,牛深市,467
2000,43210,熊本県,,菊池市,376
2000,43211,熊本県,,宇土市,376
2000,43321,熊本県,宇土郡,三角町,381
2000,43322,熊本県,宇土郡,不知火町,376
2000,43341,熊本県,下益城郡,城南町,376
2000,43342,熊本県,下益城郡,富合町,376
2000,43343,熊本県,下益城郡,松橋町,376
2000,43344,熊本県,下益城郡,小川町,377
2000,43345,熊本県,下益城郡,豊野町,376
2000,43346,熊本県,下益城郡,中央町,376
2000,43347,熊本県,下益城郡,砥用町,376
2000,43361,熊本県,玉名郡,岱明町,356
2000,43362,熊本県,玉名郡,横島町,356
2000,43363,熊本県,玉名郡,天水町,356
2000,43364,熊本県,玉名郡,玉東町,356
2000,43365,熊本県,玉名郡,菊水町,356
2000,43366,熊本県,玉名郡,三加和町,356
2000,43367,熊本県,玉名郡,南関町,356
2000,43368,熊本県,玉名郡,長洲町,356
2000,43381,熊本県,鹿本郡,鹿北町,380
2000,43382,熊本県,鹿本郡,菊鹿町,380
2000,43383,熊本県,鹿本郡,鹿本町,380
2000,43384,熊本県,鹿本郡,鹿央町,380
2000,43385,熊本県,鹿本郡,植木町,376
2000,43401,熊本県,菊池郡,七城町,376
2000,43402,熊本県,菊池郡,旭志村,376
2000,43403,熊本県,菊池郡,大津町,376
2000,43404,熊本県,菊池郡,菊陽町,376
2000,43405,熊本県,菊池郡,合志町,376
2000,43406,熊本県,菊池郡,泗水町,376
2000,43407,熊本県,菊池郡,西合志町,376
2000,43421,熊本県,阿蘇郡,一の宮町,382
2000,43422,熊本県,阿蘇郡,阿蘇町,382
2000,43423,熊本県,阿蘇郡,南小国町,383
2000,43424,熊本県,阿蘇郡,小国町,383
2000,43425,熊本県,阿蘇郡,産山村,382
2000,43426,熊本県,阿蘇郡,波野村,382
2000,43427,熊本県,阿蘇郡,蘇陽町,384
2000,43428,熊本県,阿蘇郡,高森町,382
2000,43429,熊本県,阿蘇郡,白水村,382
2000,43430,熊本県,阿蘇郡,久木野村,382
2000,43431,熊本県,阿蘇郡,長陽村,382
2000,43432,熊本県,阿蘇郡,西原村,376
2000,43441,熊本県,上益城郡,御船町,376
2000,43442,熊本県,上益城郡,嘉島町,376
2000,43443,熊本県,上益城郡,益城町,376
2000,43444,熊本県,上益城郡,甲佐町,376
2000,43445,熊本県,上益城郡,矢部町,384
2000,43446,熊本県,上益城郡,清和村,384
2000,43461,熊本県,八代郡,坂本村,377
2000,43462,熊本県,八代郡,千丁町,377
2000,43463,熊本県,八代郡,鏡町,377
2000,43464,熊本県,八代郡,竜北町,377
2000,43465,熊本県,八代郡,宮原町,377
2000,43466,熊本県,八代郡,東陽村,377
2000,43467,熊本県,八代郡,泉村,377
2000,43481,熊本県,葦北郡,田浦町,379
2000,43482,熊本県,葦北郡,芦北町,379
2000,43484,熊本県,葦北郡,津奈木町,379
2000,43501,熊本県,球磨郡,錦町,378
2000,43502,熊本県,球磨郡,上村,378
2000,43503,熊本県,球磨郡,免田町,378
2000,43504,熊本県,球磨郡,岡原村,378
2000,43505,熊本県,球磨郡,多良木町,378
2000,43506,熊本県,球磨郡,湯前町,378
2000,43507,熊本県,球磨郡,水上村,378
2000,43508,熊本県,球磨郡,須恵村,378
2000,43509,熊本県,球磨郡,深田村,378
2000,43510,熊本県,球磨郡,相良村,378
2000,43511,熊本県,球磨郡,五木村,378
2000,43512,熊本県,球磨郡,山江村,378
2000,43513,熊本県,球磨郡,球磨村,378
2000,43521,熊本県,天草郡,大矢野町,381
2000,43522,熊本県,天草郡,松島町,468
2000,43523,熊本県,天草郡,有明町,466
2000,43524,熊本県,天草郡,姫戸町,468
2000,43525,熊本県,天草郡,龍ヶ岳町,468
2000,43526,熊本県,天草郡,御所浦町,469
2000,43527,熊本県,天草郡,倉岳町,466
2000,43528,熊本県,天草郡,栖本町,466
2000,43529,熊本県,天草郡,新和町,466
2000,43530,熊本県,天草郡,五和町,466
2000,43531,熊本県,天草郡,苓北町,466
2000,43532,熊本県,天草郡,天草町,466
2000,43533,熊本県,天草郡,河浦町,467
2000,44201,大分県,,大分市,385
2000,44202,大分県,,別府市,386
2000,44203,大分県,,中津市,363
2000,44204,大分県,,日田市,387
2000,44205,大分県,,佐伯市,388
2000,44206,大分県,,臼杵市,389
2000,44207,大分県,,津久見市,389
2000,44208,大分県,,竹田市,390
2000,44209,大分県,,豊後高田市,391
2000,44210,大分県,,杵築市,386
2000,44211,大分県,,宇佐市,391
2000,44301,大分県,西国東郡,大田村,391
2000,44302,大分県,西国東郡,真玉町,391
2000,44303,大分県,西国東郡,香々地町,391
2000,44321,大分県,東国東郡,国見町,386
2000,44322,大分県,東国東郡,姫島村,470
2000,44323,大分県,東国東郡,国東町,386
2000,44324,大分県,東国東郡,武蔵町,386
2000,44325,大分県,東国東郡,安岐町,386
2000,44341,大分県,速見郡,日出町,386
2000,44342,大分県,速見郡,山香町,386
2000,44361,大分県,大分郡,野津原町,385
2000,44362,大分県,大分郡,挾間町,385
2000,44363,大分県,大分郡,庄内町,385
2000,44364,大分県,大分郡,湯布院町,385
2000,44381,大分県,北海部郡,佐賀関町,385
2000,44401,大分県,南海部郡,上浦町,388
2000,44402,大分県,南海部郡,弥生町,388
2000,44403,大分県,南海部郡,本匠村,388
2000,44404,大分県,南海部郡,宇目町,388
2000,44405,大分県,南海部郡,直川村,388
2000,44406,大分県,南海部郡,鶴見町,388
2000,44407,大分県,南海部郡,米水津村,388
2000,44408,大分県,南海部郡,蒲江町,388
2000,44421,大分県,大野郡,野津町,385
2000,44422,大分県,大野郡,三重町,385
2000,44423,大分県,大野郡,清川村,385
2000,44424,大分県,大野郡,緒方町,385
2000,44425,大分県,大野郡,朝地町,390
2000,44426,大分県,大野郡,大野町,390
2000,44427,大分県,大野郡,千歳村,385
2000,44428,大分県,大野郡,犬飼町,385
2000,44441,大分県,直入郡,荻町,390
2000,44442,大分県,直入郡,久住町,390
2000,44443,大分県,直入郡,直入町,390
2000,44461,大分県,玖珠郡,九重町,392
2000,44462,大分県,玖珠郡,玖珠町,392
2000,44481,大分県,日田郡,前津江村,387
2000,44482,大分県,日田郡,中津江村,387
2000,44483,大分県,日田郡,上津江村,387
2000,44484,大分県,日田郡,大山町,387
2000,44485,大分県,日田郡,天瀬町,387
2000,44501,大分県,下毛郡,三光村,363
2000,44502,大分県,下毛郡,本耶馬溪町,363
2000,44503,大分県,下毛郡,耶馬溪町,363
2000,44504,大分県,下毛郡,山国町,363
2000,44521,大分県,宇佐郡,院内町,391
2000,44522,大分県,宇佐郡,安心院町,391
2000,45201,宮崎県,,宮崎市,393
2000,45202,宮崎県,,都城市,394
2000,45203,宮崎県,,延岡市,395
2000,45204,宮崎県,,日南市,396
2000,45205,宮崎県,,小林市,397
2000,45206,宮崎県,,日向市,398
2000,45207,宮崎県,,串間市,396
2000,45208,宮崎県,,西都市,393
2000,45209,宮崎県,,えびの市,399
2000,45301,宮崎県,宮崎郡,清武町,393
2000,45302,宮崎県,宮崎郡,田野町,393
2000,45303,宮崎県,宮崎郡,佐土原町,393
2000,45321,宮崎県,南那珂郡,北郷町,396
2000,45322,宮崎県,南那珂郡,南郷町,396
2000,45341,宮崎県,北諸県郡,三股町,394
2000,45342,宮崎県,北諸県郡,山之口町,394
2000,45343,宮崎県,北諸県郡,高城町,394
2000,45344,宮崎県,北諸県郡,山田町,394
2000,45345,宮崎県,北諸県郡,高崎町,394
2000,45361,宮崎県,西諸県郡,高原町,397
2000,45362,宮崎県,西諸県郡,野尻町,397
2000,45363,宮崎県,西諸県郡,須木村,397
2000,45381,宮崎県,東諸県郡,高岡町,393
2000,45382,宮崎県,東諸県郡,国富町,393
2000,45383,宮崎県,東諸県郡,綾町,393
2000,45401,宮崎県,児湯郡,高鍋町,393
2000,45402,宮崎県,児湯郡,新富町,393
2000,45403,宮崎県,児湯郡,西米良村,400
2000,45404,宮崎県,児湯郡,木城町,393
2000,45405,宮崎県,児湯郡,川南町,393
2000,45406,宮崎県,児湯郡,都農町,393
2000,45421,宮崎県,東臼杵郡,門川町,398
2000,45422,宮崎県,東臼杵郡,東郷町,398
2000,45423,宮崎県,東臼杵郡,南郷村,398
2000,45424,宮崎県,東臼杵郡,西郷村,398
2000,45425,宮崎県,東臼杵郡,北郷村,401
2000,45426,宮崎県,東臼杵郡,北方町,395
2000,45427,宮崎県,東臼杵郡,北川町,395
2000,45428,宮崎県,東臼杵郡,北浦町,395
2000,45429,宮崎県,東臼杵郡,諸塚村,398
2000,45430,宮崎県,東臼杵郡,椎葉村,402
2000,45441,宮崎県,西臼杵郡,高千穂町,403
2000,45442,宮崎県,西臼杵郡,日之影町,403
2000,45443,宮崎県,西臼杵郡,五ヶ瀬町,403
2000,46201,鹿児島県,,鹿児島市,404
2000,46202,鹿児島県,,川内市,405
2000,46203,鹿児島県,,鹿屋市,406
2000,46204,鹿児島県,,枕崎市,407
2000,46205,鹿児島県,,串木野市,404
2000,46206,鹿児島県,,阿久根市,408
2000,46207,鹿児島県,,名瀬市,471
2000,46208,鹿児島県,,出水市,408
2000,46209,鹿児島県,,大口市,399
2000,46210,鹿児島県,,指宿市,409
2000,46211,鹿児島県,,加世田市,407
2000,46212,鹿児島県,,国分市,410
2000,46213,鹿児島県,,西之表市,473
2000,46214,鹿児島県,,垂水市,411
2000,46301,鹿児島県,鹿児島郡,吉田町,404
2000,46302,鹿児島県,鹿児島郡,桜島町,404
2000,46303,鹿児島県,鹿児島郡,三島村,474
2000,46304,鹿児島県,鹿児島郡,十島村,475
2000,46321,鹿児島県,揖宿郡,喜入町,404
2000,46322,鹿児島県,揖宿郡,山川町,409
2000,46323,鹿児島県,揖宿郡,頴娃町,409
2000,46324,鹿児島県,揖宿郡,開聞町,409
2000,46341,鹿児島県,川辺郡,笠沙町,407
2000,46342,鹿児島県,川辺郡,大浦町,407
2000,46343,鹿児島県,川辺郡,坊津町,407
2000,46344,鹿児島県,川辺郡,知覧町,407
2000,46345,鹿児島県,川辺郡,川辺町,407
2000,46361,鹿児島県,日置郡,市来町,404
2000,46362,鹿児島県,日置郡,東市来町,404
2000,46363,鹿児島県,日置郡,伊集院町,404
2000,46364,鹿児島県,日置郡,松元町,404
2000,46365,鹿児島県,日置郡,郡山町,404
2000,46366,鹿児島県,日置郡,日吉町,404
2000,46367,鹿児島県,日置郡,吹上町,404
2000,46368,鹿児島県,日置郡,金峰町,407
2000,46381,鹿児島県,薩摩郡,樋脇町,405
2000,46382,鹿児島県,薩摩郡,入来町,405
2000,46383,鹿児島県,薩摩郡,東郷町,405
2000,46384,鹿児島県,薩摩郡,宮之城町,405
2000,46385,鹿児島県,薩摩郡,鶴田町,405
2000,46386,鹿児島県,薩摩郡,薩摩町,405
2000,46387,鹿児島県,薩摩郡,祁答院町,405
2000,46388,鹿児島県,薩摩郡,里村,476
2000,46389,鹿児島県,薩摩郡,上甑村,476
2000,46390,鹿児島県,薩摩郡,下甑村,477
2000,46391,鹿児島県,薩摩郡,鹿島村,477
2000,46401,鹿児島県,出水郡,野田町,408
2000,46402,鹿児島県,出水郡,高尾野町,408
2000,46403,鹿児島県,出水郡,東町,408
2000,46404,鹿児島県,出水郡,長島町,408
2000,46421,鹿児島県,伊佐郡,菱刈町,399
2000,46441,鹿児島県,姶良郡,加治木町,410
2000,46442,鹿児島県,姶良郡,姶良町,410
2000,46443,鹿児島県,姶良郡,蒲生町,410
2000,46444,鹿児島県,姶良郡,溝辺町,410
2000,46445,鹿児島県,姶良郡,横川町,399
2000,46446,鹿児島県,姶良郡,栗野町,399
2000,46447,鹿児島県,姶良郡,吉松町,399
2000,46448,鹿児島県,姶良郡,牧園町,399
2000,46449,鹿児島県,姶良郡,霧島町,410
2000,46450,鹿児島県,姶良郡,隼人町,410
2000,46451,鹿児島県,姶良郡,福山町,410
2000,46461,鹿児島県,曽於郡,大隅町,412
2000,46462,鹿児島県,曽於郡,輝北町,412
2000,46463,鹿児島県,曽於郡,財部町,394
2000,46464,鹿児島県,曽於郡,末吉町,412
2000,46465,鹿児島県,曽於郡,松山町,412
2000,46466,鹿児島県,曽於郡,志布志町,412
2000,46467,鹿児島県,曽於郡,有明町,412
2000,46468,鹿児島県,曽於郡,大崎町,412
2000,46481,鹿児島県,肝属郡,串良町,406
2000,46482,鹿児島県,肝属郡,東串良町,406
2000,46483,鹿児島県,肝属郡,内之浦町,406
2000,46484,鹿児島県,肝属郡,高山町,406
2000,46485,鹿児島県,肝属郡,吾平町,406
2000,46486,鹿児島県,肝属郡,大根占町,406
2000,46487,鹿児島県,肝属郡,根占町,406
2000,46488,鹿児島県,肝属郡,田代町,406
2000,46489,鹿児島県,肝属郡,佐多町,406
2000,46501,鹿児島県,熊毛郡,中種子町,473
2000,46502,鹿児島県,熊毛郡,南種子町,473
2000,46503,鹿児島県,熊毛郡,上屋久町,478
2000,46504,鹿児島県,熊毛郡,屋久町,478
2000,46523,鹿児島県,大島郡,大和村,471
2000,46524,鹿児島県,大島郡,宇検村,471
2000,46525,鹿児島県,大島郡,瀬戸内町,472
2000,46526,鹿児島県,大島郡,住用村,471
2000,46527,鹿児島県,大島郡,龍郷町,471
2000,46528,鹿児島県,大島郡,笠利町,471
2000,46529,鹿児島県,大島郡,喜界町,479
2000,46530,鹿児島県,大島郡,徳之島町,480
2000,46531,鹿児島県,大島郡,天城町,480
2000,46532,鹿児島県,大島郡,伊仙町,480
2000,46533,鹿児島県,大島郡,和泊町,481
2000,46534,鹿児島県,大島郡,知名町,481
2000,46535,鹿児島県,大島郡,与論町,482
2000,47201,沖縄県,,那覇市,483
2000,47202,沖縄県,,石川市,484
2000,47203,沖縄県,,具志川市,484
2000,47205,沖縄県,,宜野湾市,484
2000,47206,沖縄県,,平良市,486
2000,47207,沖縄県,,石垣市,487
2000,47208,沖縄県,,浦添市,483
2000,47209,沖縄県,,名護市,485
2000,47210,沖縄県,,糸満市,483
2000,47211,沖縄県,,沖縄市,484
2000,47301,沖縄県,国頭郡,国頭村,485
2000,47302,沖縄県,国頭郡,大宜味村,485
2000,47303,沖縄県,国頭郡,東村,485
2000,47306,沖縄県,国頭郡,今帰仁村,485
2000,47308,沖縄県,国頭郡,本部町,485
2000,47311,沖縄県,国頭郡,恩納村,484
2000,47313,沖縄県,国頭郡,宜野座村,484
2000,47314,沖縄県,国頭郡,金武町,484
2000,47315,沖縄県,国頭郡,伊江村,488
2000,47322,沖縄県,中頭郡,与那城町,484
2000,47323,沖縄県,中頭郡,勝連町,484
2000,47324,沖縄県,中頭郡,読谷村,484
2000,47325,沖縄県,中頭郡,嘉手納町,484
2000,47326,沖縄県,中頭郡,北谷町,484
2000,47327,沖縄県,中頭郡,北中城村,484
2000,47328,沖縄県,中頭郡,中城村,484
2000,47329,沖縄県,中頭郡,西原町,483
2000,47341,沖縄県,島尻郡,豊見城村,483
2000,47343,沖縄県,島尻郡,東風平町,483
2000,47344,沖縄県,島尻郡,具志頭村,483
2000,47345,沖縄県,島尻郡,玉城村,483
2000,47346,沖縄県,島尻郡,知念村,483
2000,47347,沖縄県,島尻郡,佐敷町,483
2000,47348,沖縄県,島尻郡,与那原町,483
2000,47349,沖縄県,島尻郡,大里村,483
2000,47350,沖縄県,島尻郡,南風原町,483
2000,47351,沖縄県,島尻郡,仲里村,489
2000,47352,沖縄県,島尻郡,具志川村,489
2000,47353,沖縄県,島尻郡,渡嘉敷村,490
2000,47354,沖縄県,島尻郡,座間味村,491
2000,47355,沖縄県,島尻郡,粟国村,492
2000,47356,沖縄県,島尻郡,渡名喜村,493
2000,47357,沖縄県,島尻郡,南大東村,494
2000,47358,沖縄県,島尻郡,北大東村,495
2000,47359,沖縄県,島尻郡,伊平屋村,496
2000,47360,沖縄県,島尻郡,伊是名村,497
2000,47371,沖縄県,宮古郡,城辺町,486
2000,47372,沖縄県,宮古郡,下地町,486
2000,47373,沖縄県,宮古郡,上野村,486
2000,47374,沖縄県,宮古郡,伊良部町,498
2000,47375,沖縄県,宮古郡,多良間村,499
2000,47381,沖縄県,八重山郡,竹富町,500
2000,47382,沖縄県,八重山郡,与那国町,501
2005,01100,北海道,,札幌市,1
2005,01202,北海道,,函館市,2
2005,01203,北海道,,小樽市,3
2005,01204,北海道,,旭川市,4
2005,01205,北海道,,室蘭市,5
2005,01206,北海道,,釧路市,6
2005,01207,北海道,,帯広市,7
2005,01208,北海道,,北見市,8
2005,01209,北海道,,夕張市,9
2005,01210,北海道,,岩見沢市,10
2005,01211,北海道,,網走市,11
2005,01212,北海道,,留萌市,12
2005,01213,北海道,,苫小牧市,13
2005,01214,北海道,,稚内市,14
2005,01215,北海道,,美唄市,10
2005,01216,北海道,,芦別市,15
2005,01217,北海道,,江別市,1
2005,01218,北海道,,赤平市,15
2005,01219,北海道,,紋別市,16
2005,01220,北海道,,士別市,17
2005,01221,北海道,,名寄市,18
2005,01222,北海道,,三笠市,10
2005,01223,北海道,,根室市,19
2005,01224,北海道,,千歳市,13
2005,01225,北海道,,滝川市,15
2005,01226,北海道,,砂川市,15
2005,01227,北海道,,歌志内市,15
2005,01228,北海道,,深川市,20
2005,01229,北海道,,富良野市,21
2005,01230,北海道,,登別市,5
2005,01231,北海道,,恵庭市,13
2005,01233,北海道,,伊達市,5
2005,01234,北海道,,北広島市,1
2005,01235,北海道,,石狩市,1
2005,01303,北海道,石狩支庁,当別町,1
2005,01304,北海道,石狩支庁,新篠津村,1
2005,01331,北海道,渡島支庁,松前町,22
2005,01332,北海道,渡島支庁,福島町,22
2005,01333,北海道,渡島支庁,知内町,2
2005,01334,北海道,渡島支庁,木古内町,2
2005,01335,北海道,渡島支庁,上磯町,2
2005,01336,北海道,渡島支庁,大野町,2
2005,01337,北海道,渡島支庁,七飯町,2
2005,01343,北海道,渡島支庁,鹿部町,2
2005,01345,北海道,渡島支庁,森町,2
2005,01346,北海道,渡島支庁,八雲町,23
2005,01347,北海道,渡島支庁,長万部町,23
2005,01361,北海道,檜山支庁,江差町,24
2005,01362,北海道,檜山支庁,上ノ国町,24
2005,01363,北海道,檜山支庁,厚沢部町,24
2005,01364,北海道,檜山支庁,乙部町,24
2005,01367,北海道,檜山支庁,奥尻町,51
2005,01370,北海道,檜山支庁,今金町,25
2005,01371,北海道,檜山支庁,せたな町,25
2005,01391,北海道,後志支庁,島牧村,26
2005,01392,北海道,後志支庁,寿都町,26
2005,01393,北海道,後志支庁,黒松内町,26
2005,01394,北海道,後志支庁,蘭越町,27
2005,01395,北海道,後志支庁,ニセコ町,27
2005,01396,北海道,後志支庁,真狩村,27
2005,01397,北海道,後志支庁,留寿都村,27
2005,01398,北海道,後志支庁,喜茂別町,27
2005,01399,北海道,後志支庁,京極町,27
2005,01400,北海道,後志支庁,倶知安町,27
2005,01401,北海道,後志支庁,共和町,28
2005,01402,北海道,後志支庁,岩内町,28
2005,01403,北海道,後志支庁,泊村,28
2005,01404,北海道,後志支庁,神恵内村,28
2005,01405,北海道,後志支庁,積丹町,3
2005,01406,北海道,後志支庁,古平町,3
2005,01407,北海道,後志支庁,仁木町,3
2005,01408,北海道,後志支庁,余市町,3
2005,01409,北海道,後志支庁,赤井川村,3
2005,01421,北海道,空知支庁,北村,10
2005,01422,北海道,空知支庁,栗沢町,10
2005,01423,北海道,空知支庁,南幌町,1
2005,01424,北海道,空知支庁,奈井江町,15
2005,01425,北海道,空知支庁,上砂川町,15
2005,01427,北海道,空知支庁,由仁町,9
2005,01428,北海道,空知支庁,長沼町,9
2005,01429,北海道,空知支庁,栗山町,9
2005,01430,北海道,空知支庁,月形町,10
2005,01431,北海道,空知支庁,浦臼町,15
2005,01432,北海道,空知支庁,新十津川町,15
2005,01433,北海道,空知支庁,妹背牛町,20
2005,01434,北海道,空知支庁,秩父別町,20
2005,01436,北海道,空知支庁,雨竜町,15
2005,01437,北海道,空知支庁,北竜町,20
2005,01438,北海道,空知支庁,沼田町,20
2005,01439,北海道,空知支庁,幌加内町,29
2005,01452,北海道,上川支庁,鷹栖町,4
2005,01453,北海道,上川支庁,東神楽町,4
2005,01454,北海道,上川支庁,当麻町,4
2005,01455,北海道,上川支庁,比布町,4
2005,01456,北海道,上川支庁,愛別町,4
2005,01457,北海道,上川支庁,上川町,4
2005,01458,北海道,上川支庁,東川町,4
2005,01459,北海道,上川支庁,美瑛町,4
2005,01460,北海道,上川支庁,上富良野町,21
2005,01461,北海道,上川支庁,中富良野町,21
2005,01462,北海道,上川支庁,南富良野町,21
2005,01463,北海道,上川支庁,占冠村,21
2005,01464,北海道,上川支庁,和寒町,17
2005,01465,北海道,上川支庁,剣淵町,17
2005,01467,北海道,上川支庁,風連町,18
2005,01468,北海道,上川支庁,下川町,18
2005,01469,北海道,上川支庁,美深町,30
2005,01470,北海道,上川支庁,音威子府村,30
2005,01471,北海道,上川支庁,中川町,30
2005,01481,北海道,留萌支庁,増毛町,12
2005,01482,北海道,留萌支庁,小平町,12
2005,01483,北海道,留萌支庁,苫前町,31
2005,01484,北海道,留萌支庁,羽幌町,31
2005,01485,北海道,留萌支庁,初山別村,31
2005,01486,北海道,留萌支庁,遠別町,32
2005,01487,北海道,留萌支庁,天塩町,32
2005,01488,北海道,留萌支庁,幌延町,32
2005,01511,北海道,宗谷支庁,猿払村,33
2005,01512,北海道,宗谷支庁,浜頓別町,33
2005,01513,北海道,宗谷支庁,中頓別町,33
2005,01514,北海道,宗谷支庁,枝幸町,34
2005,01515,北海道,宗谷支庁,歌登町,34
2005,01516,北海道,宗谷支庁,豊富町,14
2005,01517,北海道,宗谷支庁,礼文町,52
2005,01518,北海道,宗谷支庁,利尻町,53
2005,01519,北海道,宗谷支庁,利尻富士町,53
2005,01541,北海道,網走支庁,東藻琴村,11
2005,01542,北海道,網走支庁,女満別町,11
2005,01543,北海道,網走支庁,美幌町,11
2005,01544,北海道,網走支庁,津別町,11
2005,01545,北海道,網走支庁,斜里町,35
2005,01546,北海道,網走支庁,清里町,35
2005,01547,北海道,網走支庁,小清水町,35
2005,01548,北海道,網走支庁,端野町,8
2005,01549,北海道,網走支庁,訓子府町,8
2005,01550,北海道,網走支庁,置戸町,8
2005,01551,北海道,網走支庁,留辺蘂町,8
2005,01552,北海道,網走支庁,佐呂間町,36
2005,01553,北海道,網走支庁,常呂町,36
2005,01555,北海道,網走支庁,遠軽町,37
2005,01558,北海道,網走支庁,上湧別町,37
2005,01559,北海道,網走支庁,湧別町,37
2005,01560,北海道,網走支庁,滝上町,16
2005,01561,北海道,網走支庁,興部町,16
2005,01562,北海道,網走支庁,西興部村,16
2005,01563,北海道,網走支庁,雄武町,16
2005,01571,北海道,胆振支庁,豊浦町,5
2005,01572,北海道,胆振支庁,虻田町,5
2005,01573,北海道,胆振支庁,洞爺村,5
2005,01574,北海道,胆振支庁,大滝村,5
2005,01575,北海道,胆振支庁,壮瞥町,5
2005,01578,北海道,胆振支庁,白老町,5
2005,01579,北海道,胆振支庁,早来町,13
2005,01580,北海道,胆振支庁,追分町,13
2005,01581,北海道,胆振支庁,厚真町,13
2005,01582,北海道,胆振支庁,鵡川町,13
2005,01583,北海道,胆振支庁,穂別町,38
2005,01601,北海道,日高支庁,日高町,39
2005,01602,北海道,日高支庁,平取町,40
2005,01603,北海道,日高支庁,門別町,40
2005,01604,北海道,日高支庁,新冠町,41
2005,01605,北海道,日高支庁,静内町,41
2005,01606,北海道,日高支庁,三石町,41
2005,01607,北海道,日高支庁,浦河町,41
2005,01608,北海道,日高支庁,様似町,41
2005,01609,北海道,日高支庁,えりも町,42
2005,01631,北海道,十勝支庁,音更町,7
2005,01632,北海道,十勝支庁,士幌町,7
2005,01633,北海道,十勝支庁,上士幌町,7
2005,01634,北海道,十勝支庁,鹿追町,43
2005,01635,北海道,十勝支庁,新得町,43
2005,01636,北海道,十勝支庁,清水町,43
2005,01637,北海道,十勝支庁,芽室町,7
2005,01638,北海道,十勝支庁,中札内村,7
2005,01639,北海道,十勝支庁,更別村,7
2005,01640,北海道,十勝支庁,忠類村,44
2005,01641,北海道,十勝支庁,大樹町,44
2005,01642,北海道,十勝支庁,広尾町,44
2005,01643,北海道,十勝支庁,幕別町,7
2005,01644,北海道,十勝支庁,池田町,7
2005,01645,北海道,十勝支庁,豊頃町,45
2005,01646,北海道,十勝支庁,本別町,46
2005,01647,北海道,十勝支庁,足寄町,46
2005,01648,北海道,十勝支庁,陸別町,46
2005,01649,北海道,十勝支庁,浦幌町,45
2005,01661,北海道,釧路支庁,釧路町,6
2005,01662,北海道,釧路支庁,厚岸町,47
2005,01663,北海道,釧路支庁,浜中町,47
2005,01664,北海道,釧路支庁,標茶町,48
2005,01665,北海道,釧路支庁,弟子屈町,48
2005,01666,北海道,釧路支庁,阿寒町,6
2005,01667,北海道,釧路支庁,鶴居村,6
2005,01668,北海道,釧路支庁,白糠町,6
2005,01669,北海道,釧路支庁,音別町,6
2005,01691,北海道,根室支庁,別海町,49
2005,01692,北海道,根室支庁,中標津町,49
2005,01693,北海道,根室支庁,標津町,49
2005,01694,北海道,根室支庁,羅臼町,50
2005,01695,北海道,根室支庁,色丹村,NA
2005,01696,北海道,根室支庁,泊村,NA
2005,01698,北海道,根室支庁,留別村,NA
2005,02201,青森県,,青森市,54
2005,02202,青森県,,弘前市,55
2005,02203,青森県,,八戸市,56
2005,02204,青森県,,黒石市,55
2005,02205,青森県,,五所川原市,57
2005,02206,青森県,,十和田市,58
2005,02207,青森県,,三沢市,58
2005,02208,青森県,,むつ市,59
2005,02209,青森県,,つがる市,57
2005,02301,青森県,東津軽郡,平内町,54
2005,02303,青森県,東津軽郡,今別町,54
2005,02304,青森県,東津軽郡,蓬田村,54
2005,02307,青森県,東津軽郡,外ヶ浜町,54
2005,02321,青森県,西津軽郡,鰺ヶ沢町,57
2005,02323,青森県,西津軽郡,深浦町,57
2005,02341,青森県,中津軽郡,岩木町,55
2005,02342,青森県,中津軽郡,相馬村,55
2005,02343,青森県,中津軽郡,西目屋村,55
2005,02361,青森県,南津軽郡,藤崎町,55
2005,02362,青森県,南津軽郡,大鰐町,55
2005,02363,青森県,南津軽郡,尾上町,55
2005,02365,青森県,南津軽郡,平賀町,55
2005,02367,青森県,南津軽郡,田舎館村,55
2005,02368,青森県,南津軽郡,碇ヶ関村,55
2005,02381,青森県,北津軽郡,板柳町,57
2005,02384,青森県,北津軽郡,鶴田町,57
2005,02387,青森県,北津軽郡,中泊町,57
2005,02401,青森県,上北郡,野辺地町,58
2005,02402,青森県,上北郡,七戸町,58
2005,02403,青森県,上北郡,百石町,56
2005,02405,青森県,上北郡,六戸町,58
2005,02406,青森県,上北郡,横浜町,59
2005,02408,青森県,上北郡,東北町,58
2005,02410,青森県,上北郡,下田町,58
2005,02411,青森県,上北郡,六ヶ所村,58
2005,02423,青森県,下北郡,大間町,59
2005,02424,青森県,下北郡,東通村,59
2005,02425,青森県,下北郡,風間浦村,59
2005,02426,青森県,下北郡,佐井村,59
2005,02441,青森県,三戸郡,三戸町,56
2005,02442,青森県,三戸郡,五戸町,56
2005,02443,青森県,三戸郡,田子町,56
2005,02444,青森県,三戸郡,名川町,56
2005,02445,青森県,三戸郡,南部町,56
2005,02446,青森県,三戸郡,階上町,56
2005,02447,青森県,三戸郡,福地村,56
2005,02450,青森県,三戸郡,新郷村,56
2005,03201,岩手県,,盛岡市,60
2005,03202,岩手県,,宮古市,61
2005,03203,岩手県,,大船渡市,62
2005,03204,岩手県,,水沢市,63
2005,03205,岩手県,,花巻市,64
2005,03206,岩手県,,北上市,63
2005,03207,岩手県,,久慈市,65
2005,03208,岩手県,,遠野市,64
2005,03209,岩手県,,一関市,63
2005,03210,岩手県,,陸前高田市,62
2005,03211,岩手県,,釜石市,61
2005,03212,岩手県,,江刺市,63
2005,03213,岩手県,,二戸市,66
2005,03214,岩手県,,八幡平市,60
2005,03301,岩手県,岩手郡,雫石町,60
2005,03302,岩手県,岩手郡,葛巻町,67
2005,03303,岩手県,岩手郡,岩手町,60
2005,03305,岩手県,岩手郡,滝沢村,60
2005,03307,岩手県,岩手郡,玉山村,60
2005,03321,岩手県,紫波郡,紫波町,60
2005,03322,岩手県,紫波郡,矢巾町,60
2005,03341,岩手県,稗貫郡,大迫町,64
2005,03342,岩手県,稗貫郡,石鳥谷町,64
2005,03361,岩手県,和賀郡,東和町,64
2005,03363,岩手県,和賀郡,湯田町,68
2005,03365,岩手県,和賀郡,沢内村,68
2005,03381,岩手県,胆沢郡,金ヶ崎町,63
2005,03382,岩手県,胆沢郡,前沢町,63
2005,03383,岩手県,胆沢郡,胆沢町,63
2005,03384,岩手県,胆沢郡,衣川村,63
2005,03402,岩手県,西磐井郡,平泉町,63
2005,03422,岩手県,東磐井郡,藤沢町,63
2005,03441,岩手県,気仙郡,住田町,62
2005,03461,岩手県,上閉伊郡,大槌町,61
2005,03482,岩手県,下閉伊郡,山田町,61
2005,03483,岩手県,下閉伊郡,岩泉町,69
2005,03484,岩手県,下閉伊郡,田野畑村,69
2005,03485,岩手県,下閉伊郡,普代村,65
2005,03487,岩手県,下閉伊郡,川井村,61
2005,03501,岩手県,九戸郡,軽米町,66
2005,03502,岩手県,九戸郡,種市町,56
2005,03503,岩手県,九戸郡,野田村,65
2005,03504,岩手県,九戸郡,山形村,65
2005,03505,岩手県,九戸郡,大野村,66
2005,03506,岩手県,九戸郡,九戸村,66
2005,03521,岩手県,二戸郡,浄法寺町,66
2005,03524,岩手県,二戸郡,一戸町,66
2005,04100,宮城県,,仙台市,70
2005,04202,宮城県,,石巻市,71
2005,04203,宮城県,,塩竈市,70
2005,04204,宮城県,,古川市,72
2005,04205,宮城県,,気仙沼市,73
2005,04206,宮城県,,白石市,74
2005,04207,宮城県,,名取市,70
2005,04208,宮城県,,角田市,74
2005,04209,宮城県,,多賀城市,70
2005,04211,宮城県,,岩沼市,70
2005,04212,宮城県,,登米市,72
2005,04213,宮城県,,栗原市,72
2005,04214,宮城県,,東松島市,71
2005,04301,宮城県,刈田郡,蔵王町,74
2005,04302,宮城県,刈田郡,七ヶ宿町,74
2005,04321,宮城県,柴田郡,大河原町,74
2005,04322,宮城県,柴田郡,村田町,74
2005,04323,宮城県,柴田郡,柴田町,74
2005,04324,宮城県,柴田郡,川崎町,74
2005,04341,宮城県,伊具郡,丸森町,74
2005,04361,宮城県,亘理郡,亘理町,70
2005,04362,宮城県,亘理郡,山元町,70
2005,04401,宮城県,宮城郡,松島町,70
2005,04404,宮城県,宮城郡,七ヶ浜町,70
2005,04406,宮城県,宮城郡,利府町,70
2005,04421,宮城県,黒川郡,大和町,70
2005,04422,宮城県,黒川郡,大郷町,70
2005,04423,宮城県,黒川郡,富谷町,70
2005,04424,宮城県,黒川郡,大衡村,70
2005,04444,宮城県,加美郡,色麻町,72
2005,04445,宮城県,加美郡,加美町,72
2005,04461,宮城県,志田郡,松山町,72
2005,04462,宮城県,志田郡,三本木町,72
2005,04463,宮城県,志田郡,鹿島台町,72
2005,04481,宮城県,玉造郡,岩出山町,72
2005,04482,宮城県,玉造郡,鳴子町,72
2005,04501,宮城県,遠田郡,涌谷町,72
2005,04502,宮城県,遠田郡,田尻町,72
2005,04503,宮城県,遠田郡,小牛田町,72
2005,04504,宮城県,遠田郡,南郷町,72
2005,04581,宮城県,牡鹿郡,女川町,71
2005,04603,宮城県,本吉郡,本吉町,73
2005,04604,宮城県,本吉郡,唐桑町,73
2005,04606,宮城県,本吉郡,南三陸町,73
2005,05201,秋田県,,秋田市,75
2005,05202,秋田県,,能代市,76
2005,05203,秋田県,,横手市,77
2005,05204,秋田県,,大館市,78
2005,05206,秋田県,,男鹿市,75
2005,05207,秋田県,,湯沢市,77
2005,05209,秋田県,,鹿角市,78
2005,05210,秋田県,,由利本荘市,79
2005,05211,秋田県,,潟上市,75
2005,05212,秋田県,,大仙市,77
2005,05213,秋田県,,北秋田市,78
2005,05214,秋田県,,にかほ市,79
2005,05215,秋田県,,仙北市,77
2005,05303,秋田県,鹿角郡,小坂町,78
2005,05327,秋田県,北秋田郡,上小阿仁村,78
2005,05341,秋田県,山本郡,琴丘町,76
2005,05342,秋田県,山本郡,二ツ井町,76
2005,05343,秋田県,山本郡,八森町,76
2005,05344,秋田県,山本郡,山本町,76
2005,05345,秋田県,山本郡,八竜町,76
2005,05346,秋田県,山本郡,藤里町,76
2005,05347,秋田県,山本郡,峰浜村,76
2005,05361,秋田県,南秋田郡,五城目町,75
2005,05363,秋田県,南秋田郡,八郎潟町,75
2005,05366,秋田県,南秋田郡,井川町,75
2005,05368,秋田県,南秋田郡,大潟村,75
2005,05434,秋田県,仙北郡,美郷町,77
2005,05463,秋田県,雄勝郡,羽後町,77
2005,05464,秋田県,雄勝郡,東成瀬村,77
2005,06201,山形県,,山形市,80
2005,06202,山形県,,米沢市,81
2005,06203,山形県,,鶴岡市,82
2005,06204,山形県,,酒田市,82
2005,06205,山形県,,新庄市,83
2005,06206,山形県,,寒河江市,80
2005,06207,山形県,,上山市,80
2005,06208,山形県,,村山市,80
2005,06209,山形県,,長井市,81
2005,06210,山形県,,天童市,80
2005,06211,山形県,,東根市,80
2005,06212,山形県,,尾花沢市,80
2005,06213,山形県,,南陽市,81
2005,06301,山形県,東村山郡,山辺町,80
2005,06302,山形県,東村山郡,中山町,80
2005,06321,山形県,西村山郡,河北町,80
2005,06322,山形県,西村山郡,西川町,80
2005,06323,山形県,西村山郡,朝日町,80
2005,06324,山形県,西村山郡,大江町,80
2005,06341,山形県,北村山郡,大石田町,80
2005,06361,山形県,最上郡,金山町,83
2005,06362,山形県,最上郡,最上町,83
2005,06363,山形県,最上郡,舟形町,83
2005,06364,山形県,最上郡,真室川町,83
2005,06365,山形県,最上郡,大蔵村,83
2005,06366,山形県,最上郡,鮭川村,83
2005,06367,山形県,最上郡,戸沢村,83
2005,06381,山形県,東置賜郡,高畠町,81
2005,06382,山形県,東置賜郡,川西町,81
2005,06401,山形県,西置賜郡,小国町,84
2005,06402,山形県,西置賜郡,白鷹町,81
2005,06403,山形県,西置賜郡,飯豊町,81
2005,06426,山形県,東田川郡,三川町,82
2005,06428,山形県,東田川郡,庄内町,82
2005,06461,山形県,飽海郡,遊佐町,82
2005,06462,山形県,飽海郡,八幡町,82
2005,06463,山形県,飽海郡,松山町,82
2005,06464,山形県,飽海郡,平田町,82
2005,07201,福島県,,福島市,85
2005,07202,福島県,,会津若松市,86
2005,07203,福島県,,郡山市,87
2005,07204,福島県,,いわき市,88
2005,07205,福島県,,白河市,89
2005,07206,福島県,,原町市,90
2005,07207,福島県,,須賀川市,91
2005,07208,福島県,,喜多方市,86
2005,07209,福島県,,相馬市,90
2005,07210,福島県,,二本松市,87
2005,07211,福島県,,田村市,87
2005,07301,福島県,伊達郡,桑折町,85
2005,07302,福島県,伊達郡,伊達町,85
2005,07303,福島県,伊達郡,国見町,85
2005,07304,福島県,伊達郡,梁川町,85
2005,07305,福島県,伊達郡,保原町,85
2005,07306,福島県,伊達郡,霊山町,85
2005,07307,福島県,伊達郡,月舘町,85
2005,07308,福島県,伊達郡,川俣町,85
2005,07309,福島県,伊達郡,飯野町,85
2005,07321,福島県,安達郡,安達町,87
2005,07322,福島県,安達郡,大玉村,87
2005,07323,福島県,安達郡,本宮町,87
2005,07324,福島県,安達郡,白沢村,87
2005,07325,福島県,安達郡,岩代町,87
2005,07326,福島県,安達郡,東和町,87
2005,07342,福島県,岩瀬郡,鏡石町,91
2005,07344,福島県,岩瀬郡,天栄村,91
2005,07361,福島県,南会津郡,田島町,92
2005,07362,福島県,南会津郡,下郷町,92
2005,07363,福島県,南会津郡,舘岩村,92
2005,07364,福島県,南会津郡,檜枝岐村,93
2005,07365,福島県,南会津郡,伊南村,92
2005,07366,福島県,南会津郡,南郷村,92
2005,07367,福島県,南会津郡,只見町,92
2005,07401,福島県,耶麻郡,熱塩加納村,86
2005,07402,福島県,耶麻郡,北塩原村,86
2005,07403,福島県,耶麻郡,塩川町,86
2005,07404,福島県,耶麻郡,山都町,86
2005,07405,福島県,耶麻郡,西会津町,86
2005,07406,福島県,耶麻郡,高郷村,86
2005,07407,福島県,耶麻郡,磐梯町,86
2005,07408,福島県,耶麻郡,猪苗代町,86
2005,07421,福島県,河沼郡,会津坂下町,86
2005,07422,福島県,河沼郡,湯川村,86
2005,07423,福島県,河沼郡,柳津町,86
2005,07424,福島県,河沼郡,河東町,86
2005,07444,福島県,大沼郡,三島町,86
2005,07445,福島県,大沼郡,金山町,94
2005,07446,福島県,大沼郡,昭和村,94
2005,07447,福島県,大沼郡,会津美里町,86
2005,07461,福島県,西白河郡,西郷村,89
2005,07462,福島県,西白河郡,表郷村,89
2005,07463,福島県,西白河郡,東村,89
2005,07464,福島県,西白河郡,泉崎村,89
2005,07465,福島県,西白河郡,中島村,89
2005,07466,福島県,西白河郡,矢吹町,89
2005,07467,福島県,西白河郡,大信村,89
2005,07481,福島県,東白川郡,棚倉町,89
2005,07482,福島県,東白川郡,矢祭町,89
2005,07483,福島県,東白川郡,塙町,89
2005,07484,福島県,東白川郡,鮫川村,89
2005,07501,福島県,石川郡,石川町,91
2005,07502,福島県,石川郡,玉川村,91
2005,07503,福島県,石川郡,平田村,91
2005,07504,福島県,石川郡,浅川町,89
2005,07505,福島県,石川郡,古殿町,91
2005,07521,福島県,田村郡,三春町,87
2005,07522,福島県,田村郡,小野町,87
2005,07541,福島県,双葉郡,広野町,88
2005,07542,福島県,双葉郡,楢葉町,88
2005,07543,福島県,双葉郡,富岡町,88
2005,07544,福島県,双葉郡,川内村,88
2005,07545,福島県,双葉郡,大熊町,88
2005,07546,福島県,双葉郡,双葉町,88
2005,07547,福島県,双葉郡,浪江町,88
2005,07548,福島県,双葉郡,葛尾村,87
2005,07561,福島県,相馬郡,新地町,90
2005,07562,福島県,相馬郡,鹿島町,90
2005,07563,福島県,相馬郡,小高町,90
2005,07564,福島県,相馬郡,飯舘村,90
2005,08201,茨城県,,水戸市,95
2005,08202,茨城県,,日立市,96
2005,08203,茨城県,,土浦市,97
2005,08204,茨城県,,古河市,98
2005,08205,茨城県,,石岡市,95
2005,08207,茨城県,,結城市,99
2005,08208,茨城県,,龍ヶ崎市,97
2005,08210,茨城県,,下妻市,99
2005,08211,茨城県,,水海道市,100
2005,08212,茨城県,,常陸太田市,96
2005,08214,茨城県,,高萩市,96
2005,08215,茨城県,,北茨城市,96
2005,08216,茨城県,,笠間市,95
2005,08217,茨城県,,取手市,100
2005,08219,茨城県,,牛久市,97
2005,08220,茨城県,,つくば市,97
2005,08221,茨城県,,ひたちなか市,95
2005,08222,茨城県,,鹿嶋市,101
2005,08223,茨城県,,潮来市,101
2005,08224,茨城県,,守谷市,100
2005,08225,茨城県,,常陸大宮市,102
2005,08226,茨城県,,那珂市,95
2005,08227,茨城県,,筑西市,99
2005,08228,茨城県,,坂東市,100
2005,08229,茨城県,,稲敷市,97
2005,08230,茨城県,,かすみがうら市,97
2005,08231,茨城県,,桜川市,99
2005,08232,茨城県,,神栖市,101
2005,08233,茨城県,,行方市,101
2005,08302,茨城県,東茨城郡,茨城町,95
2005,08303,茨城県,東茨城郡,小川町,95
2005,08304,茨城県,東茨城郡,美野里町,95
2005,08309,茨城県,東茨城郡,大洗町,95
2005,08310,茨城県,東茨城郡,城里町,95
2005,08321,茨城県,西茨城郡,友部町,95
2005,08322,茨城県,西茨城郡,岩間町,95
2005,08341,茨城県,那珂郡,東海村,95
2005,08364,茨城県,久慈郡,大子町,102
2005,08401,茨城県,鹿島郡,旭村,101
2005,08402,茨城県,鹿島郡,鉾田町,101
2005,08403,茨城県,鹿島郡,大洋村,101
2005,08442,茨城県,稲敷郡,美浦村,97
2005,08443,茨城県,稲敷郡,阿見町,97
2005,08447,茨城県,稲敷郡,河内町,97
2005,08462,茨城県,新治郡,玉里村,95
2005,08465,茨城県,新治郡,新治村,97
2005,08482,茨城県,筑波郡,伊奈町,100
2005,08483,茨城県,筑波郡,谷和原村,100
2005,08521,茨城県,結城郡,八千代町,99
2005,08522,茨城県,結城郡,千代川村,99
2005,08523,茨城県,結城郡,石下町,99
2005,08542,茨城県,猿島郡,五霞町,98
2005,08546,茨城県,猿島郡,境町,98
2005,08564,茨城県,北相馬郡,利根町,97
2005,09201,栃木県,,宇都宮市,103
2005,09202,栃木県,,足利市,104
2005,09203,栃木県,,栃木市,105
2005,09204,栃木県,,佐野市,105
2005,09205,栃木県,,鹿沼市,105
2005,09206,栃木県,,日光市,106
2005,09207,栃木県,,今市市,106
2005,09208,栃木県,,小山市,103
2005,09209,栃木県,,真岡市,103
2005,09210,栃木県,,大田原市,107
2005,09211,栃木県,,矢板市,107
2005,09213,栃木県,,那須塩原市,107
2005,09214,栃木県,,さくら市,107
2005,09215,栃木県,,那須烏山市,107
2005,09301,栃木県,河内郡,上三川町,103
2005,09302,栃木県,河内郡,南河内町,103
2005,09303,栃木県,河内郡,上河内町,103
2005,09304,栃木県,河内郡,河内町,103
2005,09321,栃木県,上都賀郡,西方町,105
2005,09322,栃木県,上都賀郡,粟野町,105
2005,09323,栃木県,上都賀郡,足尾町,106
2005,09341,栃木県,芳賀郡,二宮町,103
2005,09342,栃木県,芳賀郡,益子町,103
2005,09343,栃木県,芳賀郡,茂木町,103
2005,09344,栃木県,芳賀郡,市貝町,103
2005,09345,栃木県,芳賀郡,芳賀町,103
2005,09361,栃木県,下都賀郡,壬生町,103
2005,09362,栃木県,下都賀郡,石橋町,103
2005,09363,栃木県,下都賀郡,国分寺町,103
2005,09364,栃木県,下都賀郡,野木町,98
2005,09365,栃木県,下都賀郡,大平町,105
2005,09366,栃木県,下都賀郡,藤岡町,105
2005,09367,栃木県,下都賀郡,岩舟町,105
2005,09368,栃木県,下都賀郡,都賀町,105
2005,09382,栃木県,塩谷郡,栗山村,106
2005,09383,栃木県,塩谷郡,藤原町,106
2005,09384,栃木県,塩谷郡,塩谷町,107
2005,09386,栃木県,塩谷郡,高根沢町,103
2005,09407,栃木県,那須郡,那須町,107
2005,09411,栃木県,那須郡,那珂川町,107
2005,10201,群馬県,,前橋市,108
2005,10202,群馬県,,高崎市,109
2005,10203,群馬県,,桐生市,110
2005,10204,群馬県,,伊勢崎市,110
2005,10205,群馬県,,太田市,104
2005,10206,群馬県,,沼田市,111
2005,10207,群馬県,,館林市,104
2005,10208,群馬県,,渋川市,108
2005,10209,群馬県,,藤岡市,112
2005,10210,群馬県,,富岡市,109
2005,10211,群馬県,,安中市,109
2005,10301,群馬県,勢多郡,北橘村,108
2005,10302,群馬県,勢多郡,赤城村,108
2005,10303,群馬県,勢多郡,富士見村,108
2005,10309,群馬県,勢多郡,東村,110
2005,10321,群馬県,群馬郡,榛名町,109
2005,10322,群馬県,群馬郡,倉渕村,109
2005,10323,群馬県,群馬郡,箕郷町,109
2005,10324,群馬県,群馬郡,群馬町,109
2005,10341,群馬県,北群馬郡,子持村,108
2005,10342,群馬県,北群馬郡,小野上村,108
2005,10343,群馬県,北群馬郡,伊香保町,108
2005,10344,群馬県,北群馬郡,榛東村,108
2005,10345,群馬県,北群馬郡,吉岡町,108
2005,10361,群馬県,多野郡,新町,112
2005,10362,群馬県,多野郡,鬼石町,112
2005,10363,群馬県,多野郡,吉井町,109
2005,10366,群馬県,多野郡,上野村,113
2005,10367,群馬県,多野郡,神流町,113
2005,10381,群馬県,甘楽郡,妙義町,109
2005,10382,群馬県,甘楽郡,下仁田町,109
2005,10383,群馬県,甘楽郡,南牧村,109
2005,10384,群馬県,甘楽郡,甘楽町,109
2005,10401,群馬県,碓氷郡,松井田町,109
2005,10421,群馬県,吾妻郡,中之条町,108
2005,10422,群馬県,吾妻郡,東村,108
2005,10423,群馬県,吾妻郡,吾妻町,108
2005,10424,群馬県,吾妻郡,長野原町,114
2005,10425,群馬県,吾妻郡,嬬恋村,114
2005,10426,群馬県,吾妻郡,草津町,114
2005,10427,群馬県,吾妻郡,六合村,114
2005,10428,群馬県,吾妻郡,高山村,108
2005,10443,群馬県,利根郡,片品村,111
2005,10444,群馬県,利根郡,川場村,111
2005,10448,群馬県,利根郡,昭和村,111
2005,10449,群馬県,利根郡,みなかみ町,111
2005,10464,群馬県,佐波郡,玉村町,110
2005,10484,群馬県,新田郡,笠懸町,110
2005,10501,群馬県,山田郡,大間々町,110
2005,10521,群馬県,邑楽郡,板倉町,104
2005,10522,群馬県,邑楽郡,明和町,104
2005,10523,群馬県,邑楽郡,千代田町,104
2005,10524,群馬県,邑楽郡,大泉町,104
2005,10525,群馬県,邑楽郡,邑楽町,104
2005,11100,埼玉県,,さいたま市,115
2005,11201,埼玉県,,川越市,116
2005,11202,埼玉県,,熊谷市,117
2005,11203,埼玉県,,川口市,118
2005,11206,埼玉県,,行田市,117
2005,11207,埼玉県,,秩父市,119
2005,11208,埼玉県,,所沢市,120
2005,11209,埼玉県,,飯能市,120
2005,11210,埼玉県,,加須市,115
2005,11211,埼玉県,,本庄市,112
2005,11212,埼玉県,,東松山市,116
2005,11214,埼玉県,,春日部市,98
2005,11215,埼玉県,,狭山市,120
2005,11216,埼玉県,,羽生市,115
2005,11217,埼玉県,,鴻巣市,115
2005,11218,埼玉県,,深谷市,117
2005,11219,埼玉県,,上尾市,115
2005,11221,埼玉県,,草加市,121
2005,11222,埼玉県,,越谷市,121
2005,11223,埼玉県,,蕨市,118
2005,11224,埼玉県,,戸田市,118
2005,11225,埼玉県,,入間市,120
2005,11226,埼玉県,,鳩ヶ谷市,118
2005,11227,埼玉県,,朝霞市,122
2005,11228,埼玉県,,志木市,122
2005,11229,埼玉県,,和光市,122
2005,11230,埼玉県,,新座市,122
2005,11231,埼玉県,,桶川市,115
2005,11232,埼玉県,,久喜市,115
2005,11233,埼玉県,,北本市,115
2005,11234,埼玉県,,八潮市,121
2005,11235,埼玉県,,富士見市,122
2005,11237,埼玉県,,三郷市,121
2005,11238,埼玉県,,蓮田市,115
2005,11239,埼玉県,,坂戸市,116
2005,11240,埼玉県,,幸手市,98
2005,11241,埼玉県,,鶴ヶ島市,116
2005,11242,埼玉県,,日高市,120
2005,11243,埼玉県,,吉川市,121
2005,11245,埼玉県,,ふじみ野市,122
2005,11301,埼玉県,北足立郡,伊奈町,115
2005,11324,埼玉県,入間郡,三芳町,122
2005,11326,埼玉県,入間郡,毛呂山町,116
2005,11327,埼玉県,入間郡,越生町,116
2005,11341,埼玉県,比企郡,滑川町,116
2005,11342,埼玉県,比企郡,嵐山町,116
2005,11343,埼玉県,比企郡,小川町,116
2005,11344,埼玉県,比企郡,都幾川村,116
2005,11345,埼玉県,比企郡,玉川村,116
2005,11346,埼玉県,比企郡,川島町,116
2005,11347,埼玉県,比企郡,吉見町,115
2005,11348,埼玉県,比企郡,鳩山町,116
2005,11361,埼玉県,秩父郡,横瀬町,119
2005,11362,埼玉県,秩父郡,皆野町,119
2005,11363,埼玉県,秩父郡,長瀞町,119
2005,11365,埼玉県,秩父郡,小鹿野町,119
2005,11369,埼玉県,秩父郡,東秩父村,116
2005,11381,埼玉県,児玉郡,美里町,112
2005,11382,埼玉県,児玉郡,児玉町,112
2005,11383,埼玉県,児玉郡,神川町,112
2005,11384,埼玉県,児玉郡,神泉村,112
2005,11385,埼玉県,児玉郡,上里町,112
2005,11402,埼玉県,大里郡,江南町,117
2005,11405,埼玉県,大里郡,岡部町,117
2005,11406,埼玉県,大里郡,川本町,117
2005,11407,埼玉県,大里郡,花園町,117
2005,11408,埼玉県,大里郡,寄居町,117
2005,11421,埼玉県,北埼玉郡,騎西町,115
2005,11422,埼玉県,北埼玉郡,南河原村,117
2005,11424,埼玉県,北埼玉郡,北川辺町,98
2005,11425,埼玉県,北埼玉郡,大利根町,115
2005,11442,埼玉県,南埼玉郡,宮代町,98
2005,11445,埼玉県,南埼玉郡,白岡町,115
2005,11446,埼玉県,南埼玉郡,菖蒲町,115
2005,11461,埼玉県,北葛飾郡,栗橋町,98
2005,11462,埼玉県,北葛飾郡,鷲宮町,115
2005,11464,埼玉県,北葛飾郡,杉戸町,98
2005,11465,埼玉県,北葛飾郡,松伏町,121
2005,12100,千葉県,,千葉市,123
2005,12202,千葉県,,銚子市,101
2005,12203,千葉県,,市川市,122
2005,12204,千葉県,,船橋市,124
2005,12205,千葉県,,館山市,125
2005,12206,千葉県,,木更津市,126
2005,12207,千葉県,,松戸市,124
2005,12208,千葉県,,野田市,124
2005,12209,千葉県,,佐原市,127
2005,12210,千葉県,,茂原市,128
2005,12211,千葉県,,成田市,127
2005,12212,千葉県,,佐倉市,127
2005,12213,千葉県,,東金市,123
2005,12214,千葉県,,八日市場市,129
2005,12215,千葉県,,旭市,129
2005,12216,千葉県,,習志野市,124
2005,12217,千葉県,,柏市,124
2005,12218,千葉県,,勝浦市,128
2005,12219,千葉県,,市原市,126
2005,12220,千葉県,,流山市,124
2005,12221,千葉県,,八千代市,124
2005,12222,千葉県,,我孫子市,124
2005,12223,千葉県,,鴨川市,125
2005,12224,千葉県,,鎌ヶ谷市,124
2005,12225,千葉県,,君津市,126
2005,12226,千葉県,,富津市,126
2005,12227,千葉県,,浦安市,122
2005,12228,千葉県,,四街道市,123
2005,12229,千葉県,,袖ヶ浦市,126
2005,12230,千葉県,,八街市,123
2005,12231,千葉県,,印西市,124
2005,12232,千葉県,,白井市,124
2005,12233,千葉県,,富里市,127
2005,12322,千葉県,印旛郡,酒々井町,127
2005,12325,千葉県,印旛郡,印旛村,127
2005,12328,千葉県,印旛郡,本埜村,124
2005,12329,千葉県,印旛郡,栄町,124
2005,12341,千葉県,香取郡,下総町,127
2005,12342,千葉県,香取郡,神崎町,127
2005,12343,千葉県,香取郡,大栄町,127
2005,12344,千葉県,香取郡,小見川町,101
2005,12345,千葉県,香取郡,山田町,101
2005,12346,千葉県,香取郡,栗源町,127
2005,12347,千葉県,香取郡,多古町,127
2005,12349,千葉県,香取郡,東庄町,101
2005,12381,千葉県,匝瑳郡,光町,129
2005,12382,千葉県,匝瑳郡,野栄町,129
2005,12402,千葉県,山武郡,大網白里町,123
2005,12403,千葉県,山武郡,九十九里町,123
2005,12404,千葉県,山武郡,成東町,123
2005,12405,千葉県,山武郡,山武町,123
2005,12406,千葉県,山武郡,蓮沼村,123
2005,12407,千葉県,山武郡,松尾町,123
2005,12408,千葉県,山武郡,横芝町,123
2005,12409,千葉県,山武郡,芝山町,127
2005,12421,千葉県,長生郡,一宮町,128
2005,12422,千葉県,長生郡,睦沢町,128
2005,12423,千葉県,長生郡,長生村,128
2005,12424,千葉県,長生郡,白子町,128
2005,12426,千葉県,長生郡,長柄町,128
2005,12427,千葉県,長生郡,長南町,128
2005,12441,千葉県,夷隅郡,大多喜町,128
2005,12442,千葉県,夷隅郡,夷隅町,128
2005,12443,千葉県,夷隅郡,御宿町,128
2005,12444,千葉県,夷隅郡,大原町,128
2005,12445,千葉県,夷隅郡,岬町,128
2005,12461,千葉県,安房郡,富浦町,125
2005,12462,千葉県,安房郡,富山町,125
2005,12463,千葉県,安房郡,鋸南町,125
2005,12464,千葉県,安房郡,三芳村,125
2005,12465,千葉県,安房郡,白浜町,125
2005,12466,千葉県,安房郡,千倉町,125
2005,12467,千葉県,安房郡,丸山町,125
2005,12468,千葉県,安房郡,和田町,125
2005,13101,東京都,,千代田区,122
2005,13102,東京都,,中央区,122
2005,13103,東京都,,港区,122
2005,13104,東京都,,新宿区,122
2005,13105,東京都,,文京区,122
2005,13106,東京都,,台東区,122
2005,13107,東京都,,墨田区,122
2005,13108,東京都,,江東区,122
2005,13109,東京都,,品川区,122
2005,13110,東京都,,目黒区,122
2005,13111,東京都,,大田区,122
2005,13112,東京都,,世田谷区,122
2005,13113,東京都,,渋谷区,122
2005,13114,東京都,,中野区,122
2005,13115,東京都,,杉並区,122
2005,13116,東京都,,豊島区,122
2005,13117,東京都,,北区,122
2005,13118,東京都,,荒川区,122
2005,13119,東京都,,板橋区,122
2005,13120,東京都,,練馬区,122
2005,13121,東京都,,足立区,122
2005,13122,東京都,,葛飾区,122
2005,13123,東京都,,江戸川区,122
2005,13201,東京都,,八王子市,130
2005,13202,東京都,,立川市,131
2005,13203,東京都,,武蔵野市,122
2005,13204,東京都,,三鷹市,122
2005,13205,東京都,,青梅市,131
2005,13206,東京都,,府中市,122
2005,13207,東京都,,昭島市,131
2005,13208,東京都,,調布市,122
2005,13209,東京都,,町田市,130
2005,13210,東京都,,小金井市,122
2005,13211,東京都,,小平市,122
2005,13212,東京都,,日野市,130
2005,13213,東京都,,東村山市,122
2005,13214,東京都,,国分寺市,122
2005,13215,東京都,,国立市,122
2005,13218,東京都,,福生市,131
2005,13219,東京都,,狛江市,122
2005,13220,東京都,,東大和市,122
2005,13221,東京都,,清瀬市,122
2005,13222,東京都,,東久留米市,122
2005,13223,東京都,,武蔵村山市,131
2005,13224,東京都,,多摩市,122
2005,13225,東京都,,稲城市,122
2005,13227,東京都,,羽村市,131
2005,13228,東京都,,あきる野市,131
2005,13229,東京都,,西東京市,122
2005,13303,東京都,西多摩郡,瑞穂町,131
2005,13305,東京都,西多摩郡,日の出町,131
2005,13307,東京都,西多摩郡,檜原村,131
2005,13308,東京都,西多摩郡,奥多摩町,131
2005,13361,東京都,大島支庁,大島町,290
2005,13362,東京都,大島支庁,利島村,291
2005,13363,東京都,大島支庁,新島村,292
2005,13364,東京都,大島支庁,神津島村,293
2005,13381,東京都,三宅支庁,三宅村,294
2005,13382,東京都,三宅支庁,御蔵島村,295
2005,13401,東京都,八丈支庁,八丈町,296
2005,13402,東京都,八丈支庁,青ヶ島村,297
2005,13421,東京都,小笠原支庁,小笠原村,298
2005,14100,神奈川県,,横浜市,132
2005,14130,神奈川県,,川崎市,122
2005,14201,神奈川県,,横須賀市,132
2005,14203,神奈川県,,平塚市,133
2005,14204,神奈川県,,鎌倉市,132
2005,14205,神奈川県,,藤沢市,132
2005,14206,神奈川県,,小田原市,133
2005,14207,神奈川県,,茅ヶ崎市,132
2005,14208,神奈川県,,逗子市,132
2005,14209,神奈川県,,相模原市,130
2005,14210,神奈川県,,三浦市,132
2005,14211,神奈川県,,秦野市,133
2005,14212,神奈川県,,厚木市,130
2005,14213,神奈川県,,大和市,132
2005,14214,神奈川県,,伊勢原市,130
2005,14215,神奈川県,,海老名市,132
2005,14216,神奈川県,,座間市,132
2005,14217,神奈川県,,南足柄市,133
2005,14218,神奈川県,,綾瀬市,132
2005,14301,神奈川県,三浦郡,葉山町,132
2005,14321,神奈川県,高座郡,寒川町,132
2005,14341,神奈川県,中郡,大磯町,133
2005,14342,神奈川県,中郡,二宮町,133
2005,14361,神奈川県,足柄上郡,中井町,133
2005,14362,神奈川県,足柄上郡,大井町,133
2005,14363,神奈川県,足柄上郡,松田町,133
2005,14364,神奈川県,足柄上郡,山北町,133
2005,14366,神奈川県,足柄上郡,開成町,133
2005,14382,神奈川県,足柄下郡,箱根町,133
2005,14383,神奈川県,足柄下郡,真鶴町,134
2005,14384,神奈川県,足柄下郡,湯河原町,134
2005,14401,神奈川県,愛甲郡,愛川町,130
2005,14402,神奈川県,愛甲郡,清川村,130
2005,14421,神奈川県,津久井郡,城山町,130
2005,14422,神奈川県,津久井郡,津久井町,130
2005,14423,神奈川県,津久井郡,相模湖町,130
2005,14424,神奈川県,津久井郡,藤野町,130
2005,15201,新潟県,,新潟市,135
2005,15202,新潟県,,長岡市,136
2005,15204,新潟県,,三条市,135
2005,15205,新潟県,,柏崎市,136
2005,15206,新潟県,,新発田市,135
2005,15208,新潟県,,小千谷市,136
2005,15209,新潟県,,加茂市,135
2005,15210,新潟県,,十日町市,137
2005,15211,新潟県,,見附市,136
2005,15212,新潟県,,村上市,138
2005,15213,新潟県,,燕市,135
2005,15215,新潟県,,栃尾市,136
2005,15216,新潟県,,糸魚川市,139
2005,15217,新潟県,,妙高市,139
2005,15218,新潟県,,五泉市,135
2005,15222,新潟県,,上越市,139
2005,15223,新潟県,,阿賀野市,135
2005,15224,新潟県,,佐渡市,299
2005,15225,新潟県,,魚沼市,136
2005,15226,新潟県,,南魚沼市,140
2005,15227,新潟県,,胎内市,138
2005,15307,新潟県,北蒲原郡,聖籠町,135
2005,15322,新潟県,中蒲原郡,村松町,135
2005,15342,新潟県,西蒲原郡,弥彦村,135
2005,15343,新潟県,西蒲原郡,分水町,135
2005,15344,新潟県,西蒲原郡,吉田町,135
2005,15345,新潟県,西蒲原郡,巻町,135
2005,15361,新潟県,南蒲原郡,田上町,135
2005,15385,新潟県,東蒲原郡,阿賀町,135
2005,15403,新潟県,三島郡,与板町,136
2005,15404,新潟県,三島郡,和島村,135
2005,15405,新潟県,三島郡,出雲崎町,136
2005,15406,新潟県,三島郡,寺泊町,135
2005,15441,新潟県,北魚沼郡,川口町,136
2005,15461,新潟県,南魚沼郡,湯沢町,140
2005,15482,新潟県,中魚沼郡,津南町,137
2005,15504,新潟県,刈羽郡,刈羽村,136
2005,15581,新潟県,岩船郡,関川村,138
2005,15582,新潟県,岩船郡,荒川町,138
2005,15583,新潟県,岩船郡,神林村,138
2005,15584,新潟県,岩船郡,朝日村,138
2005,15585,新潟県,岩船郡,山北町,138
2005,15586,新潟県,岩船郡,粟島浦村,300
2005,16201,富山県,,富山市,141
2005,16202,富山県,,高岡市,142
2005,16203,富山県,,新湊市,142
2005,16204,富山県,,魚津市,141
2005,16205,富山県,,氷見市,142
2005,16206,富山県,,滑川市,141
2005,16207,富山県,,黒部市,141
2005,16208,富山県,,砺波市,142
2005,16209,富山県,,小矢部市,142
2005,16210,富山県,,南砺市,142
2005,16321,富山県,中新川郡,舟橋村,141
2005,16322,富山県,中新川郡,上市町,141
2005,16323,富山県,中新川郡,立山町,141
2005,16341,富山県,下新川郡,宇奈月町,141
2005,16342,富山県,下新川郡,入善町,141
2005,16343,富山県,下新川郡,朝日町,141
2005,16381,富山県,射水郡,小杉町,142
2005,16382,富山県,射水郡,大門町,142
2005,16383,富山県,射水郡,下村,141
2005,16384,富山県,射水郡,大島町,142
2005,16422,富山県,西礪波郡,福岡町,142
2005,17201,石川県,,金沢市,143
2005,17202,石川県,,七尾市,144
2005,17203,石川県,,小松市,143
2005,17204,石川県,,輪島市,145
2005,17205,石川県,,珠洲市,145
2005,17206,石川県,,加賀市,143
2005,17207,石川県,,羽咋市,144
2005,17209,石川県,,かほく市,143
2005,17210,石川県,,白山市,143
2005,17211,石川県,,能美市,143
2005,17324,石川県,能美郡,川北町,143
2005,17344,石川県,石川郡,野々市町,143
2005,17361,石川県,河北郡,津幡町,143
2005,17365,石川県,河北郡,内灘町,143
2005,17384,石川県,羽咋郡,志賀町,144
2005,17386,石川県,羽咋郡,宝達志水町,144
2005,17407,石川県,鹿島郡,中能登町,144
2005,17461,石川県,鳳珠郡,穴水町,145
2005,17462,石川県,鳳珠郡,門前町,145
2005,17463,石川県,鳳珠郡,能登町,145
2005,18201,福井県,,福井市,146
2005,18202,福井県,,敦賀市,147
2005,18204,福井県,,小浜市,147
2005,18205,福井県,,大野市,146
2005,18206,福井県,,勝山市,146
2005,18207,福井県,,鯖江市,148
2005,18208,福井県,,あわら市,146
2005,18209,福井県,,越前市,148
2005,18302,福井県,足羽郡,美山町,146
2005,18321,福井県,吉田郡,松岡町,146
2005,18322,福井県,吉田郡,永平寺町,146
2005,18323,福井県,吉田郡,上志比村,146
2005,18342,福井県,大野郡,和泉村,146
2005,18361,福井県,坂井郡,三国町,146
2005,18364,福井県,坂井郡,丸岡町,146
2005,18365,福井県,坂井郡,春江町,146
2005,18366,福井県,坂井郡,坂井町,146
2005,18382,福井県,今立郡,池田町,148
2005,18404,福井県,南条郡,南越前町,148
2005,18423,福井県,丹生郡,越前町,148
2005,18424,福井県,丹生郡,越廼村,146
2005,18426,福井県,丹生郡,清水町,146
2005,18442,福井県,三方郡,美浜町,147
2005,18462,福井県,遠敷郡,名田庄村,147
2005,18481,福井県,大飯郡,高浜町,147
2005,18482,福井県,大飯郡,大飯町,147
2005,18501,福井県,三方上中郡,若狭町,147
2005,19201,山梨県,,甲府市,149
2005,19202,山梨県,,富士吉田市,150
2005,19203,山梨県,,塩山市,149
2005,19204,山梨県,,都留市,150
2005,19205,山梨県,,山梨市,149
2005,19206,山梨県,,大月市,150
2005,19207,山梨県,,韮崎市,149
2005,19208,山梨県,,南アルプス市,149
2005,19209,山梨県,,北杜市,149
2005,19210,山梨県,,甲斐市,149
2005,19211,山梨県,,笛吹市,149
2005,19212,山梨県,,上野原市,130
2005,19304,山梨県,東山梨郡,勝沼町,149
2005,19305,山梨県,東山梨郡,大和村,149
2005,19326,山梨県,東八代郡,中道町,149
2005,19327,山梨県,東八代郡,芦川村,149
2005,19328,山梨県,東八代郡,豊富村,149
2005,19341,山梨県,西八代郡,上九一色村,150
2005,19346,山梨県,西八代郡,市川三郷町,149
2005,19361,山梨県,南巨摩郡,増穂町,149
2005,19362,山梨県,南巨摩郡,鰍沢町,149
2005,19364,山梨県,南巨摩郡,早川町,151
2005,19365,山梨県,南巨摩郡,身延町,151
2005,19366,山梨県,南巨摩郡,南部町,151
2005,19383,山梨県,中巨摩郡,玉穂町,149
2005,19384,山梨県,中巨摩郡,昭和町,149
2005,19385,山梨県,中巨摩郡,田富町,149
2005,19407,山梨県,北巨摩郡,小淵沢町,149
2005,19422,山梨県,南都留郡,道志村,150
2005,19423,山梨県,南都留郡,西桂町,150
2005,19424,山梨県,南都留郡,忍野村,150
2005,19425,山梨県,南都留郡,山中湖村,150
2005,19429,山梨県,南都留郡,鳴沢村,150
2005,19430,山梨県,南都留郡,富士河口湖町,150
2005,19442,山梨県,北都留郡,小菅村,152
2005,19443,山梨県,北都留郡,丹波山村,152
2005,20201,長野県,,長野市,153
2005,20202,長野県,,松本市,154
2005,20203,長野県,,上田市,155
2005,20204,長野県,,岡谷市,156
2005,20205,長野県,,飯田市,157
2005,20206,長野県,,諏訪市,156
2005,20207,長野県,,須坂市,153
2005,20208,長野県,,小諸市,158
2005,20209,長野県,,伊那市,159
2005,20210,長野県,,駒ヶ根市,159
2005,20211,長野県,,中野市,153
2005,20212,長野県,,大町市,154
2005,20213,長野県,,飯山市,153
2005,20214,長野県,,茅野市,156
2005,20215,長野県,,塩尻市,154
2005,20217,長野県,,佐久市,158
2005,20218,長野県,,千曲市,155
2005,20219,長野県,,東御市,155
2005,20220,長野県,,安曇野市,154
2005,20303,長野県,南佐久郡,小海町,158
2005,20304,長野県,南佐久郡,川上村,160
2005,20305,長野県,南佐久郡,南牧村,158
2005,20306,長野県,南佐久郡,南相木村,158
2005,20307,長野県,南佐久郡,北相木村,158
2005,20309,長野県,南佐久郡,佐久穂町,158
2005,20321,長野県,北佐久郡,軽井沢町,158
2005,20323,長野県,北佐久郡,御代田町,158
2005,20324,長野県,北佐久郡,立科町,158
2005,20341,長野県,小県郡,丸子町,155
2005,20345,長野県,小県郡,真田町,155
2005,20346,長野県,小県郡,武石村,155
2005,20349,長野県,小県郡,青木村,155
2005,20350,長野県,小県郡,長和町,155
2005,20361,長野県,諏訪郡,下諏訪町,156
2005,20362,長野県,諏訪郡,富士見町,156
2005,20363,長野県,諏訪郡,原村,156
2005,20381,長野県,上伊那郡,高遠町,159
2005,20382,長野県,上伊那郡,辰野町,159
2005,20383,長野県,上伊那郡,箕輪町,159
2005,20384,長野県,上伊那郡,飯島町,159
2005,20385,長野県,上伊那郡,南箕輪村,159
2005,20386,長野県,上伊那郡,中川村,159
2005,20387,長野県,上伊那郡,長谷村,159
2005,20388,長野県,上伊那郡,宮田村,159
2005,20402,長野県,下伊那郡,松川町,159
2005,20403,長野県,下伊那郡,高森町,157
2005,20404,長野県,下伊那郡,阿南町,157
2005,20406,長野県,下伊那郡,清内路村,157
2005,20407,長野県,下伊那郡,阿智村,157
2005,20408,長野県,下伊那郡,浪合村,157
2005,20409,長野県,下伊那郡,平谷村,157
2005,20410,長野県,下伊那郡,根羽村,157
2005,20411,長野県,下伊那郡,下條村,157
2005,20412,長野県,下伊那郡,売木村,157
2005,20413,長野県,下伊那郡,天龍村,157
2005,20414,長野県,下伊那郡,泰阜村,157
2005,20415,長野県,下伊那郡,喬木村,157
2005,20416,長野県,下伊那郡,豊丘村,157
2005,20417,長野県,下伊那郡,大鹿村,161
2005,20421,長野県,木曽郡,木曽福島町,162
2005,20422,長野県,木曽郡,上松町,162
2005,20423,長野県,木曽郡,南木曽町,163
2005,20425,長野県,木曽郡,木祖村,162
2005,20426,長野県,木曽郡,日義村,162
2005,20427,長野県,木曽郡,開田村,162
2005,20428,長野県,木曽郡,三岳村,162
2005,20429,長野県,木曽郡,王滝村,162
2005,20430,長野県,木曽郡,大桑村,163
2005,20444,長野県,東筑摩郡,本城村,154
2005,20445,長野県,東筑摩郡,坂北村,154
2005,20446,長野県,東筑摩郡,麻績村,154
2005,20447,長野県,東筑摩郡,坂井村,154
2005,20448,長野県,東筑摩郡,生坂村,154
2005,20449,長野県,東筑摩郡,波田町,154
2005,20450,長野県,東筑摩郡,山形村,154
2005,20451,長野県,東筑摩郡,朝日村,154
2005,20481,長野県,北安曇郡,池田町,154
2005,20482,長野県,北安曇郡,松川村,154
2005,20483,長野県,北安曇郡,八坂村,154
2005,20484,長野県,北安曇郡,美麻村,154
2005,20485,長野県,北安曇郡,白馬村,154
2005,20486,長野県,北安曇郡,小谷村,154
2005,20521,長野県,埴科郡,坂城町,155
2005,20541,長野県,上高井郡,小布施町,153
2005,20543,長野県,上高井郡,高山村,153
2005,20561,長野県,下高井郡,山ノ内町,153
2005,20562,長野県,下高井郡,木島平村,153
2005,20563,長野県,下高井郡,野沢温泉村,153
2005,20581,長野県,上水内郡,信州新町,153
2005,20583,長野県,上水内郡,信濃町,153
2005,20588,長野県,上水内郡,小川村,153
2005,20589,長野県,上水内郡,中条村,153
2005,20590,長野県,上水内郡,飯綱町,153
2005,20602,長野県,下水内郡,栄村,137
2005,21201,岐阜県,,岐阜市,164
2005,21202,岐阜県,,大垣市,164
2005,21203,岐阜県,,高山市,165
2005,21204,岐阜県,,多治見市,166
2005,21205,岐阜県,,関市,167
2005,21206,岐阜県,,中津川市,163
2005,21207,岐阜県,,美濃市,167
2005,21208,岐阜県,,瑞浪市,166
2005,21209,岐阜県,,羽島市,164
2005,21210,岐阜県,,恵那市,163
2005,21211,岐阜県,,美濃加茂市,167
2005,21212,岐阜県,,土岐市,166
2005,21213,岐阜県,,各務原市,164
2005,21214,岐阜県,,可児市,167
2005,21215,岐阜県,,山県市,164
2005,21216,岐阜県,,瑞穂市,164
2005,21217,岐阜県,,飛騨市,165
2005,21218,岐阜県,,本巣市,164
2005,21219,岐阜県,,郡上市,168
2005,21220,岐阜県,,下呂市,169
2005,21221,岐阜県,,海津市,164
2005,21302,岐阜県,羽島郡,岐南町,164
2005,21303,岐阜県,羽島郡,笠松町,164
2005,21304,岐阜県,羽島郡,柳津町,164
2005,21341,岐阜県,養老郡,養老町,164
2005,21342,岐阜県,養老郡,上石津町,164
2005,21361,岐阜県,不破郡,垂井町,164
2005,21362,岐阜県,不破郡,関ヶ原町,164
2005,21381,岐阜県,安八郡,神戸町,164
2005,21382,岐阜県,安八郡,輪之内町,164
2005,21383,岐阜県,安八郡,安八町,164
2005,21384,岐阜県,安八郡,墨俣町,164
2005,21401,岐阜県,揖斐郡,揖斐川町,164
2005,21403,岐阜県,揖斐郡,大野町,164
2005,21404,岐阜県,揖斐郡,池田町,164
2005,21421,岐阜県,本巣郡,北方町,164
2005,21501,岐阜県,加茂郡,坂祝町,167
2005,21502,岐阜県,加茂郡,富加町,167
2005,21503,岐阜県,加茂郡,川辺町,167
2005,21504,岐阜県,加茂郡,七宗町,167
2005,21505,岐阜県,加茂郡,八百津町,167
2005,21506,岐阜県,加茂郡,白川町,169
2005,21507,岐阜県,加茂郡,東白川村,169
2005,21521,岐阜県,可児郡,御嵩町,167
2005,21541,岐阜県,土岐郡,笠原町,166
2005,21604,岐阜県,大野郡,白川村,165
2005,22100,静岡県,,静岡市,170
2005,22202,静岡県,,浜松市,171
2005,22203,静岡県,,沼津市,172
2005,22205,静岡県,,熱海市,134
2005,22206,静岡県,,三島市,172
2005,22207,静岡県,,富士宮市,170
2005,22208,静岡県,,伊東市,173
2005,22209,静岡県,,島田市,174
2005,22210,静岡県,,富士市,170
2005,22211,静岡県,,磐田市,171
2005,22212,静岡県,,焼津市,174
2005,22213,静岡県,,掛川市,171
2005,22214,静岡県,,藤枝市,174
2005,22215,静岡県,,御殿場市,172
2005,22216,静岡県,,袋井市,171
2005,22219,静岡県,,下田市,173
2005,22220,静岡県,,裾野市,172
2005,22221,静岡県,,湖西市,171
2005,22222,静岡県,,伊豆市,172
2005,22223,静岡県,,御前崎市,171
2005,22224,静岡県,,菊川市,171
2005,22225,静岡県,,伊豆の国市,172
2005,22301,静岡県,賀茂郡,東伊豆町,173
2005,22302,静岡県,賀茂郡,河津町,173
2005,22304,静岡県,賀茂郡,南伊豆町,173
2005,22305,静岡県,賀茂郡,松崎町,175
2005,22306,静岡県,賀茂郡,西伊豆町,175
2005,22325,静岡県,田方郡,函南町,172
2005,22341,静岡県,駿東郡,清水町,172
2005,22342,静岡県,駿東郡,長泉町,172
2005,22344,静岡県,駿東郡,小山町,172
2005,22361,静岡県,富士郡,芝川町,170
2005,22381,静岡県,庵原郡,富士川町,170
2005,22382,静岡県,庵原郡,蒲原町,170
2005,22383,静岡県,庵原郡,由比町,170
2005,22401,静岡県,志太郡,岡部町,174
2005,22402,静岡県,志太郡,大井川町,174
2005,22422,静岡県,榛原郡,相良町,171
2005,22423,静岡県,榛原郡,榛原町,174
2005,22424,静岡県,榛原郡,吉田町,174
2005,22426,静岡県,榛原郡,川根町,174
2005,22429,静岡県,榛原郡,川根本町,174
2005,22461,静岡県,周智郡,森町,171
2005,22503,静岡県,浜名郡,新居町,171
2005,23100,愛知県,,名古屋市,176
2005,23201,愛知県,,豊橋市,177
2005,23202,愛知県,,岡崎市,178
2005,23203,愛知県,,一宮市,176
2005,23204,愛知県,,瀬戸市,176
2005,23205,愛知県,,半田市,179
2005,23206,愛知県,,春日井市,176
2005,23207,愛知県,,豊川市,177
2005,23208,愛知県,,津島市,176
2005,23209,愛知県,,碧南市,178
2005,23210,愛知県,,刈谷市,178
2005,23211,愛知県,,豊田市,180
2005,23212,愛知県,,安城市,178
2005,23213,愛知県,,西尾市,178
2005,23214,愛知県,,蒲郡市,177
2005,23215,愛知県,,犬山市,176
2005,23216,愛知県,,常滑市,179
2005,23217,愛知県,,江南市,176
2005,23219,愛知県,,小牧市,176
2005,23220,愛知県,,稲沢市,176
2005,23221,愛知県,,新城市,181
2005,23222,愛知県,,東海市,179
2005,23223,愛知県,,大府市,179
2005,23224,愛知県,,知多市,179
2005,23225,愛知県,,知立市,178
2005,23226,愛知県,,尾張旭市,176
2005,23227,愛知県,,高浜市,178
2005,23228,愛知県,,岩倉市,176
2005,23229,愛知県,,豊明市,180
2005,23230,愛知県,,日進市,180
2005,23231,愛知県,,田原市,177
2005,23232,愛知県,,愛西市,176
2005,23233,愛知県,,清須市,176
2005,23302,愛知県,愛知郡,東郷町,180
2005,23304,愛知県,愛知郡,長久手町,176
2005,23342,愛知県,西春日井郡,豊山町,176
2005,23343,愛知県,西春日井郡,師勝町,176
2005,23344,愛知県,西春日井郡,西春町,176
2005,23345,愛知県,西春日井郡,春日町,176
2005,23361,愛知県,丹羽郡,大口町,176
2005,23362,愛知県,丹羽郡,扶桑町,176
2005,23421,愛知県,海部郡,七宝町,176
2005,23422,愛知県,海部郡,美和町,176
2005,23423,愛知県,海部郡,甚目寺町,176
2005,23424,愛知県,海部郡,大治町,176
2005,23425,愛知県,海部郡,蟹江町,176
2005,23426,愛知県,海部郡,十四山村,176
2005,23427,愛知県,海部郡,飛島村,176
2005,23428,愛知県,海部郡,弥富町,176
2005,23441,愛知県,知多郡,阿久比町,179
2005,23442,愛知県,知多郡,東浦町,179
2005,23445,愛知県,知多郡,南知多町,179
2005,23446,愛知県,知多郡,美浜町,179
2005,23447,愛知県,知多郡,武豊町,179
2005,23481,愛知県,幡豆郡,一色町,178
2005,23482,愛知県,幡豆郡,吉良町,178
2005,23483,愛知県,幡豆郡,幡豆町,178
2005,23501,愛知県,額田郡,幸田町,178
2005,23502,愛知県,額田郡,額田町,178
2005,23521,愛知県,西加茂郡,三好町,180
2005,23561,愛知県,北設楽郡,設楽町,181
2005,23562,愛知県,北設楽郡,東栄町,181
2005,23563,愛知県,北設楽郡,豊根村,181
2005,23564,愛知県,北設楽郡,富山村,181
2005,23601,愛知県,宝飯郡,音羽町,177
2005,23602,愛知県,宝飯郡,一宮町,177
2005,23603,愛知県,宝飯郡,小坂井町,177
2005,23604,愛知県,宝飯郡,御津町,177
2005,24201,三重県,,津市,182
2005,24202,三重県,,四日市市,183
2005,24203,三重県,,伊勢市,184
2005,24204,三重県,,松阪市,184
2005,24205,三重県,,桑名市,183
2005,24207,三重県,,鈴鹿市,182
2005,24208,三重県,,名張市,185
2005,24209,三重県,,尾鷲市,186
2005,24210,三重県,,亀山市,182
2005,24211,三重県,,鳥羽市,184
2005,24212,三重県,,熊野市,187
2005,24213,三重県,,久居市,182
2005,24214,三重県,,いなべ市,183
2005,24215,三重県,,志摩市,184
2005,24216,三重県,,伊賀市,185
2005,24303,三重県,桑名郡,木曽岬町,183
2005,24324,三重県,員弁郡,東員町,183
2005,24341,三重県,三重郡,菰野町,183
2005,24343,三重県,三重郡,朝日町,183
2005,24344,三重県,三重郡,川越町,183
2005,24381,三重県,安芸郡,河芸町,182
2005,24382,三重県,安芸郡,芸濃町,182
2005,24383,三重県,安芸郡,美里村,182
2005,24384,三重県,安芸郡,安濃町,182
2005,24402,三重県,一志郡,香良洲町,182
2005,24403,三重県,一志郡,一志町,182
2005,24404,三重県,一志郡,白山町,182
2005,24406,三重県,一志郡,美杉村,182
2005,24441,三重県,多気郡,多気町,184
2005,24442,三重県,多気郡,明和町,184
2005,24443,三重県,多気郡,大台町,184
2005,24444,三重県,多気郡,勢和村,184
2005,24445,三重県,多気郡,宮川村,184
2005,24461,三重県,度会郡,玉城町,184
2005,24462,三重県,度会郡,二見町,184
2005,24463,三重県,度会郡,小俣町,184
2005,24468,三重県,度会郡,御薗村,184
2005,24470,三重県,度会郡,度会町,184
2005,24471,三重県,度会郡,大紀町,184
2005,24472,三重県,度会郡,南伊勢町,184
2005,24541,三重県,北牟婁郡,紀伊長島町,186
2005,24542,三重県,北牟婁郡,海山町,186
2005,24561,三重県,南牟婁郡,御浜町,187
2005,24562,三重県,南牟婁郡,紀宝町,187
2005,24563,三重県,南牟婁郡,紀和町,187
2005,24564,三重県,南牟婁郡,鵜殿村,187
2005,25201,滋賀県,,大津市,188
2005,25202,滋賀県,,彦根市,188
2005,25203,滋賀県,,長浜市,189
2005,25204,滋賀県,,近江八幡市,188
2005,25206,滋賀県,,草津市,188
2005,25207,滋賀県,,守山市,188
2005,25208,滋賀県,,栗東市,188
2005,25209,滋賀県,,甲賀市,188
2005,25210,滋賀県,,野洲市,188
2005,25211,滋賀県,,湖南市,188
2005,25212,滋賀県,,高島市,189
2005,25213,滋賀県,,東近江市,188
2005,25214,滋賀県,,米原市,189
2005,25301,滋賀県,滋賀郡,志賀町,188
2005,25381,滋賀県,蒲生郡,安土町,188
2005,25382,滋賀県,蒲生郡,蒲生町,188
2005,25383,滋賀県,蒲生郡,日野町,188
2005,25384,滋賀県,蒲生郡,竜王町,188
2005,25403,滋賀県,神崎郡,能登川町,188
2005,25423,滋賀県,愛知郡,秦荘町,188
2005,25424,滋賀県,愛知郡,愛知川町,188
2005,25441,滋賀県,犬上郡,豊郷町,188
2005,25442,滋賀県,犬上郡,甲良町,188
2005,25443,滋賀県,犬上郡,多賀町,188
2005,25481,滋賀県,東浅井郡,浅井町,189
2005,25482,滋賀県,東浅井郡,虎姫町,189
2005,25483,滋賀県,東浅井郡,湖北町,189
2005,25484,滋賀県,東浅井郡,びわ町,189
2005,25501,滋賀県,伊香郡,高月町,189
2005,25502,滋賀県,伊香郡,木之本町,189
2005,25503,滋賀県,伊香郡,余呉町,189
2005,25504,滋賀県,伊香郡,西浅井町,189
2005,26100,京都府,,京都市,190
2005,26201,京都府,,福知山市,191
2005,26202,京都府,,舞鶴市,147
2005,26203,京都府,,綾部市,191
2005,26204,京都府,,宇治市,190
2005,26205,京都府,,宮津市,192
2005,26206,京都府,,亀岡市,190
2005,26207,京都府,,城陽市,190
2005,26208,京都府,,向日市,190
2005,26209,京都府,,長岡京市,190
2005,26210,京都府,,八幡市,193
2005,26211,京都府,,京田辺市,190
2005,26212,京都府,,京丹後市,192
2005,26303,京都府,乙訓郡,大山崎町,190
2005,26322,京都府,久世郡,久御山町,190
2005,26343,京都府,綴喜郡,井手町,190
2005,26344,京都府,綴喜郡,宇治田原町,190
2005,26361,京都府,相楽郡,山城町,194
2005,26362,京都府,相楽郡,木津町,194
2005,26363,京都府,相楽郡,加茂町,194
2005,26364,京都府,相楽郡,笠置町,194
2005,26365,京都府,相楽郡,和束町,194
2005,26366,京都府,相楽郡,精華町,194
2005,26367,京都府,相楽郡,南山城村,185
2005,26382,京都府,北桑田郡,美山町,195
2005,26401,京都府,船井郡,園部町,190
2005,26402,京都府,船井郡,八木町,190
2005,26403,京都府,船井郡,丹波町,190
2005,26404,京都府,船井郡,日吉町,190
2005,26405,京都府,船井郡,瑞穂町,190
2005,26406,京都府,船井郡,和知町,191
2005,26421,京都府,天田郡,三和町,191
2005,26422,京都府,天田郡,夜久野町,191
2005,26441,京都府,加佐郡,大江町,191
2005,26461,京都府,与謝郡,加悦町,192
2005,26462,京都府,与謝郡,岩滝町,192
2005,26463,京都府,与謝郡,伊根町,192
2005,26464,京都府,与謝郡,野田川町,192
2005,27100,大阪府,,大阪市,193
2005,27201,大阪府,,堺市,196
2005,27202,大阪府,,岸和田市,196
2005,27203,大阪府,,豊中市,193
2005,27204,大阪府,,池田市,193
2005,27205,大阪府,,吹田市,193
2005,27206,大阪府,,泉大津市,196
2005,27207,大阪府,,高槻市,193
2005,27208,大阪府,,貝塚市,196
2005,27209,大阪府,,守口市,193
2005,27210,大阪府,,枚方市,193
2005,27211,大阪府,,茨木市,193
2005,27212,大阪府,,八尾市,197
2005,27213,大阪府,,泉佐野市,196
2005,27214,大阪府,,富田林市,197
2005,27215,大阪府,,寝屋川市,193
2005,27216,大阪府,,河内長野市,197
2005,27217,大阪府,,松原市,197
2005,27218,大阪府,,大東市,193
2005,27219,大阪府,,和泉市,196
2005,27220,大阪府,,箕面市,193
2005,27221,大阪府,,柏原市,197
2005,27222,大阪府,,羽曳野市,197
2005,27223,大阪府,,門真市,193
2005,27224,大阪府,,摂津市,193
2005,27225,大阪府,,高石市,196
2005,27226,大阪府,,藤井寺市,197
2005,27227,大阪府,,東大阪市,193
2005,27228,大阪府,,泉南市,196
2005,27229,大阪府,,四條畷市,193
2005,27230,大阪府,,交野市,193
2005,27231,大阪府,,大阪狭山市,196
2005,27232,大阪府,,阪南市,196
2005,27301,大阪府,三島郡,島本町,193
2005,27321,大阪府,豊能郡,豊能町,193
2005,27322,大阪府,豊能郡,能勢町,193
2005,27341,大阪府,泉北郡,忠岡町,196
2005,27361,大阪府,泉南郡,熊取町,196
2005,27362,大阪府,泉南郡,田尻町,196
2005,27366,大阪府,泉南郡,岬町,196
2005,27381,大阪府,南河内郡,太子町,197
2005,27382,大阪府,南河内郡,河南町,197
2005,27383,大阪府,南河内郡,千早赤阪村,197
2005,28100,兵庫県,,神戸市,198
2005,28201,兵庫県,,姫路市,199
2005,28202,兵庫県,,尼崎市,193
2005,28203,兵庫県,,明石市,198
2005,28204,兵庫県,,西宮市,193
2005,28205,兵庫県,,洲本市,200
2005,28206,兵庫県,,芦屋市,193
2005,28207,兵庫県,,伊丹市,193
2005,28208,兵庫県,,相生市,199
2005,28209,兵庫県,,豊岡市,201
2005,28210,兵庫県,,加古川市,198
2005,28212,兵庫県,,赤穂市,199
2005,28213,兵庫県,,西脇市,198
2005,28214,兵庫県,,宝塚市,193
2005,28215,兵庫県,,三木市,198
2005,28216,兵庫県,,高砂市,198
2005,28217,兵庫県,,川西市,193
2005,28218,兵庫県,,小野市,198
2005,28219,兵庫県,,三田市,198
2005,28220,兵庫県,,加西市,198
2005,28221,兵庫県,,篠山市,202
2005,28222,兵庫県,,養父市,201
2005,28223,兵庫県,,丹波市,202
2005,28224,兵庫県,,南あわじ市,200
2005,28225,兵庫県,,朝来市,201
2005,28226,兵庫県,,淡路市,200
2005,28227,兵庫県,,宍粟市,199
2005,28229,兵庫県,,たつの市,199
2005,28301,兵庫県,川辺郡,猪名川町,193
2005,28321,兵庫県,美嚢郡,吉川町,198
2005,28341,兵庫県,加東郡,社町,198
2005,28342,兵庫県,加東郡,滝野町,198
2005,28343,兵庫県,加東郡,東条町,198
2005,28361,兵庫県,多可郡,中町,198
2005,28362,兵庫県,多可郡,加美町,198
2005,28363,兵庫県,多可郡,八千代町,198
2005,28381,兵庫県,加古郡,稲美町,198
2005,28382,兵庫県,加古郡,播磨町,198
2005,28421,兵庫県,飾磨郡,家島町,301
2005,28422,兵庫県,飾磨郡,夢前町,199
2005,28441,兵庫県,神崎郡,神崎町,199
2005,28442,兵庫県,神崎郡,市川町,199
2005,28443,兵庫県,神崎郡,福崎町,199
2005,28444,兵庫県,神崎郡,香寺町,199
2005,28445,兵庫県,神崎郡,大河内町,199
2005,28464,兵庫県,揖保郡,太子町,199
2005,28481,兵庫県,赤穂郡,上郡町,199
2005,28501,兵庫県,佐用郡,佐用町,199
2005,28522,兵庫県,宍粟郡,安富町,199
2005,28585,兵庫県,美方郡,香美町,201
2005,28586,兵庫県,美方郡,新温泉町,201
2005,28685,兵庫県,津名郡,五色町,200
2005,29201,奈良県,,奈良市,203
2005,29202,奈良県,,大和高田市,204
2005,29203,奈良県,,大和郡山市,203
2005,29204,奈良県,,天理市,203
2005,29205,奈良県,,橿原市,204
2005,29206,奈良県,,桜井市,205
2005,29207,奈良県,,五條市,204
2005,29208,奈良県,,御所市,204
2005,29209,奈良県,,生駒市,203
2005,29210,奈良県,,香芝市,203
2005,29211,奈良県,,葛城市,204
2005,29322,奈良県,山辺郡,山添村,185
2005,29342,奈良県,生駒郡,平群町,203
2005,29343,奈良県,生駒郡,三郷町,203
2005,29344,奈良県,生駒郡,斑鳩町,203
2005,29345,奈良県,生駒郡,安堵町,203
2005,29361,奈良県,磯城郡,川西町,203
2005,29362,奈良県,磯城郡,三宅町,203
2005,29363,奈良県,磯城郡,田原本町,203
2005,29381,奈良県,宇陀郡,大宇陀町,205
2005,29382,奈良県,宇陀郡,菟田野町,205
2005,29383,奈良県,宇陀郡,榛原町,205
2005,29384,奈良県,宇陀郡,室生村,205
2005,29385,奈良県,宇陀郡,曽爾村,185
2005,29386,奈良県,宇陀郡,御杖村,185
2005,29401,奈良県,高市郡,高取町,204
2005,29402,奈良県,高市郡,明日香村,204
2005,29424,奈良県,北葛城郡,上牧町,203
2005,29425,奈良県,北葛城郡,王寺町,203
2005,29426,奈良県,北葛城郡,広陵町,203
2005,29427,奈良県,北葛城郡,河合町,203
2005,29441,奈良県,吉野郡,吉野町,204
2005,29442,奈良県,吉野郡,大淀町,204
2005,29443,奈良県,吉野郡,下市町,204
2005,29444,奈良県,吉野郡,黒滝村,204
2005,29446,奈良県,吉野郡,天川村,204
2005,29447,奈良県,吉野郡,野迫川村,206
2005,29449,奈良県,吉野郡,十津川村,207
2005,29450,奈良県,吉野郡,下北山村,208
2005,29451,奈良県,吉野郡,上北山村,208
2005,29452,奈良県,吉野郡,川上村,204
2005,29453,奈良県,吉野郡,東吉野村,205
2005,30201,和歌山県,,和歌山市,209
2005,30202,和歌山県,,海南市,209
2005,30203,和歌山県,,橋本市,206
2005,30204,和歌山県,,有田市,210
2005,30205,和歌山県,,御坊市,211
2005,30206,和歌山県,,田辺市,212
2005,30207,和歌山県,,新宮市,187
2005,30302,和歌山県,海草郡,野上町,209
2005,30303,和歌山県,海草郡,美里町,209
2005,30321,和歌山県,那賀郡,打田町,209
2005,30322,和歌山県,那賀郡,粉河町,209
2005,30323,和歌山県,那賀郡,那賀町,209
2005,30324,和歌山県,那賀郡,桃山町,209
2005,30325,和歌山県,那賀郡,貴志川町,209
2005,30326,和歌山県,那賀郡,岩出町,209
2005,30341,和歌山県,伊都郡,かつらぎ町,206
2005,30342,和歌山県,伊都郡,高野口町,206
2005,30343,和歌山県,伊都郡,九度山町,206
2005,30344,和歌山県,伊都郡,高野町,206
2005,30361,和歌山県,有田郡,湯浅町,210
2005,30362,和歌山県,有田郡,広川町,210
2005,30363,和歌山県,有田郡,吉備町,210
2005,30364,和歌山県,有田郡,金屋町,210
2005,30365,和歌山県,有田郡,清水町,210
2005,30381,和歌山県,日高郡,美浜町,211
2005,30382,和歌山県,日高郡,日高町,211
2005,30383,和歌山県,日高郡,由良町,211
2005,30390,和歌山県,日高郡,印南町,211
2005,30391,和歌山県,日高郡,みなべ町,212
2005,30392,和歌山県,日高郡,日高川町,211
2005,30401,和歌山県,西牟婁郡,白浜町,212
2005,30404,和歌山県,西牟婁郡,上富田町,212
2005,30405,和歌山県,西牟婁郡,日置川町,212
2005,30406,和歌山県,西牟婁郡,すさみ町,212
2005,30421,和歌山県,東牟婁郡,那智勝浦町,187
2005,30422,和歌山県,東牟婁郡,太地町,187
2005,30424,和歌山県,東牟婁郡,古座川町,187
2005,30427,和歌山県,東牟婁郡,北山村,187
2005,30428,和歌山県,東牟婁郡,串本町,187
2005,31201,鳥取県,,鳥取市,213
2005,31202,鳥取県,,米子市,214
2005,31203,鳥取県,,倉吉市,215
2005,31204,鳥取県,,境港市,214
2005,31302,鳥取県,岩美郡,岩美町,213
2005,31325,鳥取県,八頭郡,若桜町,213
2005,31328,鳥取県,八頭郡,智頭町,213
2005,31329,鳥取県,八頭郡,八頭町,213
2005,31364,鳥取県,東伯郡,三朝町,215
2005,31370,鳥取県,東伯郡,湯梨浜町,215
2005,31371,鳥取県,東伯郡,琴浦町,215
2005,31372,鳥取県,東伯郡,北栄町,215
2005,31384,鳥取県,西伯郡,日吉津村,214
2005,31386,鳥取県,西伯郡,大山町,214
2005,31389,鳥取県,西伯郡,南部町,214
2005,31390,鳥取県,西伯郡,伯耆町,214
2005,31401,鳥取県,日野郡,日南町,214
2005,31402,鳥取県,日野郡,日野町,214
2005,31403,鳥取県,日野郡,江府町,214
2005,32201,島根県,,松江市,216
2005,32202,島根県,,浜田市,217
2005,32203,島根県,,出雲市,216
2005,32204,島根県,,益田市,218
2005,32205,島根県,,大田市,217
2005,32206,島根県,,安来市,216
2005,32207,島根県,,江津市,217
2005,32209,島根県,,雲南市,216
2005,32304,島根県,八束郡,東出雲町,216
2005,32343,島根県,仁多郡,奥出雲町,216
2005,32386,島根県,飯石郡,飯南町,216
2005,32401,島根県,簸川郡,斐川町,216
2005,32441,島根県,邑智郡,川本町,217
2005,32448,島根県,邑智郡,美郷町,217
2005,32449,島根県,邑智郡,邑南町,217
2005,32501,島根県,鹿足郡,津和野町,218
2005,32505,島根県,鹿足郡,吉賀町,218
2005,32525,島根県,隠岐郡,海士町,302
2005,32526,島根県,隠岐郡,西ノ島町,303
2005,32527,島根県,隠岐郡,知夫村,304
2005,32528,島根県,隠岐郡,隠岐の島町,305
2005,33201,岡山県,,岡山市,219
2005,33202,岡山県,,倉敷市,220
2005,33203,岡山県,,津山市,221
2005,33204,岡山県,,玉野市,219
2005,33205,岡山県,,笠岡市,220
2005,33207,岡山県,,井原市,220
2005,33208,岡山県,,総社市,220
2005,33209,岡山県,,高梁市,222
2005,33210,岡山県,,新見市,222
2005,33211,岡山県,,備前市,219
2005,33212,岡山県,,瀬戸内市,219
2005,33213,岡山県,,赤磐市,219
2005,33214,岡山県,,真庭市,223
2005,33215,岡山県,,美作市,221
2005,33303,岡山県,御津郡,建部町,219
2005,33321,岡山県,赤磐郡,瀬戸町,219
2005,33345,岡山県,和気郡,佐伯町,219
2005,33346,岡山県,和気郡,和気町,219
2005,33423,岡山県,都窪郡,早島町,220
2005,33442,岡山県,浅口郡,金光町,220
2005,33443,岡山県,浅口郡,鴨方町,220
2005,33444,岡山県,浅口郡,寄島町,220
2005,33445,岡山県,浅口郡,里庄町,220
2005,33461,岡山県,小田郡,矢掛町,220
2005,33586,岡山県,真庭郡,新庄村,223
2005,33606,岡山県,苫田郡,鏡野町,221
2005,33622,岡山県,勝田郡,勝央町,221
2005,33623,岡山県,勝田郡,奈義町,221
2005,33643,岡山県,英田郡,西粟倉村,221
2005,33663,岡山県,久米郡,久米南町,221
2005,33666,岡山県,久米郡,美咲町,221
2005,33681,岡山県,加賀郡,吉備中央町,222
2005,34100,広島県,,広島市,224
2005,34202,広島県,,呉市,224
2005,34203,広島県,,竹原市,225
2005,34204,広島県,,三原市,225
2005,34205,広島県,,尾道市,226
2005,34206,広島県,,因島市,227
2005,34207,広島県,,福山市,226
2005,34208,広島県,,府中市,226
2005,34209,広島県,,三次市,228
2005,34210,広島県,,庄原市,228
2005,34211,広島県,,大竹市,229
2005,34212,広島県,,東広島市,225
2005,34213,広島県,,廿日市市,224
2005,34214,広島県,,安芸高田市,224
2005,34215,広島県,,江田島市,224
2005,34302,広島県,安芸郡,府中町,224
2005,34304,広島県,安芸郡,海田町,224
2005,34307,広島県,安芸郡,熊野町,224
2005,34309,広島県,安芸郡,坂町,224
2005,34323,広島県,佐伯郡,大野町,224
2005,34327,広島県,佐伯郡,宮島町,306
2005,34368,広島県,山県郡,安芸太田町,224
2005,34369,広島県,山県郡,北広島町,224
2005,34430,広島県,豊田郡,瀬戸田町,227
2005,34431,広島県,豊田郡,大崎上島町,307
2005,34462,広島県,世羅郡,世羅町,225
2005,34501,広島県,深安郡,神辺町,226
2005,34545,広島県,神石郡,神石高原町,226
2005,35201,山口県,,下関市,230
2005,35202,山口県,,宇部市,230
2005,35203,山口県,,山口市,230
2005,35204,山口県,,萩市,231
2005,35206,山口県,,防府市,230
2005,35207,山口県,,下松市,232
2005,35208,山口県,,岩国市,229
2005,35210,山口県,,光市,232
2005,35211,山口県,,長門市,231
2005,35212,山口県,,柳井市,232
2005,35213,山口県,,美祢市,230
2005,35215,山口県,,周南市,232
2005,35216,山口県,,山陽小野田市,230
2005,35305,山口県,大島郡,周防大島町,232
2005,35321,山口県,玖珂郡,和木町,229
2005,35322,山口県,玖珂郡,由宇町,229
2005,35323,山口県,玖珂郡,玖珂町,229
2005,35324,山口県,玖珂郡,本郷村,229
2005,35325,山口県,玖珂郡,周東町,229
2005,35326,山口県,玖珂郡,錦町,229
2005,35328,山口県,玖珂郡,美川町,229
2005,35329,山口県,玖珂郡,美和町,229
2005,35341,山口県,熊毛郡,上関町,232
2005,35343,山口県,熊毛郡,田布施町,232
2005,35344,山口県,熊毛郡,平生町,232
2005,35461,山口県,美祢郡,美東町,230
2005,35462,山口県,美祢郡,秋芳町,230
2005,35502,山口県,阿武郡,阿武町,231
2005,35504,山口県,阿武郡,阿東町,230
2005,36201,徳島県,,徳島市,233
2005,36202,徳島県,,鳴門市,233
2005,36203,徳島県,,小松島市,234
2005,36204,徳島県,,阿南市,234
2005,36205,徳島県,,吉野川市,233
2005,36206,徳島県,,阿波市,233
2005,36207,徳島県,,美馬市,233
2005,36301,徳島県,勝浦郡,勝浦町,234
2005,36302,徳島県,勝浦郡,上勝町,234
2005,36321,徳島県,名東郡,佐那河内村,233
2005,36341,徳島県,名西郡,石井町,233
2005,36342,徳島県,名西郡,神山町,233
2005,36361,徳島県,那賀郡,那賀川町,234
2005,36362,徳島県,那賀郡,羽ノ浦町,234
2005,36368,徳島県,那賀郡,那賀町,234
2005,36381,徳島県,海部郡,由岐町,234
2005,36382,徳島県,海部郡,日和佐町,234
2005,36383,徳島県,海部郡,牟岐町,235
2005,36384,徳島県,海部郡,海南町,235
2005,36385,徳島県,海部郡,海部町,235
2005,36386,徳島県,海部郡,宍喰町,235
2005,36401,徳島県,板野郡,松茂町,233
2005,36402,徳島県,板野郡,北島町,233
2005,36403,徳島県,板野郡,藍住町,233
2005,36404,徳島県,板野郡,板野町,233
2005,36405,徳島県,板野郡,上板町,233
2005,36468,徳島県,美馬郡,つるぎ町,233
2005,36481,徳島県,三好郡,三野町,236
2005,36482,徳島県,三好郡,三好町,236
2005,36483,徳島県,三好郡,池田町,236
2005,36484,徳島県,三好郡,山城町,236
2005,36485,徳島県,三好郡,井川町,236
2005,36486,徳島県,三好郡,三加茂町,236
2005,36487,徳島県,三好郡,東祖谷山村,236
2005,36488,徳島県,三好郡,西祖谷山村,236
2005,37201,香川県,,高松市,237
2005,37202,香川県,,丸亀市,238
2005,37203,香川県,,坂出市,238
2005,37204,香川県,,善通寺市,238
2005,37205,香川県,,観音寺市,238
2005,37206,香川県,,さぬき市,237
2005,37207,香川県,,東かがわ市,237
2005,37321,香川県,小豆郡,内海町,308
2005,37322,香川県,小豆郡,土庄町,308
2005,37323,香川県,小豆郡,池田町,308
2005,37341,香川県,木田郡,三木町,237
2005,37342,香川県,木田郡,牟礼町,237
2005,37343,香川県,木田郡,庵治町,237
2005,37362,香川県,香川郡,香川町,237
2005,37363,香川県,香川郡,香南町,237
2005,37364,香川県,香川郡,直島町,309
2005,37381,香川県,綾歌郡,綾上町,237
2005,37382,香川県,綾歌郡,綾南町,237
2005,37383,香川県,綾歌郡,国分寺町,237
2005,37386,香川県,綾歌郡,宇多津町,238
2005,37401,香川県,仲多度郡,琴南町,238
2005,37402,香川県,仲多度郡,満濃町,238
2005,37403,香川県,仲多度郡,琴平町,238
2005,37404,香川県,仲多度郡,多度津町,238
2005,37405,香川県,仲多度郡,仲南町,238
2005,37421,香川県,三豊郡,高瀬町,238
2005,37422,香川県,三豊郡,山本町,238
2005,37423,香川県,三豊郡,三野町,238
2005,37424,香川県,三豊郡,大野原町,238
2005,37425,香川県,三豊郡,豊中町,238
2005,37426,香川県,三豊郡,詫間町,238
2005,37427,香川県,三豊郡,仁尾町,238
2005,37428,香川県,三豊郡,豊浜町,238
2005,37429,香川県,三豊郡,財田町,238
2005,38201,愛媛県,,松山市,239
2005,38202,愛媛県,,今治市,240
2005,38203,愛媛県,,宇和島市,241
2005,38204,愛媛県,,八幡浜市,242
2005,38205,愛媛県,,新居浜市,240
2005,38206,愛媛県,,西条市,240
2005,38207,愛媛県,,大洲市,242
2005,38210,愛媛県,,伊予市,239
2005,38213,愛媛県,,四国中央市,236
2005,38214,愛媛県,,西予市,242
2005,38215,愛媛県,,東温市,239
2005,38356,愛媛県,越智郡,上島町,310
2005,38386,愛媛県,上浮穴郡,久万高原町,239
2005,38401,愛媛県,伊予郡,松前町,239
2005,38402,愛媛県,伊予郡,砥部町,239
2005,38422,愛媛県,喜多郡,内子町,242
2005,38442,愛媛県,西宇和郡,伊方町,242
2005,38484,愛媛県,北宇和郡,松野町,241
2005,38488,愛媛県,北宇和郡,鬼北町,241
2005,38506,愛媛県,南宇和郡,愛南町,241
2005,39201,高知県,,高知市,243
2005,39202,高知県,,室戸市,244
2005,39203,高知県,,安芸市,244
2005,39204,高知県,,南国市,243
2005,39205,高知県,,土佐市,243
2005,39206,高知県,,須崎市,245
2005,39208,高知県,,宿毛市,246
2005,39209,高知県,,土佐清水市,246
2005,39210,高知県,,四万十市,246
2005,39301,高知県,安芸郡,東洋町,235
2005,39302,高知県,安芸郡,奈半利町,244
2005,39303,高知県,安芸郡,田野町,244
2005,39304,高知県,安芸郡,安田町,244
2005,39305,高知県,安芸郡,北川村,244
2005,39306,高知県,安芸郡,馬路村,244
2005,39307,高知県,安芸郡,芸西村,244
2005,39321,高知県,香美郡,赤岡町,243
2005,39322,高知県,香美郡,香我美町,243
2005,39323,高知県,香美郡,土佐山田町,243
2005,39324,高知県,香美郡,野市町,243
2005,39325,高知県,香美郡,夜須町,243
2005,39326,高知県,香美郡,香北町,243
2005,39327,高知県,香美郡,吉川村,243
2005,39328,高知県,香美郡,物部村,243
2005,39341,高知県,長岡郡,本山町,247
2005,39344,高知県,長岡郡,大豊町,247
2005,39363,高知県,土佐郡,土佐町,247
2005,39364,高知県,土佐郡,大川村,247
2005,39383,高知県,吾川郡,春野町,243
2005,39386,高知県,吾川郡,いの町,243
2005,39387,高知県,吾川郡,仁淀川町,248
2005,39401,高知県,高岡郡,中土佐町,245
2005,39402,高知県,高岡郡,佐川町,248
2005,39403,高知県,高岡郡,越知町,248
2005,39404,高知県,高岡郡,窪川町,245
2005,39405,高知県,高岡郡,檮原町,249
2005,39406,高知県,高岡郡,大野見村,245
2005,39410,高知県,高岡郡,日高村,243
2005,39411,高知県,高岡郡,津野町,245
2005,39421,高知県,幡多郡,佐賀町,246
2005,39422,高知県,幡多郡,大正町,245
2005,39423,高知県,幡多郡,大方町,246
2005,39424,高知県,幡多郡,大月町,246
2005,39425,高知県,幡多郡,十和村,245
2005,39427,高知県,幡多郡,三原村,246
2005,40100,福岡県,,北九州市,250
2005,40130,福岡県,,福岡市,251
2005,40202,福岡県,,大牟田市,252
2005,40203,福岡県,,久留米市,253
2005,40204,福岡県,,直方市,250
2005,40205,福岡県,,飯塚市,254
2005,40206,福岡県,,田川市,255
2005,40207,福岡県,,柳川市,253
2005,40208,福岡県,,山田市,254
2005,40209,福岡県,,甘木市,256
2005,40210,福岡県,,八女市,253
2005,40211,福岡県,,筑後市,253
2005,40212,福岡県,,大川市,253
2005,40213,福岡県,,行橋市,250
2005,40214,福岡県,,豊前市,257
2005,40215,福岡県,,中間市,250
2005,40216,福岡県,,小郡市,256
2005,40217,福岡県,,筑紫野市,251
2005,40218,福岡県,,春日市,251
2005,40219,福岡県,,大野城市,251
2005,40220,福岡県,,宗像市,251
2005,40221,福岡県,,太宰府市,251
2005,40222,福岡県,,前原市,251
2005,40223,福岡県,,古賀市,251
2005,40224,福岡県,,福津市,251
2005,40225,福岡県,,うきは市,256
2005,40305,福岡県,筑紫郡,那珂川町,251
2005,40341,福岡県,糟屋郡,宇美町,251
2005,40342,福岡県,糟屋郡,篠栗町,251
2005,40343,福岡県,糟屋郡,志免町,251
2005,40344,福岡県,糟屋郡,須恵町,251
2005,40345,福岡県,糟屋郡,新宮町,251
2005,40348,福岡県,糟屋郡,久山町,251
2005,40349,福岡県,糟屋郡,粕屋町,251
2005,40381,福岡県,遠賀郡,芦屋町,250
2005,40382,福岡県,遠賀郡,水巻町,250
2005,40383,福岡県,遠賀郡,岡垣町,250
2005,40384,福岡県,遠賀郡,遠賀町,250
2005,40401,福岡県,鞍手郡,小竹町,250
2005,40402,福岡県,鞍手郡,鞍手町,250
2005,40403,福岡県,鞍手郡,宮田町,250
2005,40404,福岡県,鞍手郡,若宮町,250
2005,40421,福岡県,嘉穂郡,桂川町,254
2005,40422,福岡県,嘉穂郡,稲築町,254
2005,40423,福岡県,嘉穂郡,碓井町,254
2005,40424,福岡県,嘉穂郡,嘉穂町,254
2005,40425,福岡県,嘉穂郡,筑穂町,254
2005,40426,福岡県,嘉穂郡,穂波町,254
2005,40427,福岡県,嘉穂郡,庄内町,254
2005,40428,福岡県,嘉穂郡,頴田町,254
2005,40441,福岡県,朝倉郡,杷木町,256
2005,40442,福岡県,朝倉郡,朝倉町,256
2005,40447,福岡県,朝倉郡,筑前町,256
2005,40448,福岡県,朝倉郡,東峰村,258
2005,40462,福岡県,糸島郡,二丈町,251
2005,40463,福岡県,糸島郡,志摩町,251
2005,40503,福岡県,三井郡,大刀洗町,256
2005,40522,福岡県,三潴郡,大木町,253
2005,40541,福岡県,八女郡,黒木町,253
2005,40542,福岡県,八女郡,上陽町,253
2005,40543,福岡県,八女郡,立花町,253
2005,40544,福岡県,八女郡,広川町,253
2005,40545,福岡県,八女郡,矢部村,253
2005,40546,福岡県,八女郡,星野村,253
2005,40561,福岡県,山門郡,瀬高町,253
2005,40564,福岡県,山門郡,山川町,253
2005,40581,福岡県,三池郡,高田町,252
2005,40601,福岡県,田川郡,香春町,255
2005,40602,福岡県,田川郡,添田町,255
2005,40603,福岡県,田川郡,金田町,255
2005,40604,福岡県,田川郡,糸田町,255
2005,40605,福岡県,田川郡,川崎町,255
2005,40606,福岡県,田川郡,赤池町,255
2005,40607,福岡県,田川郡,方城町,255
2005,40608,福岡県,田川郡,大任町,255
2005,40609,福岡県,田川郡,赤村,255
2005,40621,福岡県,京都郡,苅田町,250
2005,40622,福岡県,京都郡,犀川町,250
2005,40623,福岡県,京都郡,勝山町,250
2005,40624,福岡県,京都郡,豊津町,250
2005,40641,福岡県,築上郡,椎田町,250
2005,40642,福岡県,築上郡,吉富町,257
2005,40643,福岡県,築上郡,築城町,250
2005,40644,福岡県,築上郡,新吉富村,257
2005,40645,福岡県,築上郡,大平村,257
2005,41201,佐賀県,,佐賀市,259
2005,41202,佐賀県,,唐津市,260
2005,41203,佐賀県,,鳥栖市,259
2005,41204,佐賀県,,多久市,259
2005,41205,佐賀県,,伊万里市,261
2005,41206,佐賀県,,武雄市,261
2005,41207,佐賀県,,鹿島市,261
2005,41208,佐賀県,,小城市,259
2005,41302,佐賀県,佐賀郡,川副町,259
2005,41303,佐賀県,佐賀郡,東与賀町,259
2005,41304,佐賀県,佐賀郡,久保田町,259
2005,41321,佐賀県,神埼郡,神埼町,259
2005,41322,佐賀県,神埼郡,千代田町,259
2005,41323,佐賀県,神埼郡,三田川町,259
2005,41324,佐賀県,神埼郡,東脊振村,259
2005,41325,佐賀県,神埼郡,脊振村,259
2005,41341,佐賀県,三養基郡,基山町,259
2005,41345,佐賀県,三養基郡,上峰町,259
2005,41346,佐賀県,三養基郡,みやき町,259
2005,41382,佐賀県,東松浦郡,七山村,260
2005,41387,佐賀県,東松浦郡,玄海町,260
2005,41401,佐賀県,西松浦郡,有田町,261
2005,41402,佐賀県,西松浦郡,西有田町,261
2005,41421,佐賀県,杵島郡,山内町,261
2005,41422,佐賀県,杵島郡,北方町,261
2005,41423,佐賀県,杵島郡,大町町,261
2005,41424,佐賀県,杵島郡,江北町,261
2005,41425,佐賀県,杵島郡,白石町,261
2005,41441,佐賀県,藤津郡,太良町,261
2005,41442,佐賀県,藤津郡,塩田町,261
2005,41443,佐賀県,藤津郡,嬉野町,261
2005,42201,長崎県,,長崎市,262
2005,42202,長崎県,,佐世保市,263
2005,42203,長崎県,,島原市,264
2005,42204,長崎県,,諫早市,264
2005,42205,長崎県,,大村市,263
2005,42207,長崎県,,平戸市,263
2005,42208,長崎県,,松浦市,263
2005,42209,長崎県,,対馬市,311
2005,42210,長崎県,,壱岐市,312
2005,42211,長崎県,,五島市,313
2005,42212,長崎県,,西海市,262
2005,42307,長崎県,西彼杵郡,長与町,262
2005,42308,長崎県,西彼杵郡,時津町,262
2005,42309,長崎県,西彼杵郡,琴海町,262
2005,42321,長崎県,東彼杵郡,東彼杵町,263
2005,42322,長崎県,東彼杵郡,川棚町,263
2005,42323,長崎県,東彼杵郡,波佐見町,263
2005,42361,長崎県,南高来郡,有明町,264
2005,42362,長崎県,南高来郡,国見町,264
2005,42363,長崎県,南高来郡,瑞穂町,264
2005,42364,長崎県,南高来郡,吾妻町,264
2005,42365,長崎県,南高来郡,愛野町,264
2005,42366,長崎県,南高来郡,千々石町,264
2005,42367,長崎県,南高来郡,小浜町,264
2005,42368,長崎県,南高来郡,南串山町,264
2005,42369,長崎県,南高来郡,加津佐町,265
2005,42370,長崎県,南高来郡,口之津町,265
2005,42371,長崎県,南高来郡,南有馬町,265
2005,42372,長崎県,南高来郡,北有馬町,265
2005,42373,長崎県,南高来郡,西有家町,265
2005,42374,長崎県,南高来郡,有家町,265
2005,42375,長崎県,南高来郡,布津町,264
2005,42376,長崎県,南高来郡,深江町,264
2005,42383,長崎県,北松浦郡,小値賀町,314
2005,42384,長崎県,北松浦郡,宇久町,315
2005,42386,長崎県,北松浦郡,福島町,316
2005,42387,長崎県,北松浦郡,鷹島町,317
2005,42388,長崎県,北松浦郡,江迎町,263
2005,42389,長崎県,北松浦郡,鹿町町,263
2005,42390,長崎県,北松浦郡,小佐々町,263
2005,42391,長崎県,北松浦郡,佐々町,263
2005,42411,長崎県,南松浦郡,新上五島町,318
2005,43201,熊本県,,熊本市,266
2005,43202,熊本県,,八代市,267
2005,43203,熊本県,,人吉市,268
2005,43204,熊本県,,荒尾市,252
2005,43205,熊本県,,水俣市,267
2005,43206,熊本県,,玉名市,252
2005,43207,熊本県,,本渡市,269
2005,43208,熊本県,,山鹿市,252
2005,43209,熊本県,,牛深市,269
2005,43210,熊本県,,菊池市,266
2005,43211,熊本県,,宇土市,266
2005,43212,熊本県,,上天草市,269
2005,43213,熊本県,,宇城市,266
2005,43214,熊本県,,阿蘇市,270
2005,43341,熊本県,下益城郡,城南町,266
2005,43342,熊本県,下益城郡,富合町,266
2005,43348,熊本県,下益城郡,美里町,266
2005,43361,熊本県,玉名郡,岱明町,252
2005,43362,熊本県,玉名郡,横島町,252
2005,43363,熊本県,玉名郡,天水町,252
2005,43364,熊本県,玉名郡,玉東町,252
2005,43365,熊本県,玉名郡,菊水町,252
2005,43366,熊本県,玉名郡,三加和町,252
2005,43367,熊本県,玉名郡,南関町,252
2005,43368,熊本県,玉名郡,長洲町,252
2005,43385,熊本県,鹿本郡,植木町,252
2005,43403,熊本県,菊池郡,大津町,266
2005,43404,熊本県,菊池郡,菊陽町,266
2005,43405,熊本県,菊池郡,合志町,266
2005,43407,熊本県,菊池郡,西合志町,266
2005,43423,熊本県,阿蘇郡,南小国町,271
2005,43424,熊本県,阿蘇郡,小国町,271
2005,43425,熊本県,阿蘇郡,産山村,270
2005,43428,熊本県,阿蘇郡,高森町,270
2005,43432,熊本県,阿蘇郡,西原村,266
2005,43433,熊本県,阿蘇郡,南阿蘇村,270
2005,43441,熊本県,上益城郡,御船町,266
2005,43442,熊本県,上益城郡,嘉島町,266
2005,43443,熊本県,上益城郡,益城町,266
2005,43444,熊本県,上益城郡,甲佐町,266
2005,43447,熊本県,上益城郡,山都町,272
2005,43468,熊本県,八代郡,氷川町,267
2005,43482,熊本県,葦北郡,芦北町,267
2005,43484,熊本県,葦北郡,津奈木町,267
2005,43501,熊本県,球磨郡,錦町,268
2005,43505,熊本県,球磨郡,多良木町,268
2005,43506,熊本県,球磨郡,湯前町,268
2005,43507,熊本県,球磨郡,水上村,268
2005,43510,熊本県,球磨郡,相良村,268
2005,43511,熊本県,球磨郡,五木村,268
2005,43512,熊本県,球磨郡,山江村,268
2005,43513,熊本県,球磨郡,球磨村,268
2005,43514,熊本県,球磨郡,あさぎり町,268
2005,43523,熊本県,天草郡,有明町,269
2005,43526,熊本県,天草郡,御所浦町,319
2005,43527,熊本県,天草郡,倉岳町,269
2005,43528,熊本県,天草郡,栖本町,269
2005,43529,熊本県,天草郡,新和町,269
2005,43530,熊本県,天草郡,五和町,269
2005,43531,熊本県,天草郡,苓北町,269
2005,43532,熊本県,天草郡,天草町,269
2005,43533,熊本県,天草郡,河浦町,269
2005,44201,大分県,,大分市,273
2005,44202,大分県,,別府市,273
2005,44203,大分県,,中津市,257
2005,44204,大分県,,日田市,258
2005,44205,大分県,,佐伯市,274
2005,44206,大分県,,臼杵市,274
2005,44207,大分県,,津久見市,274
2005,44208,大分県,,竹田市,275
2005,44209,大分県,,豊後高田市,257
2005,44210,大分県,,杵築市,273
2005,44211,大分県,,宇佐市,257
2005,44212,大分県,,豊後大野市,275
2005,44213,大分県,,由布市,273
2005,44321,大分県,東国東郡,国見町,257
2005,44322,大分県,東国東郡,姫島村,320
2005,44323,大分県,東国東郡,国東町,273
2005,44324,大分県,東国東郡,武蔵町,273
2005,44325,大分県,東国東郡,安岐町,273
2005,44341,大分県,速見郡,日出町,273
2005,44461,大分県,玖珠郡,九重町,258
2005,44462,大分県,玖珠郡,玖珠町,258
2005,45201,宮崎県,,宮崎市,276
2005,45202,宮崎県,,都城市,277
2005,45203,宮崎県,,延岡市,278
2005,45204,宮崎県,,日南市,279
2005,45205,宮崎県,,小林市,280
2005,45206,宮崎県,,日向市,278
2005,45207,宮崎県,,串間市,279
2005,45208,宮崎県,,西都市,276
2005,45209,宮崎県,,えびの市,280
2005,45301,宮崎県,宮崎郡,清武町,276
2005,45302,宮崎県,宮崎郡,田野町,276
2005,45303,宮崎県,宮崎郡,佐土原町,276
2005,45321,宮崎県,南那珂郡,北郷町,279
2005,45322,宮崎県,南那珂郡,南郷町,279
2005,45341,宮崎県,北諸県郡,三股町,277
2005,45342,宮崎県,北諸県郡,山之口町,277
2005,45343,宮崎県,北諸県郡,高城町,277
2005,45344,宮崎県,北諸県郡,山田町,277
2005,45345,宮崎県,北諸県郡,高崎町,277
2005,45361,宮崎県,西諸県郡,高原町,280
2005,45362,宮崎県,西諸県郡,野尻町,280
2005,45363,宮崎県,西諸県郡,須木村,280
2005,45381,宮崎県,東諸県郡,高岡町,276
2005,45382,宮崎県,東諸県郡,国富町,276
2005,45383,宮崎県,東諸県郡,綾町,276
2005,45401,宮崎県,児湯郡,高鍋町,276
2005,45402,宮崎県,児湯郡,新富町,276
2005,45403,宮崎県,児湯郡,西米良村,281
2005,45404,宮崎県,児湯郡,木城町,276
2005,45405,宮崎県,児湯郡,川南町,276
2005,45406,宮崎県,児湯郡,都農町,276
2005,45421,宮崎県,東臼杵郡,門川町,278
2005,45422,宮崎県,東臼杵郡,東郷町,278
2005,45423,宮崎県,東臼杵郡,南郷村,278
2005,45424,宮崎県,東臼杵郡,西郷村,278
2005,45425,宮崎県,東臼杵郡,北郷村,278
2005,45426,宮崎県,東臼杵郡,北方町,278
2005,45427,宮崎県,東臼杵郡,北川町,278
2005,45428,宮崎県,東臼杵郡,北浦町,278
2005,45429,宮崎県,東臼杵郡,諸塚村,278
2005,45430,宮崎県,東臼杵郡,椎葉村,282
2005,45441,宮崎県,西臼杵郡,高千穂町,272
2005,45442,宮崎県,西臼杵郡,日之影町,272
2005,45443,宮崎県,西臼杵郡,五ヶ瀬町,272
2005,46201,鹿児島県,,鹿児島市,283
2005,46203,鹿児島県,,鹿屋市,284
2005,46204,鹿児島県,,枕崎市,285
2005,46205,鹿児島県,,串木野市,283
2005,46206,鹿児島県,,阿久根市,286
2005,46207,鹿児島県,,名瀬市,321
2005,46208,鹿児島県,,出水市,286
2005,46209,鹿児島県,,大口市,287
2005,46210,鹿児島県,,指宿市,288
2005,46211,鹿児島県,,加世田市,285
2005,46212,鹿児島県,,国分市,283
2005,46213,鹿児島県,,西之表市,322
2005,46214,鹿児島県,,垂水市,284
2005,46215,鹿児島県,,薩摩川内市,283
2005,46216,鹿児島県,,日置市,283
2005,46217,鹿児島県,,曽於市,289
2005,46303,鹿児島県,鹿児島郡,三島村,323
2005,46304,鹿児島県,鹿児島郡,十島村,324
2005,46322,鹿児島県,揖宿郡,山川町,288
2005,46323,鹿児島県,揖宿郡,頴娃町,288
2005,46324,鹿児島県,揖宿郡,開聞町,288
2005,46341,鹿児島県,川辺郡,笠沙町,285
2005,46342,鹿児島県,川辺郡,大浦町,285
2005,46343,鹿児島県,川辺郡,坊津町,285
2005,46344,鹿児島県,川辺郡,知覧町,285
2005,46345,鹿児島県,川辺郡,川辺町,285
2005,46361,鹿児島県,日置郡,市来町,283
2005,46368,鹿児島県,日置郡,金峰町,285
2005,46392,鹿児島県,薩摩郡,さつま町,283
2005,46401,鹿児島県,出水郡,野田町,286
2005,46402,鹿児島県,出水郡,高尾野町,286
2005,46403,鹿児島県,出水郡,東町,286
2005,46404,鹿児島県,出水郡,長島町,286
2005,46421,鹿児島県,伊佐郡,菱刈町,287
2005,46441,鹿児島県,姶良郡,加治木町,283
2005,46442,鹿児島県,姶良郡,姶良町,283
2005,46443,鹿児島県,姶良郡,蒲生町,283
2005,46444,鹿児島県,姶良郡,溝辺町,283
2005,46445,鹿児島県,姶良郡,横川町,283
2005,46448,鹿児島県,姶良郡,牧園町,283
2005,46449,鹿児島県,姶良郡,霧島町,283
2005,46450,鹿児島県,姶良郡,隼人町,283
2005,46451,鹿児島県,姶良郡,福山町,283
2005,46452,鹿児島県,姶良郡,湧水町,283
2005,46462,鹿児島県,曽於郡,輝北町,289
2005,46465,鹿児島県,曽於郡,松山町,289
2005,46466,鹿児島県,曽於郡,志布志町,289
2005,46467,鹿児島県,曽於郡,有明町,289
2005,46468,鹿児島県,曽於郡,大崎町,289
2005,46481,鹿児島県,肝属郡,串良町,284
2005,46482,鹿児島県,肝属郡,東串良町,284
2005,46485,鹿児島県,肝属郡,吾平町,284
2005,46490,鹿児島県,肝属郡,錦江町,284
2005,46491,鹿児島県,肝属郡,南大隅町,284
2005,46492,鹿児島県,肝属郡,肝付町,284
2005,46501,鹿児島県,熊毛郡,中種子町,322
2005,46502,鹿児島県,熊毛郡,南種子町,322
2005,46503,鹿児島県,熊毛郡,上屋久町,325
2005,46504,鹿児島県,熊毛郡,屋久町,325
2005,46523,鹿児島県,大島郡,大和村,321
2005,46524,鹿児島県,大島郡,宇検村,321
2005,46525,鹿児島県,大島郡,瀬戸内町,321
2005,46526,鹿児島県,大島郡,住用村,321
2005,46527,鹿児島県,大島郡,龍郷町,321
2005,46528,鹿児島県,大島郡,笠利町,321
2005,46529,鹿児島県,大島郡,喜界町,326
2005,46530,鹿児島県,大島郡,徳之島町,327
2005,46531,鹿児島県,大島郡,天城町,327
2005,46532,鹿児島県,大島郡,伊仙町,327
2005,46533,鹿児島県,大島郡,和泊町,328
2005,46534,鹿児島県,大島郡,知名町,328
2005,46535,鹿児島県,大島郡,与論町,329
2005,47201,沖縄県,,那覇市,330
2005,47205,沖縄県,,宜野湾市,330
2005,47207,沖縄県,,石垣市,332
2005,47208,沖縄県,,浦添市,330
2005,47209,沖縄県,,名護市,331
2005,47210,沖縄県,,糸満市,330
2005,47211,沖縄県,,沖縄市,330
2005,47212,沖縄県,,豊見城市,330
2005,47213,沖縄県,,うるま市,330
2005,47214,沖縄県,,宮古島市,333
2005,47301,沖縄県,国頭郡,国頭村,331
2005,47302,沖縄県,国頭郡,大宜味村,331
2005,47303,沖縄県,国頭郡,東村,331
2005,47306,沖縄県,国頭郡,今帰仁村,331
2005,47308,沖縄県,国頭郡,本部町,331
2005,47311,沖縄県,国頭郡,恩納村,330
2005,47313,沖縄県,国頭郡,宜野座村,330
2005,47314,沖縄県,国頭郡,金武町,330
2005,47315,沖縄県,国頭郡,伊江村,334
2005,47324,沖縄県,中頭郡,読谷村,330
2005,47325,沖縄県,中頭郡,嘉手納町,330
2005,47326,沖縄県,中頭郡,北谷町,330
2005,47327,沖縄県,中頭郡,北中城村,330
2005,47328,沖縄県,中頭郡,中城村,330
2005,47329,沖縄県,中頭郡,西原町,330
2005,47343,沖縄県,島尻郡,東風平町,330
2005,47344,沖縄県,島尻郡,具志頭村,330
2005,47345,沖縄県,島尻郡,玉城村,330
2005,47346,沖縄県,島尻郡,知念村,330
2005,47347,沖縄県,島尻郡,佐敷町,330
2005,47348,沖縄県,島尻郡,与那原町,330
2005,47349,沖縄県,島尻郡,大里村,330
2005,47350,沖縄県,島尻郡,南風原町,330
2005,47353,沖縄県,島尻郡,渡嘉敷村,335
2005,47354,沖縄県,島尻郡,座間味村,336
2005,47355,沖縄県,島尻郡,粟国村,337
2005,47356,沖縄県,島尻郡,渡名喜村,338
2005,47357,沖縄県,島尻郡,南大東村,339
2005,47358,沖縄県,島尻郡,北大東村,340
2005,47359,沖縄県,島尻郡,伊平屋村,341
2005,47360,沖縄県,島尻郡,伊是名村,342
2005,47361,沖縄県,島尻郡,久米島町,343
2005,47375,沖縄県,宮古郡,多良間村,344
2005,47381,沖縄県,八重山郡,竹富町,345
2005,47382,沖縄県,八重山郡,与那国町,346
2010,01100,北海道,,札幌市,1
2010,01202,北海道,,函館市,2
2010,01203,北海道,,小樽市,3
2010,01204,北海道,,旭川市,4
2010,01205,北海道,,室蘭市,5
2010,01206,北海道,,釧路市,6
2010,01207,北海道,,帯広市,7
2010,01208,北海道,,北見市,8
2010,01209,北海道,,夕張市,1
2010,01210,北海道,,岩見沢市,9
2010,01211,北海道,,網走市,8
2010,01212,北海道,,留萌市,10
2010,01213,北海道,,苫小牧市,11
2010,01214,北海道,,稚内市,12
2010,01215,北海道,,美唄市,9
2010,01216,北海道,,芦別市,13
2010,01217,北海道,,江別市,1
2010,01218,北海道,,赤平市,13
2010,01219,北海道,,紋別市,14
2010,01220,北海道,,士別市,15
2010,01221,北海道,,名寄市,16
2010,01222,北海道,,三笠市,9
2010,01223,北海道,,根室市,17
2010,01224,北海道,,千歳市,1
2010,01225,北海道,,滝川市,13
2010,01226,北海道,,砂川市,13
2010,01227,北海道,,歌志内市,13
2010,01228,北海道,,深川市,18
2010,01229,北海道,,富良野市,19
2010,01230,北海道,,登別市,5
2010,01231,北海道,,恵庭市,1
2010,01233,北海道,,伊達市,5
2010,01234,北海道,,北広島市,1
2010,01235,北海道,,石狩市,1
2010,01236,北海道,,北斗市,2
2010,01303,北海道,石狩振興局,当別町,1
2010,01304,北海道,石狩振興局,新篠津村,9
2010,01331,北海道,渡島総合振興局,松前町,20
2010,01332,北海道,渡島総合振興局,福島町,20
2010,01333,北海道,渡島総合振興局,知内町,2
2010,01334,北海道,渡島総合振興局,木古内町,2
2010,01337,北海道,渡島総合振興局,七飯町,2
2010,01343,北海道,渡島総合振興局,鹿部町,2
2010,01345,北海道,渡島総合振興局,森町,2
2010,01346,北海道,渡島総合振興局,八雲町,21
2010,01347,北海道,渡島総合振興局,長万部町,21
2010,01361,北海道,檜山振興局,江差町,22
2010,01362,北海道,檜山振興局,上ノ国町,22
2010,01363,北海道,檜山振興局,厚沢部町,22
2010,01364,北海道,檜山振興局,乙部町,22
2010,01367,北海道,檜山振興局,奥尻町,44
2010,01370,北海道,檜山振興局,今金町,23
2010,01371,北海道,檜山振興局,せたな町,23
2010,01391,北海道,後志総合振興局,島牧村,24
2010,01392,北海道,後志総合振興局,寿都町,24
2010,01393,北海道,後志総合振興局,黒松内町,24
2010,01394,北海道,後志総合振興局,蘭越町,25
2010,01395,北海道,後志総合振興局,ニセコ町,25
2010,01396,北海道,後志総合振興局,真狩村,25
2010,01397,北海道,後志総合振興局,留寿都村,25
2010,01398,北海道,後志総合振興局,喜茂別町,25
2010,01399,北海道,後志総合振興局,京極町,25
2010,01400,北海道,後志総合振興局,倶知安町,25
2010,01401,北海道,後志総合振興局,共和町,26
2010,01402,北海道,後志総合振興局,岩内町,26
2010,01403,北海道,後志総合振興局,泊村,26
2010,01404,北海道,後志総合振興局,神恵内村,26
2010,01405,北海道,後志総合振興局,積丹町,3
2010,01406,北海道,後志総合振興局,古平町,3
2010,01407,北海道,後志総合振興局,仁木町,3
2010,01408,北海道,後志総合振興局,余市町,3
2010,01409,北海道,後志総合振興局,赤井川村,3
2010,01423,北海道,空知総合振興局,南幌町,1
2010,01424,北海道,空知総合振興局,奈井江町,13
2010,01425,北海道,空知総合振興局,上砂川町,13
2010,01427,北海道,空知総合振興局,由仁町,1
2010,01428,北海道,空知総合振興局,長沼町,1
2010,01429,北海道,空知総合振興局,栗山町,1
2010,01430,北海道,空知総合振興局,月形町,9
2010,01431,北海道,空知総合振興局,浦臼町,13
2010,01432,北海道,空知総合振興局,新十津川町,13
2010,01433,北海道,空知総合振興局,妹背牛町,18
2010,01434,北海道,空知総合振興局,秩父別町,18
2010,01436,北海道,空知総合振興局,雨竜町,13
2010,01437,北海道,空知総合振興局,北竜町,18
2010,01438,北海道,空知総合振興局,沼田町,18
2010,01452,北海道,上川総合振興局,鷹栖町,4
2010,01453,北海道,上川総合振興局,東神楽町,4
2010,01454,北海道,上川総合振興局,当麻町,4
2010,01455,北海道,上川総合振興局,比布町,4
2010,01456,北海道,上川総合振興局,愛別町,4
2010,01457,北海道,上川総合振興局,上川町,4
2010,01458,北海道,上川総合振興局,東川町,4
2010,01459,北海道,上川総合振興局,美瑛町,4
2010,01460,北海道,上川総合振興局,上富良野町,19
2010,01461,北海道,上川総合振興局,中富良野町,19
2010,01462,北海道,上川総合振興局,南富良野町,19
2010,01463,北海道,上川総合振興局,占冠村,19
2010,01464,北海道,上川総合振興局,和寒町,15
2010,01465,北海道,上川総合振興局,剣淵町,15
2010,01468,北海道,上川総合振興局,下川町,16
2010,01469,北海道,上川総合振興局,美深町,16
2010,01470,北海道,上川総合振興局,音威子府村,16
2010,01471,北海道,上川総合振興局,中川町,27
2010,01472,北海道,上川総合振興局,幌加内町,28
2010,01481,北海道,留萌振興局,増毛町,10
2010,01482,北海道,留萌振興局,小平町,10
2010,01483,北海道,留萌振興局,苫前町,29
2010,01484,北海道,留萌振興局,羽幌町,29
2010,01485,北海道,留萌振興局,初山別村,29
2010,01486,北海道,留萌振興局,遠別町,30
2010,01487,北海道,留萌振興局,天塩町,30
2010,01511,北海道,宗谷総合振興局,猿払村,31
2010,01512,北海道,宗谷総合振興局,浜頓別町,31
2010,01513,北海道,宗谷総合振興局,中頓別町,31
2010,01514,北海道,宗谷総合振興局,枝幸町,31
2010,01516,北海道,宗谷総合振興局,豊富町,12
2010,01517,北海道,宗谷総合振興局,礼文町,45
2010,01518,北海道,宗谷総合振興局,利尻町,46
2010,01519,北海道,宗谷総合振興局,利尻富士町,46
2010,01520,北海道,宗谷総合振興局,幌延町,30
2010,01543,北海道,オホーツク総合振興局,美幌町,8
2010,01544,北海道,オホーツク総合振興局,津別町,8
2010,01545,北海道,オホーツク総合振興局,斜里町,32
2010,01546,北海道,オホーツク総合振興局,清里町,32
2010,01547,北海道,オホーツク総合振興局,小清水町,32
2010,01549,北海道,オホーツク総合振興局,訓子府町,8
2010,01550,北海道,オホーツク総合振興局,置戸町,8
2010,01552,北海道,オホーツク総合振興局,佐呂間町,33
2010,01555,北海道,オホーツク総合振興局,遠軽町,33
2010,01559,北海道,オホーツク総合振興局,湧別町,33
2010,01560,北海道,オホーツク総合振興局,滝上町,14
2010,01561,北海道,オホーツク総合振興局,興部町,14
2010,01562,北海道,オホーツク総合振興局,西興部村,14
2010,01563,北海道,オホーツク総合振興局,雄武町,14
2010,01564,北海道,オホーツク総合振興局,大空町,8
2010,01571,北海道,胆振総合振興局,豊浦町,5
2010,01575,北海道,胆振総合振興局,壮瞥町,5
2010,01578,北海道,胆振総合振興局,白老町,11
2010,01581,北海道,胆振総合振興局,厚真町,11
2010,01584,北海道,胆振総合振興局,洞爺湖町,5
2010,01585,北海道,胆振総合振興局,安平町,11
2010,01586,北海道,胆振総合振興局,むかわ町,11
2010,01601,北海道,日高振興局,日高町,34
2010,01602,北海道,日高振興局,平取町,34
2010,01604,北海道,日高振興局,新冠町,35
2010,01607,北海道,日高振興局,浦河町,36
2010,01608,北海道,日高振興局,様似町,36
2010,01609,北海道,日高振興局,えりも町,36
2010,01610,北海道,日高振興局,新ひだか町,35
2010,01631,北海道,十勝総合振興局,音更町,7
2010,01632,北海道,十勝総合振興局,士幌町,7
2010,01633,北海道,十勝総合振興局,上士幌町,7
2010,01634,北海道,十勝総合振興局,鹿追町,7
2010,01635,北海道,十勝総合振興局,新得町,7
2010,01636,北海道,十勝総合振興局,清水町,7
2010,01637,北海道,十勝総合振興局,芽室町,7
2010,01638,北海道,十勝総合振興局,中札内村,7
2010,01639,北海道,十勝総合振興局,更別村,7
2010,01641,北海道,十勝総合振興局,大樹町,37
2010,01642,北海道,十勝総合振興局,広尾町,37
2010,01643,北海道,十勝総合振興局,幕別町,7
2010,01644,北海道,十勝総合振興局,池田町,7
2010,01645,北海道,十勝総合振興局,豊頃町,38
2010,01646,北海道,十勝総合振興局,本別町,39
2010,01647,北海道,十勝総合振興局,足寄町,39
2010,01648,北海道,十勝総合振興局,陸別町,39
2010,01649,北海道,十勝総合振興局,浦幌町,38
2010,01661,北海道,釧路総合振興局,釧路町,6
2010,01662,北海道,釧路総合振興局,厚岸町,40
2010,01663,北海道,釧路総合振興局,浜中町,40
2010,01664,北海道,釧路総合振興局,標茶町,41
2010,01665,北海道,釧路総合振興局,弟子屈町,41
2010,01667,北海道,釧路総合振興局,鶴居村,6
2010,01668,北海道,釧路総合振興局,白糠町,6
2010,01691,北海道,根室振興局,別海町,42
2010,01692,北海道,根室振興局,中標津町,42
2010,01693,北海道,根室振興局,標津町,42
2010,01694,北海道,根室振興局,羅臼町,43
2010,01695,北海道,根室振興局,色丹村,NA
2010,01696,北海道,根室振興局,泊村,NA
2010,01698,北海道,根室振興局,留別村,NA
2010,02201,青森県,,青森市,47
2010,02202,青森県,,弘前市,48
2010,02203,青森県,,八戸市,49
2010,02204,青森県,,黒石市,48
2010,02205,青森県,,五所川原市,50
2010,02206,青森県,,十和田市,51
2010,02207,青森県,,三沢市,51
2010,02208,青森県,,むつ市,52
2010,02209,青森県,,つがる市,50
2010,02210,青森県,,平川市,48
2010,02301,青森県,東津軽郡,平内町,47
2010,02303,青森県,東津軽郡,今別町,47
2010,02304,青森県,東津軽郡,蓬田村,47
2010,02307,青森県,東津軽郡,外ヶ浜町,47
2010,02321,青森県,西津軽郡,鰺ヶ沢町,50
2010,02323,青森県,西津軽郡,深浦町,50
2010,02343,青森県,中津軽郡,西目屋村,48
2010,02361,青森県,南津軽郡,藤崎町,48
2010,02362,青森県,南津軽郡,大鰐町,48
2010,02367,青森県,南津軽郡,田舎館村,48
2010,02381,青森県,北津軽郡,板柳町,48
2010,02384,青森県,北津軽郡,鶴田町,50
2010,02387,青森県,北津軽郡,中泊町,50
2010,02401,青森県,上北郡,野辺地町,51
2010,02402,青森県,上北郡,七戸町,51
2010,02405,青森県,上北郡,六戸町,51
2010,02406,青森県,上北郡,横浜町,52
2010,02408,青森県,上北郡,東北町,51
2010,02411,青森県,上北郡,六ヶ所村,51
2010,02412,青森県,上北郡,おいらせ町,51
2010,02423,青森県,下北郡,大間町,52
2010,02424,青森県,下北郡,東通村,52
2010,02425,青森県,下北郡,風間浦村,52
2010,02426,青森県,下北郡,佐井村,52
2010,02441,青森県,三戸郡,三戸町,49
2010,02442,青森県,三戸郡,五戸町,49
2010,02443,青森県,三戸郡,田子町,49
2010,02445,青森県,三戸郡,南部町,49
2010,02446,青森県,三戸郡,階上町,49
2010,02450,青森県,三戸郡,新郷村,49
2010,03201,岩手県,,盛岡市,53
2010,03202,岩手県,,宮古市,54
2010,03203,岩手県,,大船渡市,55
2010,03205,岩手県,,花巻市,56
2010,03206,岩手県,,北上市,56
2010,03207,岩手県,,久慈市,57
2010,03208,岩手県,,遠野市,55
2010,03209,岩手県,,一関市,56
2010,03210,岩手県,,陸前高田市,55
2010,03211,岩手県,,釜石市,54
2010,03213,岩手県,,二戸市,58
2010,03214,岩手県,,八幡平市,53
2010,03215,岩手県,,奥州市,56
2010,03301,岩手県,岩手郡,雫石町,53
2010,03302,岩手県,岩手郡,葛巻町,58
2010,03303,岩手県,岩手郡,岩手町,53
2010,03305,岩手県,岩手郡,滝沢村,53
2010,03321,岩手県,紫波郡,紫波町,53
2010,03322,岩手県,紫波郡,矢巾町,53
2010,03366,岩手県,和賀郡,西和賀町,56
2010,03381,岩手県,胆沢郡,金ヶ崎町,56
2010,03402,岩手県,西磐井郡,平泉町,56
2010,03422,岩手県,東磐井郡,藤沢町,56
2010,03441,岩手県,気仙郡,住田町,55
2010,03461,岩手県,上閉伊郡,大槌町,54
2010,03482,岩手県,下閉伊郡,山田町,54
2010,03483,岩手県,下閉伊郡,岩泉町,59
2010,03484,岩手県,下閉伊郡,田野畑村,59
2010,03485,岩手県,下閉伊郡,普代村,57
2010,03501,岩手県,九戸郡,軽米町,58
2010,03503,岩手県,九戸郡,野田村,57
2010,03506,岩手県,九戸郡,九戸村,58
2010,03507,岩手県,九戸郡,洋野町,57
2010,03524,岩手県,二戸郡,一戸町,58
2010,04100,宮城県,,仙台市,60
2010,04202,宮城県,,石巻市,61
2010,04203,宮城県,,塩竈市,60
2010,04205,宮城県,,気仙沼市,62
2010,04206,宮城県,,白石市,63
2010,04207,宮城県,,名取市,60
2010,04208,宮城県,,角田市,63
2010,04209,宮城県,,多賀城市,60
2010,04211,宮城県,,岩沼市,60
2010,04212,宮城県,,登米市,64
2010,04213,宮城県,,栗原市,64
2010,04214,宮城県,,東松島市,61
2010,04215,宮城県,,大崎市,64
2010,04301,宮城県,刈田郡,蔵王町,63
2010,04302,宮城県,刈田郡,七ヶ宿町,63
2010,04321,宮城県,柴田郡,大河原町,63
2010,04322,宮城県,柴田郡,村田町,63
2010,04323,宮城県,柴田郡,柴田町,63
2010,04324,宮城県,柴田郡,川崎町,63
2010,04341,宮城県,伊具郡,丸森町,63
2010,04361,宮城県,亘理郡,亘理町,60
2010,04362,宮城県,亘理郡,山元町,60
2010,04401,宮城県,宮城郡,松島町,60
2010,04404,宮城県,宮城郡,七ヶ浜町,60
2010,04406,宮城県,宮城郡,利府町,60
2010,04421,宮城県,黒川郡,大和町,60
2010,04422,宮城県,黒川郡,大郷町,60
2010,04423,宮城県,黒川郡,富谷町,60
2010,04424,宮城県,黒川郡,大衡村,60
2010,04444,宮城県,加美郡,色麻町,64
2010,04445,宮城県,加美郡,加美町,64
2010,04501,宮城県,遠田郡,涌谷町,64
2010,04505,宮城県,遠田郡,美里町,64
2010,04581,宮城県,牡鹿郡,女川町,61
2010,04606,宮城県,本吉郡,南三陸町,62
2010,05201,秋田県,,秋田市,65
2010,05202,秋田県,,能代市,66
2010,05203,秋田県,,横手市,67
2010,05204,秋田県,,大館市,68
2010,05206,秋田県,,男鹿市,65
2010,05207,秋田県,,湯沢市,67
2010,05209,秋田県,,鹿角市,68
2010,05210,秋田県,,由利本荘市,69
2010,05211,秋田県,,潟上市,65
2010,05212,秋田県,,大仙市,67
2010,05213,秋田県,,北秋田市,68
2010,05214,秋田県,,にかほ市,69
2010,05215,秋田県,,仙北市,67
2010,05303,秋田県,鹿角郡,小坂町,68
2010,05327,秋田県,北秋田郡,上小阿仁村,68
2010,05346,秋田県,山本郡,藤里町,66
2010,05348,秋田県,山本郡,三種町,66
2010,05349,秋田県,山本郡,八峰町,66
2010,05361,秋田県,南秋田郡,五城目町,65
2010,05363,秋田県,南秋田郡,八郎潟町,65
2010,05366,秋田県,南秋田郡,井川町,65
2010,05368,秋田県,南秋田郡,大潟村,65
2010,05434,秋田県,仙北郡,美郷町,67
2010,05463,秋田県,雄勝郡,羽後町,67
2010,05464,秋田県,雄勝郡,東成瀬村,67
2010,06201,山形県,,山形市,70
2010,06202,山形県,,米沢市,71
2010,06203,山形県,,鶴岡市,72
2010,06204,山形県,,酒田市,72
2010,06205,山形県,,新庄市,73
2010,06206,山形県,,寒河江市,70
2010,06207,山形県,,上山市,70
2010,06208,山形県,,村山市,70
2010,06209,山形県,,長井市,71
2010,06210,山形県,,天童市,70
2010,06211,山形県,,東根市,70
2010,06212,山形県,,尾花沢市,70
2010,06213,山形県,,南陽市,71
2010,06301,山形県,東村山郡,山辺町,70
2010,06302,山形県,東村山郡,中山町,70
2010,06321,山形県,西村山郡,河北町,70
2010,06322,山形県,西村山郡,西川町,70
2010,06323,山形県,西村山郡,朝日町,70
2010,06324,山形県,西村山郡,大江町,70
2010,06341,山形県,北村山郡,大石田町,70
2010,06361,山形県,最上郡,金山町,73
2010,06362,山形県,最上郡,最上町,73
2010,06363,山形県,最上郡,舟形町,73
2010,06364,山形県,最上郡,真室川町,73
2010,06365,山形県,最上郡,大蔵村,73
2010,06366,山形県,最上郡,鮭川村,73
2010,06367,山形県,最上郡,戸沢村,73
2010,06381,山形県,東置賜郡,高畠町,71
2010,06382,山形県,東置賜郡,川西町,71
2010,06401,山形県,西置賜郡,小国町,74
2010,06402,山形県,西置賜郡,白鷹町,71
2010,06403,山形県,西置賜郡,飯豊町,71
2010,06426,山形県,東田川郡,三川町,72
2010,06428,山形県,東田川郡,庄内町,72
2010,06461,山形県,飽海郡,遊佐町,72
2010,07201,福島県,,福島市,75
2010,07202,福島県,,会津若松市,76
2010,07203,福島県,,郡山市,77
2010,07204,福島県,,いわき市,78
2010,07205,福島県,,白河市,79
2010,07207,福島県,,須賀川市,79
2010,07208,福島県,,喜多方市,76
2010,07209,福島県,,相馬市,78
2010,07210,福島県,,二本松市,77
2010,07211,福島県,,田村市,77
2010,07212,福島県,,南相馬市,78
2010,07213,福島県,,伊達市,75
2010,07214,福島県,,本宮市,77
2010,07301,福島県,伊達郡,桑折町,75
2010,07303,福島県,伊達郡,国見町,75
2010,07308,福島県,伊達郡,川俣町,75
2010,07322,福島県,安達郡,大玉村,77
2010,07342,福島県,岩瀬郡,鏡石町,79
2010,07344,福島県,岩瀬郡,天栄村,79
2010,07362,福島県,南会津郡,下郷町,80
2010,07364,福島県,南会津郡,檜枝岐村,80
2010,07367,福島県,南会津郡,只見町,80
2010,07368,福島県,南会津郡,南会津町,80
2010,07402,福島県,耶麻郡,北塩原村,76
2010,07405,福島県,耶麻郡,西会津町,76
2010,07407,福島県,耶麻郡,磐梯町,76
2010,07408,福島県,耶麻郡,猪苗代町,76
2010,07421,福島県,河沼郡,会津坂下町,76
2010,07422,福島県,河沼郡,湯川村,76
2010,07423,福島県,河沼郡,柳津町,76
2010,07444,福島県,大沼郡,三島町,76
2010,07445,福島県,大沼郡,金山町,81
2010,07446,福島県,大沼郡,昭和村,81
2010,07447,福島県,大沼郡,会津美里町,76
2010,07461,福島県,西白河郡,西郷村,79
2010,07464,福島県,西白河郡,泉崎村,79
2010,07465,福島県,西白河郡,中島村,79
2010,07466,福島県,西白河郡,矢吹町,79
2010,07481,福島県,東白川郡,棚倉町,79
2010,07482,福島県,東白川郡,矢祭町,79
2010,07483,福島県,東白川郡,塙町,79
2010,07484,福島県,東白川郡,鮫川村,79
2010,07501,福島県,石川郡,石川町,79
2010,07502,福島県,石川郡,玉川村,79
2010,07503,福島県,石川郡,平田村,79
2010,07504,福島県,石川郡,浅川町,79
2010,07505,福島県,石川郡,古殿町,79
2010,07521,福島県,田村郡,三春町,77
2010,07522,福島県,田村郡,小野町,77
2010,07541,福島県,双葉郡,広野町,78
2010,07542,福島県,双葉郡,楢葉町,78
2010,07543,福島県,双葉郡,富岡町,78
2010,07544,福島県,双葉郡,川内村,78
2010,07545,福島県,双葉郡,大熊町,78
2010,07546,福島県,双葉郡,双葉町,78
2010,07547,福島県,双葉郡,浪江町,78
2010,07548,福島県,双葉郡,葛尾村,77
2010,07561,福島県,相馬郡,新地町,78
2010,07564,福島県,相馬郡,飯舘村,78
2010,08201,茨城県,,水戸市,82
2010,08202,茨城県,,日立市,82
2010,08203,茨城県,,土浦市,83
2010,08204,茨城県,,古河市,84
2010,08205,茨城県,,石岡市,82
2010,08207,茨城県,,結城市,85
2010,08208,茨城県,,龍ヶ崎市,83
2010,08210,茨城県,,下妻市,86
2010,08211,茨城県,,常総市,86
2010,08212,茨城県,,常陸太田市,82
2010,08214,茨城県,,高萩市,82
2010,08215,茨城県,,北茨城市,82
2010,08216,茨城県,,笠間市,82
2010,08217,茨城県,,取手市,86
2010,08219,茨城県,,牛久市,83
2010,08220,茨城県,,つくば市,83
2010,08221,茨城県,,ひたちなか市,82
2010,08222,茨城県,,鹿嶋市,87
2010,08223,茨城県,,潮来市,87
2010,08224,茨城県,,守谷市,86
2010,08225,茨城県,,常陸大宮市,82
2010,08226,茨城県,,那珂市,82
2010,08227,茨城県,,筑西市,85
2010,08228,茨城県,,坂東市,86
2010,08229,茨城県,,稲敷市,83
2010,08230,茨城県,,かすみがうら市,83
2010,08231,茨城県,,桜川市,85
2010,08232,茨城県,,神栖市,87
2010,08233,茨城県,,行方市,87
2010,08234,茨城県,,鉾田市,87
2010,08235,茨城県,,つくばみらい市,86
2010,08236,茨城県,,小美玉市,82
2010,08302,茨城県,東茨城郡,茨城町,82
2010,08309,茨城県,東茨城郡,大洗町,82
2010,08310,茨城県,東茨城郡,城里町,82
2010,08341,茨城県,那珂郡,東海村,82
2010,08364,茨城県,久慈郡,大子町,82
2010,08442,茨城県,稲敷郡,美浦村,83
2010,08443,茨城県,稲敷郡,阿見町,83
2010,08447,茨城県,稲敷郡,河内町,83
2010,08521,茨城県,結城郡,八千代町,86
2010,08542,茨城県,猿島郡,五霞町,84
2010,08546,茨城県,猿島郡,境町,84
2010,08564,茨城県,北相馬郡,利根町,83
2010,09201,栃木県,,宇都宮市,88
2010,09202,栃木県,,足利市,89
2010,09203,栃木県,,栃木市,90
2010,09204,栃木県,,佐野市,90
2010,09205,栃木県,,鹿沼市,90
2010,09206,栃木県,,日光市,91
2010,09208,栃木県,,小山市,85
2010,09209,栃木県,,真岡市,88
2010,09210,栃木県,,大田原市,91
2010,09211,栃木県,,矢板市,91
2010,09213,栃木県,,那須塩原市,91
2010,09214,栃木県,,さくら市,88
2010,09215,栃木県,,那須烏山市,88
2010,09216,栃木県,,下野市,88
2010,09301,栃木県,河内郡,上三川町,88
2010,09321,栃木県,上都賀郡,西方町,90
2010,09342,栃木県,芳賀郡,益子町,88
2010,09343,栃木県,芳賀郡,茂木町,88
2010,09344,栃木県,芳賀郡,市貝町,88
2010,09345,栃木県,芳賀郡,芳賀町,88
2010,09361,栃木県,下都賀郡,壬生町,90
2010,09364,栃木県,下都賀郡,野木町,85
2010,09367,栃木県,下都賀郡,岩舟町,90
2010,09384,栃木県,塩谷郡,塩谷町,91
2010,09386,栃木県,塩谷郡,高根沢町,88
2010,09407,栃木県,那須郡,那須町,91
2010,09411,栃木県,那須郡,那珂川町,88
2010,10201,群馬県,,前橋市,92
2010,10202,群馬県,,高崎市,93
2010,10203,群馬県,,桐生市,92
2010,10204,群馬県,,伊勢崎市,92
2010,10205,群馬県,,太田市,89
2010,10206,群馬県,,沼田市,94
2010,10207,群馬県,,館林市,89
2010,10208,群馬県,,渋川市,92
2010,10209,群馬県,,藤岡市,93
2010,10210,群馬県,,富岡市,93
2010,10211,群馬県,,安中市,93
2010,10212,群馬県,,みどり市,92
2010,10344,群馬県,北群馬郡,榛東村,92
2010,10345,群馬県,北群馬郡,吉岡町,92
2010,10366,群馬県,多野郡,上野村,93
2010,10367,群馬県,多野郡,神流町,93
2010,10382,群馬県,甘楽郡,下仁田町,93
2010,10383,群馬県,甘楽郡,南牧村,93
2010,10384,群馬県,甘楽郡,甘楽町,93
2010,10421,群馬県,吾妻郡,中之条町,92
2010,10424,群馬県,吾妻郡,長野原町,95
2010,10425,群馬県,吾妻郡,嬬恋村,95
2010,10426,群馬県,吾妻郡,草津町,95
2010,10428,群馬県,吾妻郡,高山村,92
2010,10429,群馬県,吾妻郡,東吾妻町,92
2010,10443,群馬県,利根郡,片品村,94
2010,10444,群馬県,利根郡,川場村,94
2010,10448,群馬県,利根郡,昭和村,94
2010,10449,群馬県,利根郡,みなかみ町,94
2010,10464,群馬県,佐波郡,玉村町,92
2010,10521,群馬県,邑楽郡,板倉町,89
2010,10522,群馬県,邑楽郡,明和町,89
2010,10523,群馬県,邑楽郡,千代田町,89
2010,10524,群馬県,邑楽郡,大泉町,89
2010,10525,群馬県,邑楽郡,邑楽町,89
2010,11100,埼玉県,,さいたま市,84
2010,11201,埼玉県,,川越市,96
2010,11202,埼玉県,,熊谷市,97
2010,11203,埼玉県,,川口市,98
2010,11206,埼玉県,,行田市,84
2010,11207,埼玉県,,秩父市,97
2010,11208,埼玉県,,所沢市,99
2010,11209,埼玉県,,飯能市,99
2010,11210,埼玉県,,加須市,84
2010,11211,埼玉県,,本庄市,97
2010,11212,埼玉県,,東松山市,96
2010,11214,埼玉県,,春日部市,84
2010,11215,埼玉県,,狭山市,99
2010,11216,埼玉県,,羽生市,84
2010,11217,埼玉県,,鴻巣市,84
2010,11218,埼玉県,,深谷市,97
2010,11219,埼玉県,,上尾市,84
2010,11221,埼玉県,,草加市,100
2010,11222,埼玉県,,越谷市,100
2010,11223,埼玉県,,蕨市,98
2010,11224,埼玉県,,戸田市,98
2010,11225,埼玉県,,入間市,99
2010,11226,埼玉県,,鳩ヶ谷市,98
2010,11227,埼玉県,,朝霞市,101
2010,11228,埼玉県,,志木市,101
2010,11229,埼玉県,,和光市,101
2010,11230,埼玉県,,新座市,101
2010,11231,埼玉県,,桶川市,84
2010,11232,埼玉県,,久喜市,84
2010,11233,埼玉県,,北本市,84
2010,11234,埼玉県,,八潮市,100
2010,11235,埼玉県,,富士見市,99
2010,11237,埼玉県,,三郷市,100
2010,11238,埼玉県,,蓮田市,84
2010,11239,埼玉県,,坂戸市,96
2010,11240,埼玉県,,幸手市,84
2010,11241,埼玉県,,鶴ヶ島市,96
2010,11242,埼玉県,,日高市,99
2010,11243,埼玉県,,吉川市,100
2010,11245,埼玉県,,ふじみ野市,99
2010,11301,埼玉県,北足立郡,伊奈町,84
2010,11324,埼玉県,入間郡,三芳町,99
2010,11326,埼玉県,入間郡,毛呂山町,96
2010,11327,埼玉県,入間郡,越生町,96
2010,11341,埼玉県,比企郡,滑川町,96
2010,11342,埼玉県,比企郡,嵐山町,96
2010,11343,埼玉県,比企郡,小川町,96
2010,11346,埼玉県,比企郡,川島町,96
2010,11347,埼玉県,比企郡,吉見町,96
2010,11348,埼玉県,比企郡,鳩山町,96
2010,11349,埼玉県,比企郡,ときがわ町,96
2010,11361,埼玉県,秩父郡,横瀬町,97
2010,11362,埼玉県,秩父郡,皆野町,97
2010,11363,埼玉県,秩父郡,長瀞町,97
2010,11365,埼玉県,秩父郡,小鹿野町,97
2010,11369,埼玉県,秩父郡,東秩父村,96
2010,11381,埼玉県,児玉郡,美里町,97
2010,11383,埼玉県,児玉郡,神川町,97
2010,11385,埼玉県,児玉郡,上里町,97
2010,11408,埼玉県,大里郡,寄居町,97
2010,11442,埼玉県,南埼玉郡,宮代町,84
2010,11445,埼玉県,南埼玉郡,白岡町,84
2010,11464,埼玉県,北葛飾郡,杉戸町,84
2010,11465,埼玉県,北葛飾郡,松伏町,100
2010,12100,千葉県,,千葉市,102
2010,12202,千葉県,,銚子市,87
2010,12203,千葉県,,市川市,101
2010,12204,千葉県,,船橋市,103
2010,12205,千葉県,,館山市,104
2010,12206,千葉県,,木更津市,105
2010,12207,千葉県,,松戸市,103
2010,12208,千葉県,,野田市,103
2010,12210,千葉県,,茂原市,102
2010,12211,千葉県,,成田市,106
2010,12212,千葉県,,佐倉市,106
2010,12213,千葉県,,東金市,102
2010,12215,千葉県,,旭市,106
2010,12216,千葉県,,習志野市,103
2010,12217,千葉県,,柏市,103
2010,12218,千葉県,,勝浦市,102
2010,12219,千葉県,,市原市,105
2010,12220,千葉県,,流山市,103
2010,12221,千葉県,,八千代市,103
2010,12222,千葉県,,我孫子市,103
2010,12223,千葉県,,鴨川市,104
2010,12224,千葉県,,鎌ヶ谷市,103
2010,12225,千葉県,,君津市,105
2010,12226,千葉県,,富津市,105
2010,12227,千葉県,,浦安市,101
2010,12228,千葉県,,四街道市,102
2010,12229,千葉県,,袖ヶ浦市,105
2010,12230,千葉県,,八街市,106
2010,12231,千葉県,,印西市,103
2010,12232,千葉県,,白井市,103
2010,12233,千葉県,,富里市,106
2010,12234,千葉県,,南房総市,104
2010,12235,千葉県,,匝瑳市,106
2010,12236,千葉県,,香取市,106
2010,12237,千葉県,,山武市,106
2010,12238,千葉県,,いすみ市,102
2010,12322,千葉県,印旛郡,酒々井町,106
2010,12329,千葉県,印旛郡,栄町,106
2010,12342,千葉県,香取郡,神崎町,106
2010,12347,千葉県,香取郡,多古町,106
2010,12349,千葉県,香取郡,東庄町,87
2010,12402,千葉県,山武郡,大網白里町,102
2010,12403,千葉県,山武郡,九十九里町,102
2010,12409,千葉県,山武郡,芝山町,106
2010,12410,千葉県,山武郡,横芝光町,106
2010,12421,千葉県,長生郡,一宮町,102
2010,12422,千葉県,長生郡,睦沢町,102
2010,12423,千葉県,長生郡,長生村,102
2010,12424,千葉県,長生郡,白子町,102
2010,12426,千葉県,長生郡,長柄町,102
2010,12427,千葉県,長生郡,長南町,102
2010,12441,千葉県,夷隅郡,大多喜町,102
2010,12443,千葉県,夷隅郡,御宿町,102
2010,12463,千葉県,安房郡,鋸南町,104
2010,13101,東京都,,千代田区,101
2010,13102,東京都,,中央区,101
2010,13103,東京都,,港区,101
2010,13104,東京都,,新宿区,101
2010,13105,東京都,,文京区,101
2010,13106,東京都,,台東区,101
2010,13107,東京都,,墨田区,101
2010,13108,東京都,,江東区,101
2010,13109,東京都,,品川区,101
2010,13110,東京都,,目黒区,101
2010,13111,東京都,,大田区,101
2010,13112,東京都,,世田谷区,101
2010,13113,東京都,,渋谷区,101
2010,13114,東京都,,中野区,101
2010,13115,東京都,,杉並区,101
2010,13116,東京都,,豊島区,101
2010,13117,東京都,,北区,101
2010,13118,東京都,,荒川区,101
2010,13119,東京都,,板橋区,101
2010,13120,東京都,,練馬区,101
2010,13121,東京都,,足立区,101
2010,13122,東京都,,葛飾区,101
2010,13123,東京都,,江戸川区,101
2010,13201,東京都,,八王子市,101
2010,13202,東京都,,立川市,107
2010,13203,東京都,,武蔵野市,101
2010,13204,東京都,,三鷹市,101
2010,13205,東京都,,青梅市,107
2010,13206,東京都,,府中市,101
2010,13207,東京都,,昭島市,107
2010,13208,東京都,,調布市,101
2010,13209,東京都,,町田市,101
2010,13210,東京都,,小金井市,101
2010,13211,東京都,,小平市,101
2010,13212,東京都,,日野市,101
2010,13213,東京都,,東村山市,101
2010,13214,東京都,,国分寺市,101
2010,13215,東京都,,国立市,101
2010,13218,東京都,,福生市,107
2010,13219,東京都,,狛江市,101
2010,13220,東京都,,東大和市,101
2010,13221,東京都,,清瀬市,101
2010,13222,東京都,,東久留米市,101
2010,13223,東京都,,武蔵村山市,107
2010,13224,東京都,,多摩市,101
2010,13225,東京都,,稲城市,101
2010,13227,東京都,,羽村市,107
2010,13228,東京都,,あきる野市,107
2010,13229,東京都,,西東京市,101
2010,13303,東京都,西多摩郡,瑞穂町,107
2010,13305,東京都,西多摩郡,日の出町,107
2010,13307,東京都,西多摩郡,檜原村,107
2010,13308,東京都,西多摩郡,奥多摩町,107
2010,13361,東京都,大島支庁,大島町,234
2010,13362,東京都,大島支庁,利島村,235
2010,13363,東京都,大島支庁,新島村,236
2010,13364,東京都,大島支庁,神津島村,237
2010,13381,東京都,三宅支庁,三宅村,238
2010,13382,東京都,三宅支庁,御蔵島村,239
2010,13401,東京都,八丈支庁,八丈町,240
2010,13402,東京都,八丈支庁,青ヶ島村,241
2010,13421,東京都,小笠原支庁,小笠原村,242
2010,14100,神奈川県,,横浜市,108
2010,14130,神奈川県,,川崎市,101
2010,14150,神奈川県,,相模原市,108
2010,14201,神奈川県,,横須賀市,108
2010,14203,神奈川県,,平塚市,108
2010,14204,神奈川県,,鎌倉市,108
2010,14205,神奈川県,,藤沢市,108
2010,14206,神奈川県,,小田原市,109
2010,14207,神奈川県,,茅ヶ崎市,108
2010,14208,神奈川県,,逗子市,108
2010,14210,神奈川県,,三浦市,108
2010,14211,神奈川県,,秦野市,109
2010,14212,神奈川県,,厚木市,108
2010,14213,神奈川県,,大和市,108
2010,14214,神奈川県,,伊勢原市,108
2010,14215,神奈川県,,海老名市,108
2010,14216,神奈川県,,座間市,108
2010,14217,神奈川県,,南足柄市,109
2010,14218,神奈川県,,綾瀬市,108
2010,14301,神奈川県,三浦郡,葉山町,108
2010,14321,神奈川県,高座郡,寒川町,108
2010,14341,神奈川県,中郡,大磯町,108
2010,14342,神奈川県,中郡,二宮町,108
2010,14361,神奈川県,足柄上郡,中井町,109
2010,14362,神奈川県,足柄上郡,大井町,109
2010,14363,神奈川県,足柄上郡,松田町,109
2010,14364,神奈川県,足柄上郡,山北町,109
2010,14366,神奈川県,足柄上郡,開成町,109
2010,14382,神奈川県,足柄下郡,箱根町,109
2010,14383,神奈川県,足柄下郡,真鶴町,109
2010,14384,神奈川県,足柄下郡,湯河原町,109
2010,14401,神奈川県,愛甲郡,愛川町,108
2010,14402,神奈川県,愛甲郡,清川村,108
2010,15100,新潟県,,新潟市,110
2010,15202,新潟県,,長岡市,111
2010,15204,新潟県,,三条市,110
2010,15205,新潟県,,柏崎市,111
2010,15206,新潟県,,新発田市,110
2010,15208,新潟県,,小千谷市,111
2010,15209,新潟県,,加茂市,110
2010,15210,新潟県,,十日町市,112
2010,15211,新潟県,,見附市,111
2010,15212,新潟県,,村上市,74
2010,15213,新潟県,,燕市,110
2010,15216,新潟県,,糸魚川市,113
2010,15217,新潟県,,妙高市,113
2010,15218,新潟県,,五泉市,110
2010,15222,新潟県,,上越市,113
2010,15223,新潟県,,阿賀野市,110
2010,15224,新潟県,,佐渡市,243
2010,15225,新潟県,,魚沼市,114
2010,15226,新潟県,,南魚沼市,114
2010,15227,新潟県,,胎内市,74
2010,15307,新潟県,北蒲原郡,聖籠町,110
2010,15342,新潟県,西蒲原郡,弥彦村,110
2010,15361,新潟県,南蒲原郡,田上町,110
2010,15385,新潟県,東蒲原郡,阿賀町,110
2010,15405,新潟県,三島郡,出雲崎町,111
2010,15461,新潟県,南魚沼郡,湯沢町,114
2010,15482,新潟県,中魚沼郡,津南町,112
2010,15504,新潟県,刈羽郡,刈羽村,111
2010,15581,新潟県,岩船郡,関川村,74
2010,15586,新潟県,岩船郡,粟島浦村,244
2010,16201,富山県,,富山市,115
2010,16202,富山県,,高岡市,116
2010,16204,富山県,,魚津市,115
2010,16205,富山県,,氷見市,116
2010,16206,富山県,,滑川市,115
2010,16207,富山県,,黒部市,115
2010,16208,富山県,,砺波市,116
2010,16209,富山県,,小矢部市,116
2010,16210,富山県,,南砺市,116
2010,16211,富山県,,射水市,116
2010,16321,富山県,中新川郡,舟橋村,115
2010,16322,富山県,中新川郡,上市町,115
2010,16323,富山県,中新川郡,立山町,115
2010,16342,富山県,下新川郡,入善町,115
2010,16343,富山県,下新川郡,朝日町,115
2010,17201,石川県,,金沢市,117
2010,17202,石川県,,七尾市,118
2010,17203,石川県,,小松市,117
2010,17204,石川県,,輪島市,119
2010,17205,石川県,,珠洲市,119
2010,17206,石川県,,加賀市,117
2010,17207,石川県,,羽咋市,118
2010,17209,石川県,,かほく市,117
2010,17210,石川県,,白山市,117
2010,17211,石川県,,能美市,117
2010,17324,石川県,能美郡,川北町,117
2010,17344,石川県,石川郡,野々市町,117
2010,17361,石川県,河北郡,津幡町,117
2010,17365,石川県,河北郡,内灘町,117
2010,17384,石川県,羽咋郡,志賀町,118
2010,17386,石川県,羽咋郡,宝達志水町,118
2010,17407,石川県,鹿島郡,中能登町,118
2010,17461,石川県,鳳珠郡,穴水町,119
2010,17463,石川県,鳳珠郡,能登町,119
2010,18201,福井県,,福井市,120
2010,18202,福井県,,敦賀市,121
2010,18204,福井県,,小浜市,121
2010,18205,福井県,,大野市,120
2010,18206,福井県,,勝山市,120
2010,18207,福井県,,鯖江市,120
2010,18208,福井県,,あわら市,120
2010,18209,福井県,,越前市,120
2010,18210,福井県,,坂井市,120
2010,18322,福井県,吉田郡,永平寺町,120
2010,18382,福井県,今立郡,池田町,120
2010,18404,福井県,南条郡,南越前町,120
2010,18423,福井県,丹生郡,越前町,120
2010,18442,福井県,三方郡,美浜町,121
2010,18481,福井県,大飯郡,高浜町,121
2010,18483,福井県,大飯郡,おおい町,121
2010,18501,福井県,三方上中郡,若狭町,121
2010,19201,山梨県,,甲府市,122
2010,19202,山梨県,,富士吉田市,123
2010,19204,山梨県,,都留市,123
2010,19205,山梨県,,山梨市,122
2010,19206,山梨県,,大月市,124
2010,19207,山梨県,,韮崎市,122
2010,19208,山梨県,,南アルプス市,122
2010,19209,山梨県,,北杜市,122
2010,19210,山梨県,,甲斐市,122
2010,19211,山梨県,,笛吹市,122
2010,19212,山梨県,,上野原市,124
2010,19213,山梨県,,甲州市,122
2010,19214,山梨県,,中央市,122
2010,19346,山梨県,西八代郡,市川三郷町,122
2010,19364,山梨県,南巨摩郡,早川町,122
2010,19365,山梨県,南巨摩郡,身延町,122
2010,19366,山梨県,南巨摩郡,南部町,125
2010,19368,山梨県,南巨摩郡,富士川町,122
2010,19384,山梨県,中巨摩郡,昭和町,122
2010,19422,山梨県,南都留郡,道志村,123
2010,19423,山梨県,南都留郡,西桂町,123
2010,19424,山梨県,南都留郡,忍野村,123
2010,19425,山梨県,南都留郡,山中湖村,123
2010,19429,山梨県,南都留郡,鳴沢村,123
2010,19430,山梨県,南都留郡,富士河口湖町,123
2010,19442,山梨県,北都留郡,小菅村,124
2010,19443,山梨県,北都留郡,丹波山村,124
2010,20201,長野県,,長野市,126
2010,20202,長野県,,松本市,127
2010,20203,長野県,,上田市,128
2010,20204,長野県,,岡谷市,129
2010,20205,長野県,,飯田市,130
2010,20206,長野県,,諏訪市,129
2010,20207,長野県,,須坂市,126
2010,20208,長野県,,小諸市,131
2010,20209,長野県,,伊那市,132
2010,20210,長野県,,駒ヶ根市,132
2010,20211,長野県,,中野市,126
2010,20212,長野県,,大町市,127
2010,20213,長野県,,飯山市,126
2010,20214,長野県,,茅野市,129
2010,20215,長野県,,塩尻市,127
2010,20217,長野県,,佐久市,131
2010,20218,長野県,,千曲市,128
2010,20219,長野県,,東御市,128
2010,20220,長野県,,安曇野市,127
2010,20303,長野県,南佐久郡,小海町,131
2010,20304,長野県,南佐久郡,川上村,131
2010,20305,長野県,南佐久郡,南牧村,131
2010,20306,長野県,南佐久郡,南相木村,131
2010,20307,長野県,南佐久郡,北相木村,131
2010,20309,長野県,南佐久郡,佐久穂町,131
2010,20321,長野県,北佐久郡,軽井沢町,131
2010,20323,長野県,北佐久郡,御代田町,131
2010,20324,長野県,北佐久郡,立科町,128
2010,20349,長野県,小県郡,青木村,128
2010,20350,長野県,小県郡,長和町,128
2010,20361,長野県,諏訪郡,下諏訪町,129
2010,20362,長野県,諏訪郡,富士見町,129
2010,20363,長野県,諏訪郡,原村,129
2010,20382,長野県,上伊那郡,辰野町,132
2010,20383,長野県,上伊那郡,箕輪町,132
2010,20384,長野県,上伊那郡,飯島町,132
2010,20385,長野県,上伊那郡,南箕輪村,132
2010,20386,長野県,上伊那郡,中川村,132
2010,20388,長野県,上伊那郡,宮田村,132
2010,20402,長野県,下伊那郡,松川町,130
2010,20403,長野県,下伊那郡,高森町,130
2010,20404,長野県,下伊那郡,阿南町,130
2010,20407,長野県,下伊那郡,阿智村,130
2010,20409,長野県,下伊那郡,平谷村,130
2010,20410,長野県,下伊那郡,根羽村,130
2010,20411,長野県,下伊那郡,下條村,130
2010,20412,長野県,下伊那郡,売木村,130
2010,20413,長野県,下伊那郡,天龍村,130
2010,20414,長野県,下伊那郡,泰阜村,130
2010,20415,長野県,下伊那郡,喬木村,130
2010,20416,長野県,下伊那郡,豊丘村,130
2010,20417,長野県,下伊那郡,大鹿村,130
2010,20422,長野県,木曽郡,上松町,133
2010,20423,長野県,木曽郡,南木曽町,133
2010,20425,長野県,木曽郡,木祖村,133
2010,20429,長野県,木曽郡,王滝村,133
2010,20430,長野県,木曽郡,大桑村,133
2010,20432,長野県,木曽郡,木曽町,133
2010,20446,長野県,東筑摩郡,麻績村,127
2010,20448,長野県,東筑摩郡,生坂村,127
2010,20450,長野県,東筑摩郡,山形村,127
2010,20451,長野県,東筑摩郡,朝日村,127
2010,20452,長野県,東筑摩郡,筑北村,127
2010,20481,長野県,北安曇郡,池田町,127
2010,20482,長野県,北安曇郡,松川村,127
2010,20485,長野県,北安曇郡,白馬村,134
2010,20486,長野県,北安曇郡,小谷村,134
2010,20521,長野県,埴科郡,坂城町,128
2010,20541,長野県,上高井郡,小布施町,126
2010,20543,長野県,上高井郡,高山村,126
2010,20561,長野県,下高井郡,山ノ内町,126
2010,20562,長野県,下高井郡,木島平村,126
2010,20563,長野県,下高井郡,野沢温泉村,126
2010,20583,長野県,上水内郡,信濃町,126
2010,20588,長野県,上水内郡,小川村,126
2010,20590,長野県,上水内郡,飯綱町,126
2010,20602,長野県,下水内郡,栄村,112
2010,21201,岐阜県,,岐阜市,135
2010,21202,岐阜県,,大垣市,135
2010,21203,岐阜県,,高山市,136
2010,21204,岐阜県,,多治見市,137
2010,21205,岐阜県,,関市,138
2010,21206,岐阜県,,中津川市,133
2010,21207,岐阜県,,美濃市,138
2010,21208,岐阜県,,瑞浪市,137
2010,21209,岐阜県,,羽島市,135
2010,21210,岐阜県,,恵那市,133
2010,21211,岐阜県,,美濃加茂市,138
2010,21212,岐阜県,,土岐市,137
2010,21213,岐阜県,,各務原市,135
2010,21214,岐阜県,,可児市,138
2010,21215,岐阜県,,山県市,135
2010,21216,岐阜県,,瑞穂市,135
2010,21217,岐阜県,,飛騨市,136
2010,21218,岐阜県,,本巣市,135
2010,21219,岐阜県,,郡上市,139
2010,21220,岐阜県,,下呂市,140
2010,21221,岐阜県,,海津市,135
2010,21302,岐阜県,羽島郡,岐南町,135
2010,21303,岐阜県,羽島郡,笠松町,135
2010,21341,岐阜県,養老郡,養老町,135
2010,21361,岐阜県,不破郡,垂井町,135
2010,21362,岐阜県,不破郡,関ヶ原町,135
2010,21381,岐阜県,安八郡,神戸町,135
2010,21382,岐阜県,安八郡,輪之内町,135
2010,21383,岐阜県,安八郡,安八町,135
2010,21401,岐阜県,揖斐郡,揖斐川町,135
2010,21403,岐阜県,揖斐郡,大野町,135
2010,21404,岐阜県,揖斐郡,池田町,135
2010,21421,岐阜県,本巣郡,北方町,135
2010,21501,岐阜県,加茂郡,坂祝町,138
2010,21502,岐阜県,加茂郡,富加町,138
2010,21503,岐阜県,加茂郡,川辺町,138
2010,21504,岐阜県,加茂郡,七宗町,138
2010,21505,岐阜県,加茂郡,八百津町,138
2010,21506,岐阜県,加茂郡,白川町,140
2010,21507,岐阜県,加茂郡,東白川村,140
2010,21521,岐阜県,可児郡,御嵩町,138
2010,21604,岐阜県,大野郡,白川村,136
2010,22100,静岡県,,静岡市,141
2010,22130,静岡県,,浜松市,142
2010,22203,静岡県,,沼津市,143
2010,22205,静岡県,,熱海市,109
2010,22206,静岡県,,三島市,143
2010,22207,静岡県,,富士宮市,125
2010,22208,静岡県,,伊東市,144
2010,22209,静岡県,,島田市,141
2010,22210,静岡県,,富士市,125
2010,22211,静岡県,,磐田市,142
2010,22212,静岡県,,焼津市,141
2010,22213,静岡県,,掛川市,142
2010,22214,静岡県,,藤枝市,141
2010,22215,静岡県,,御殿場市,143
2010,22216,静岡県,,袋井市,142
2010,22219,静岡県,,下田市,144
2010,22220,静岡県,,裾野市,143
2010,22221,静岡県,,湖西市,142
2010,22222,静岡県,,伊豆市,143
2010,22223,静岡県,,御前崎市,142
2010,22224,静岡県,,菊川市,142
2010,22225,静岡県,,伊豆の国市,143
2010,22226,静岡県,,牧之原市,141
2010,22301,静岡県,賀茂郡,東伊豆町,144
2010,22302,静岡県,賀茂郡,河津町,144
2010,22304,静岡県,賀茂郡,南伊豆町,144
2010,22305,静岡県,賀茂郡,松崎町,144
2010,22306,静岡県,賀茂郡,西伊豆町,144
2010,22325,静岡県,田方郡,函南町,143
2010,22341,静岡県,駿東郡,清水町,143
2010,22342,静岡県,駿東郡,長泉町,143
2010,22344,静岡県,駿東郡,小山町,143
2010,22424,静岡県,榛原郡,吉田町,141
2010,22429,静岡県,榛原郡,川根本町,141
2010,22461,静岡県,周智郡,森町,142
2010,23100,愛知県,,名古屋市,145
2010,23201,愛知県,,豊橋市,146
2010,23202,愛知県,,岡崎市,147
2010,23203,愛知県,,一宮市,145
2010,23204,愛知県,,瀬戸市,145
2010,23205,愛知県,,半田市,148
2010,23206,愛知県,,春日井市,145
2010,23207,愛知県,,豊川市,146
2010,23208,愛知県,,津島市,145
2010,23209,愛知県,,碧南市,147
2010,23210,愛知県,,刈谷市,147
2010,23211,愛知県,,豊田市,147
2010,23212,愛知県,,安城市,147
2010,23213,愛知県,,西尾市,147
2010,23214,愛知県,,蒲郡市,147
2010,23215,愛知県,,犬山市,145
2010,23216,愛知県,,常滑市,148
2010,23217,愛知県,,江南市,145
2010,23219,愛知県,,小牧市,145
2010,23220,愛知県,,稲沢市,145
2010,23221,愛知県,,新城市,146
2010,23222,愛知県,,東海市,148
2010,23223,愛知県,,大府市,148
2010,23224,愛知県,,知多市,148
2010,23225,愛知県,,知立市,147
2010,23226,愛知県,,尾張旭市,145
2010,23227,愛知県,,高浜市,147
2010,23228,愛知県,,岩倉市,145
2010,23229,愛知県,,豊明市,147
2010,23230,愛知県,,日進市,145
2010,23231,愛知県,,田原市,146
2010,23232,愛知県,,愛西市,145
2010,23233,愛知県,,清須市,145
2010,23234,愛知県,,北名古屋市,145
2010,23235,愛知県,,弥富市,145
2010,23236,愛知県,,みよし市,147
2010,23237,愛知県,,あま市,145
2010,23302,愛知県,愛知郡,東郷町,147
2010,23304,愛知県,愛知郡,長久手町,145
2010,23342,愛知県,西春日井郡,豊山町,145
2010,23361,愛知県,丹羽郡,大口町,145
2010,23362,愛知県,丹羽郡,扶桑町,145
2010,23424,愛知県,海部郡,大治町,145
2010,23425,愛知県,海部郡,蟹江町,145
2010,23427,愛知県,海部郡,飛島村,145
2010,23441,愛知県,知多郡,阿久比町,148
2010,23442,愛知県,知多郡,東浦町,148
2010,23445,愛知県,知多郡,南知多町,148
2010,23446,愛知県,知多郡,美浜町,148
2010,23447,愛知県,知多郡,武豊町,148
2010,23481,愛知県,幡豆郡,一色町,147
2010,23482,愛知県,幡豆郡,吉良町,147
2010,23483,愛知県,幡豆郡,幡豆町,147
2010,23501,愛知県,額田郡,幸田町,147
2010,23561,愛知県,北設楽郡,設楽町,146
2010,23562,愛知県,北設楽郡,東栄町,146
2010,23563,愛知県,北設楽郡,豊根村,146
2010,24201,三重県,,津市,149
2010,24202,三重県,,四日市市,149
2010,24203,三重県,,伊勢市,150
2010,24204,三重県,,松阪市,150
2010,24205,三重県,,桑名市,149
2010,24207,三重県,,鈴鹿市,149
2010,24208,三重県,,名張市,151
2010,24209,三重県,,尾鷲市,152
2010,24210,三重県,,亀山市,149
2010,24211,三重県,,鳥羽市,150
2010,24212,三重県,,熊野市,153
2010,24214,三重県,,いなべ市,149
2010,24215,三重県,,志摩市,150
2010,24216,三重県,,伊賀市,151
2010,24303,三重県,桑名郡,木曽岬町,145
2010,24324,三重県,員弁郡,東員町,149
2010,24341,三重県,三重郡,菰野町,149
2010,24343,三重県,三重郡,朝日町,149
2010,24344,三重県,三重郡,川越町,149
2010,24441,三重県,多気郡,多気町,150
2010,24442,三重県,多気郡,明和町,150
2010,24443,三重県,多気郡,大台町,150
2010,24461,三重県,度会郡,玉城町,150
2010,24470,三重県,度会郡,度会町,150
2010,24471,三重県,度会郡,大紀町,150
2010,24472,三重県,度会郡,南伊勢町,150
2010,24543,三重県,北牟婁郡,紀北町,152
2010,24561,三重県,南牟婁郡,御浜町,153
2010,24562,三重県,南牟婁郡,紀宝町,153
2010,25201,滋賀県,,大津市,154
2010,25202,滋賀県,,彦根市,154
2010,25203,滋賀県,,長浜市,154
2010,25204,滋賀県,,近江八幡市,154
2010,25206,滋賀県,,草津市,154
2010,25207,滋賀県,,守山市,154
2010,25208,滋賀県,,栗東市,154
2010,25209,滋賀県,,甲賀市,154
2010,25210,滋賀県,,野洲市,154
2010,25211,滋賀県,,湖南市,154
2010,25212,滋賀県,,高島市,155
2010,25213,滋賀県,,東近江市,154
2010,25214,滋賀県,,米原市,154
2010,25383,滋賀県,蒲生郡,日野町,154
2010,25384,滋賀県,蒲生郡,竜王町,154
2010,25425,滋賀県,愛知郡,愛荘町,154
2010,25441,滋賀県,犬上郡,豊郷町,154
2010,25442,滋賀県,犬上郡,甲良町,154
2010,25443,滋賀県,犬上郡,多賀町,154
2010,26100,京都府,,京都市,156
2010,26201,京都府,,福知山市,157
2010,26202,京都府,,舞鶴市,121
2010,26203,京都府,,綾部市,157
2010,26204,京都府,,宇治市,156
2010,26205,京都府,,宮津市,158
2010,26206,京都府,,亀岡市,156
2010,26207,京都府,,城陽市,156
2010,26208,京都府,,向日市,156
2010,26209,京都府,,長岡京市,156
2010,26210,京都府,,八幡市,159
2010,26211,京都府,,京田辺市,156
2010,26212,京都府,,京丹後市,158
2010,26213,京都府,,南丹市,156
2010,26214,京都府,,木津川市,160
2010,26303,京都府,乙訓郡,大山崎町,156
2010,26322,京都府,久世郡,久御山町,156
2010,26343,京都府,綴喜郡,井手町,156
2010,26344,京都府,綴喜郡,宇治田原町,156
2010,26364,京都府,相楽郡,笠置町,160
2010,26365,京都府,相楽郡,和束町,160
2010,26366,京都府,相楽郡,精華町,160
2010,26367,京都府,相楽郡,南山城村,151
2010,26407,京都府,船井郡,京丹波町,156
2010,26463,京都府,与謝郡,伊根町,158
2010,26465,京都府,与謝郡,与謝野町,158
2010,27100,大阪府,,大阪市,159
2010,27140,大阪府,,堺市,161
2010,27202,大阪府,,岸和田市,162
2010,27203,大阪府,,豊中市,159
2010,27204,大阪府,,池田市,159
2010,27205,大阪府,,吹田市,159
2010,27206,大阪府,,泉大津市,161
2010,27207,大阪府,,高槻市,159
2010,27208,大阪府,,貝塚市,162
2010,27209,大阪府,,守口市,159
2010,27210,大阪府,,枚方市,159
2010,27211,大阪府,,茨木市,159
2010,27212,大阪府,,八尾市,161
2010,27213,大阪府,,泉佐野市,162
2010,27214,大阪府,,富田林市,161
2010,27215,大阪府,,寝屋川市,159
2010,27216,大阪府,,河内長野市,161
2010,27217,大阪府,,松原市,161
2010,27218,大阪府,,大東市,159
2010,27219,大阪府,,和泉市,161
2010,27220,大阪府,,箕面市,159
2010,27221,大阪府,,柏原市,161
2010,27222,大阪府,,羽曳野市,161
2010,27223,大阪府,,門真市,159
2010,27224,大阪府,,摂津市,159
2010,27225,大阪府,,高石市,161
2010,27226,大阪府,,藤井寺市,161
2010,27227,大阪府,,東大阪市,159
2010,27228,大阪府,,泉南市,162
2010,27229,大阪府,,四條畷市,159
2010,27230,大阪府,,交野市,159
2010,27231,大阪府,,大阪狭山市,161
2010,27232,大阪府,,阪南市,162
2010,27301,大阪府,三島郡,島本町,159
2010,27321,大阪府,豊能郡,豊能町,159
2010,27322,大阪府,豊能郡,能勢町,159
2010,27341,大阪府,泉北郡,忠岡町,162
2010,27361,大阪府,泉南郡,熊取町,162
2010,27362,大阪府,泉南郡,田尻町,162
2010,27366,大阪府,泉南郡,岬町,162
2010,27381,大阪府,南河内郡,太子町,161
2010,27382,大阪府,南河内郡,河南町,161
2010,27383,大阪府,南河内郡,千早赤阪村,161
2010,28100,兵庫県,,神戸市,163
2010,28201,兵庫県,,姫路市,164
2010,28202,兵庫県,,尼崎市,159
2010,28203,兵庫県,,明石市,163
2010,28204,兵庫県,,西宮市,159
2010,28205,兵庫県,,洲本市,165
2010,28206,兵庫県,,芦屋市,159
2010,28207,兵庫県,,伊丹市,159
2010,28208,兵庫県,,相生市,164
2010,28209,兵庫県,,豊岡市,166
2010,28210,兵庫県,,加古川市,163
2010,28212,兵庫県,,赤穂市,164
2010,28213,兵庫県,,西脇市,163
2010,28214,兵庫県,,宝塚市,159
2010,28215,兵庫県,,三木市,163
2010,28216,兵庫県,,高砂市,163
2010,28217,兵庫県,,川西市,159
2010,28218,兵庫県,,小野市,163
2010,28219,兵庫県,,三田市,167
2010,28220,兵庫県,,加西市,163
2010,28221,兵庫県,,篠山市,167
2010,28222,兵庫県,,養父市,166
2010,28223,兵庫県,,丹波市,167
2010,28224,兵庫県,,南あわじ市,165
2010,28225,兵庫県,,朝来市,166
2010,28226,兵庫県,,淡路市,165
2010,28227,兵庫県,,宍粟市,164
2010,28228,兵庫県,,加東市,163
2010,28229,兵庫県,,たつの市,164
2010,28301,兵庫県,川辺郡,猪名川町,159
2010,28365,兵庫県,多可郡,多可町,163
2010,28381,兵庫県,加古郡,稲美町,163
2010,28382,兵庫県,加古郡,播磨町,163
2010,28442,兵庫県,神崎郡,市川町,164
2010,28443,兵庫県,神崎郡,福崎町,164
2010,28446,兵庫県,神崎郡,神河町,164
2010,28464,兵庫県,揖保郡,太子町,164
2010,28481,兵庫県,赤穂郡,上郡町,164
2010,28501,兵庫県,佐用郡,佐用町,164
2010,28585,兵庫県,美方郡,香美町,166
2010,28586,兵庫県,美方郡,新温泉町,166
2010,29201,奈良県,,奈良市,168
2010,29202,奈良県,,大和高田市,169
2010,29203,奈良県,,大和郡山市,168
2010,29204,奈良県,,天理市,168
2010,29205,奈良県,,橿原市,169
2010,29206,奈良県,,桜井市,151
2010,29207,奈良県,,五條市,170
2010,29208,奈良県,,御所市,169
2010,29209,奈良県,,生駒市,168
2010,29210,奈良県,,香芝市,168
2010,29211,奈良県,,葛城市,169
2010,29212,奈良県,,宇陀市,151
2010,29322,奈良県,山辺郡,山添村,151
2010,29342,奈良県,生駒郡,平群町,168
2010,29343,奈良県,生駒郡,三郷町,168
2010,29344,奈良県,生駒郡,斑鳩町,168
2010,29345,奈良県,生駒郡,安堵町,168
2010,29361,奈良県,磯城郡,川西町,168
2010,29362,奈良県,磯城郡,三宅町,168
2010,29363,奈良県,磯城郡,田原本町,168
2010,29385,奈良県,宇陀郡,曽爾村,151
2010,29386,奈良県,宇陀郡,御杖村,151
2010,29401,奈良県,高市郡,高取町,169
2010,29402,奈良県,高市郡,明日香村,169
2010,29424,奈良県,北葛城郡,上牧町,168
2010,29425,奈良県,北葛城郡,王寺町,168
2010,29426,奈良県,北葛城郡,広陵町,168
2010,29427,奈良県,北葛城郡,河合町,168
2010,29441,奈良県,吉野郡,吉野町,169
2010,29442,奈良県,吉野郡,大淀町,169
2010,29443,奈良県,吉野郡,下市町,169
2010,29444,奈良県,吉野郡,黒滝村,169
2010,29446,奈良県,吉野郡,天川村,169
2010,29447,奈良県,吉野郡,野迫川村,170
2010,29449,奈良県,吉野郡,十津川村,171
2010,29450,奈良県,吉野郡,下北山村,153
2010,29451,奈良県,吉野郡,上北山村,153
2010,29452,奈良県,吉野郡,川上村,169
2010,29453,奈良県,吉野郡,東吉野村,151
2010,30201,和歌山県,,和歌山市,172
2010,30202,和歌山県,,海南市,172
2010,30203,和歌山県,,橋本市,170
2010,30204,和歌山県,,有田市,172
2010,30205,和歌山県,,御坊市,173
2010,30206,和歌山県,,田辺市,174
2010,30207,和歌山県,,新宮市,153
2010,30208,和歌山県,,紀の川市,172
2010,30209,和歌山県,,岩出市,172
2010,30304,和歌山県,海草郡,紀美野町,172
2010,30341,和歌山県,伊都郡,かつらぎ町,170
2010,30343,和歌山県,伊都郡,九度山町,170
2010,30344,和歌山県,伊都郡,高野町,170
2010,30361,和歌山県,有田郡,湯浅町,172
2010,30362,和歌山県,有田郡,広川町,172
2010,30366,和歌山県,有田郡,有田川町,172
2010,30381,和歌山県,日高郡,美浜町,173
2010,30382,和歌山県,日高郡,日高町,173
2010,30383,和歌山県,日高郡,由良町,173
2010,30390,和歌山県,日高郡,印南町,173
2010,30391,和歌山県,日高郡,みなべ町,174
2010,30392,和歌山県,日高郡,日高川町,173
2010,30401,和歌山県,西牟婁郡,白浜町,174
2010,30404,和歌山県,西牟婁郡,上富田町,174
2010,30406,和歌山県,西牟婁郡,すさみ町,174
2010,30421,和歌山県,東牟婁郡,那智勝浦町,153
2010,30422,和歌山県,東牟婁郡,太地町,153
2010,30424,和歌山県,東牟婁郡,古座川町,153
2010,30427,和歌山県,東牟婁郡,北山村,153
2010,30428,和歌山県,東牟婁郡,串本町,153
2010,31201,鳥取県,,鳥取市,175
2010,31202,鳥取県,,米子市,176
2010,31203,鳥取県,,倉吉市,177
2010,31204,鳥取県,,境港市,176
2010,31302,鳥取県,岩美郡,岩美町,175
2010,31325,鳥取県,八頭郡,若桜町,175
2010,31328,鳥取県,八頭郡,智頭町,175
2010,31329,鳥取県,八頭郡,八頭町,175
2010,31364,鳥取県,東伯郡,三朝町,177
2010,31370,鳥取県,東伯郡,湯梨浜町,177
2010,31371,鳥取県,東伯郡,琴浦町,177
2010,31372,鳥取県,東伯郡,北栄町,177
2010,31384,鳥取県,西伯郡,日吉津村,176
2010,31386,鳥取県,西伯郡,大山町,176
2010,31389,鳥取県,西伯郡,南部町,176
2010,31390,鳥取県,西伯郡,伯耆町,176
2010,31401,鳥取県,日野郡,日南町,176
2010,31402,鳥取県,日野郡,日野町,176
2010,31403,鳥取県,日野郡,江府町,176
2010,32201,島根県,,松江市,178
2010,32202,島根県,,浜田市,179
2010,32203,島根県,,出雲市,178
2010,32204,島根県,,益田市,180
2010,32205,島根県,,大田市,179
2010,32206,島根県,,安来市,178
2010,32207,島根県,,江津市,179
2010,32209,島根県,,雲南市,178
2010,32304,島根県,八束郡,東出雲町,178
2010,32343,島根県,仁多郡,奥出雲町,178
2010,32386,島根県,飯石郡,飯南町,178
2010,32401,島根県,簸川郡,斐川町,178
2010,32441,島根県,邑智郡,川本町,179
2010,32448,島根県,邑智郡,美郷町,179
2010,32449,島根県,邑智郡,邑南町,179
2010,32501,島根県,鹿足郡,津和野町,180
2010,32505,島根県,鹿足郡,吉賀町,180
2010,32525,島根県,隠岐郡,海士町,245
2010,32526,島根県,隠岐郡,西ノ島町,246
2010,32527,島根県,隠岐郡,知夫村,247
2010,32528,島根県,隠岐郡,隠岐の島町,248
2010,33100,岡山県,,岡山市,181
2010,33202,岡山県,,倉敷市,181
2010,33203,岡山県,,津山市,182
2010,33204,岡山県,,玉野市,181
2010,33205,岡山県,,笠岡市,181
2010,33207,岡山県,,井原市,181
2010,33208,岡山県,,総社市,181
2010,33209,岡山県,,高梁市,183
2010,33210,岡山県,,新見市,183
2010,33211,岡山県,,備前市,181
2010,33212,岡山県,,瀬戸内市,181
2010,33213,岡山県,,赤磐市,181
2010,33214,岡山県,,真庭市,184
2010,33215,岡山県,,美作市,182
2010,33216,岡山県,,浅口市,181
2010,33346,岡山県,和気郡,和気町,181
2010,33423,岡山県,都窪郡,早島町,181
2010,33445,岡山県,浅口郡,里庄町,181
2010,33461,岡山県,小田郡,矢掛町,181
2010,33586,岡山県,真庭郡,新庄村,184
2010,33606,岡山県,苫田郡,鏡野町,182
2010,33622,岡山県,勝田郡,勝央町,182
2010,33623,岡山県,勝田郡,奈義町,182
2010,33643,岡山県,英田郡,西粟倉村,182
2010,33663,岡山県,久米郡,久米南町,182
2010,33666,岡山県,久米郡,美咲町,182
2010,33681,岡山県,加賀郡,吉備中央町,183
2010,34100,広島県,,広島市,185
2010,34202,広島県,,呉市,185
2010,34203,広島県,,竹原市,186
2010,34204,広島県,,三原市,186
2010,34205,広島県,,尾道市,186
2010,34207,広島県,,福山市,186
2010,34208,広島県,,府中市,186
2010,34209,広島県,,三次市,187
2010,34210,広島県,,庄原市,187
2010,34211,広島県,,大竹市,188
2010,34212,広島県,,東広島市,186
2010,34213,広島県,,廿日市市,185
2010,34214,広島県,,安芸高田市,185
2010,34215,広島県,,江田島市,185
2010,34302,広島県,安芸郡,府中町,185
2010,34304,広島県,安芸郡,海田町,185
2010,34307,広島県,安芸郡,熊野町,185
2010,34309,広島県,安芸郡,坂町,185
2010,34368,広島県,山県郡,安芸太田町,185
2010,34369,広島県,山県郡,北広島町,185
2010,34431,広島県,豊田郡,大崎上島町,249
2010,34462,広島県,世羅郡,世羅町,186
2010,34545,広島県,神石郡,神石高原町,186
2010,35201,山口県,,下関市,189
2010,35202,山口県,,宇部市,189
2010,35203,山口県,,山口市,189
2010,35204,山口県,,萩市,190
2010,35206,山口県,,防府市,189
2010,35207,山口県,,下松市,188
2010,35208,山口県,,岩国市,188
2010,35210,山口県,,光市,188
2010,35211,山口県,,長門市,190
2010,35212,山口県,,柳井市,188
2010,35213,山口県,,美祢市,189
2010,35215,山口県,,周南市,188
2010,35216,山口県,,山陽小野田市,189
2010,35305,山口県,大島郡,周防大島町,188
2010,35321,山口県,玖珂郡,和木町,188
2010,35341,山口県,熊毛郡,上関町,188
2010,35343,山口県,熊毛郡,田布施町,188
2010,35344,山口県,熊毛郡,平生町,188
2010,35502,山口県,阿武郡,阿武町,190
2010,36201,徳島県,,徳島市,191
2010,36202,徳島県,,鳴門市,191
2010,36203,徳島県,,小松島市,191
2010,36204,徳島県,,阿南市,191
2010,36205,徳島県,,吉野川市,192
2010,36206,徳島県,,阿波市,192
2010,36207,徳島県,,美馬市,192
2010,36208,徳島県,,三好市,192
2010,36301,徳島県,勝浦郡,勝浦町,191
2010,36302,徳島県,勝浦郡,上勝町,191
2010,36321,徳島県,名東郡,佐那河内村,191
2010,36341,徳島県,名西郡,石井町,191
2010,36342,徳島県,名西郡,神山町,191
2010,36368,徳島県,那賀郡,那賀町,191
2010,36383,徳島県,海部郡,牟岐町,193
2010,36387,徳島県,海部郡,美波町,193
2010,36388,徳島県,海部郡,海陽町,193
2010,36401,徳島県,板野郡,松茂町,191
2010,36402,徳島県,板野郡,北島町,191
2010,36403,徳島県,板野郡,藍住町,191
2010,36404,徳島県,板野郡,板野町,191
2010,36405,徳島県,板野郡,上板町,191
2010,36468,徳島県,美馬郡,つるぎ町,192
2010,36489,徳島県,三好郡,東みよし町,192
2010,37201,香川県,,高松市,194
2010,37202,香川県,,丸亀市,194
2010,37203,香川県,,坂出市,194
2010,37204,香川県,,善通寺市,194
2010,37205,香川県,,観音寺市,194
2010,37206,香川県,,さぬき市,194
2010,37207,香川県,,東かがわ市,194
2010,37208,香川県,,三豊市,194
2010,37322,香川県,小豆郡,土庄町,250
2010,37324,香川県,小豆郡,小豆島町,250
2010,37341,香川県,木田郡,三木町,194
2010,37364,香川県,香川郡,直島町,251
2010,37386,香川県,綾歌郡,宇多津町,194
2010,37387,香川県,綾歌郡,綾川町,194
2010,37403,香川県,仲多度郡,琴平町,194
2010,37404,香川県,仲多度郡,多度津町,194
2010,37406,香川県,仲多度郡,まんのう町,194
2010,38201,愛媛県,,松山市,195
2010,38202,愛媛県,,今治市,196
2010,38203,愛媛県,,宇和島市,197
2010,38204,愛媛県,,八幡浜市,198
2010,38205,愛媛県,,新居浜市,196
2010,38206,愛媛県,,西条市,196
2010,38207,愛媛県,,大洲市,198
2010,38210,愛媛県,,伊予市,195
2010,38213,愛媛県,,四国中央市,196
2010,38214,愛媛県,,西予市,198
2010,38215,愛媛県,,東温市,195
2010,38356,愛媛県,越智郡,上島町,252
2010,38386,愛媛県,上浮穴郡,久万高原町,195
2010,38401,愛媛県,伊予郡,松前町,195
2010,38402,愛媛県,伊予郡,砥部町,195
2010,38422,愛媛県,喜多郡,内子町,198
2010,38442,愛媛県,西宇和郡,伊方町,198
2010,38484,愛媛県,北宇和郡,松野町,197
2010,38488,愛媛県,北宇和郡,鬼北町,197
2010,38506,愛媛県,南宇和郡,愛南町,197
2010,39201,高知県,,高知市,199
2010,39202,高知県,,室戸市,200
2010,39203,高知県,,安芸市,200
2010,39204,高知県,,南国市,199
2010,39205,高知県,,土佐市,199
2010,39206,高知県,,須崎市,201
2010,39208,高知県,,宿毛市,202
2010,39209,高知県,,土佐清水市,202
2010,39210,高知県,,四万十市,202
2010,39211,高知県,,香南市,199
2010,39212,高知県,,香美市,199
2010,39301,高知県,安芸郡,東洋町,193
2010,39302,高知県,安芸郡,奈半利町,200
2010,39303,高知県,安芸郡,田野町,200
2010,39304,高知県,安芸郡,安田町,200
2010,39305,高知県,安芸郡,北川村,200
2010,39306,高知県,安芸郡,馬路村,200
2010,39307,高知県,安芸郡,芸西村,200
2010,39341,高知県,長岡郡,本山町,199
2010,39344,高知県,長岡郡,大豊町,199
2010,39363,高知県,土佐郡,土佐町,199
2010,39364,高知県,土佐郡,大川村,199
2010,39386,高知県,吾川郡,いの町,199
2010,39387,高知県,吾川郡,仁淀川町,199
2010,39401,高知県,高岡郡,中土佐町,201
2010,39402,高知県,高岡郡,佐川町,199
2010,39403,高知県,高岡郡,越知町,199
2010,39405,高知県,高岡郡,檮原町,201
2010,39410,高知県,高岡郡,日高村,199
2010,39411,高知県,高岡郡,津野町,201
2010,39412,高知県,高岡郡,四万十町,201
2010,39424,高知県,幡多郡,大月町,202
2010,39427,高知県,幡多郡,三原村,202
2010,39428,高知県,幡多郡,黒潮町,202
2010,40100,福岡県,,北九州市,203
2010,40130,福岡県,,福岡市,204
2010,40202,福岡県,,大牟田市,205
2010,40203,福岡県,,久留米市,206
2010,40204,福岡県,,直方市,207
2010,40205,福岡県,,飯塚市,207
2010,40206,福岡県,,田川市,207
2010,40207,福岡県,,柳川市,206
2010,40210,福岡県,,八女市,206
2010,40211,福岡県,,筑後市,206
2010,40212,福岡県,,大川市,206
2010,40213,福岡県,,行橋市,203
2010,40214,福岡県,,豊前市,208
2010,40215,福岡県,,中間市,203
2010,40216,福岡県,,小郡市,209
2010,40217,福岡県,,筑紫野市,204
2010,40218,福岡県,,春日市,204
2010,40219,福岡県,,大野城市,204
2010,40220,福岡県,,宗像市,204
2010,40221,福岡県,,太宰府市,204
2010,40223,福岡県,,古賀市,204
2010,40224,福岡県,,福津市,204
2010,40225,福岡県,,うきは市,209
2010,40226,福岡県,,宮若市,207
2010,40227,福岡県,,嘉麻市,207
2010,40228,福岡県,,朝倉市,209
2010,40229,福岡県,,みやま市,206
2010,40230,福岡県,,糸島市,204
2010,40305,福岡県,筑紫郡,那珂川町,204
2010,40341,福岡県,糟屋郡,宇美町,204
2010,40342,福岡県,糟屋郡,篠栗町,204
2010,40343,福岡県,糟屋郡,志免町,204
2010,40344,福岡県,糟屋郡,須恵町,204
2010,40345,福岡県,糟屋郡,新宮町,204
2010,40348,福岡県,糟屋郡,久山町,204
2010,40349,福岡県,糟屋郡,粕屋町,204
2010,40381,福岡県,遠賀郡,芦屋町,203
2010,40382,福岡県,遠賀郡,水巻町,203
2010,40383,福岡県,遠賀郡,岡垣町,203
2010,40384,福岡県,遠賀郡,遠賀町,203
2010,40401,福岡県,鞍手郡,小竹町,207
2010,40402,福岡県,鞍手郡,鞍手町,207
2010,40421,福岡県,嘉穂郡,桂川町,207
2010,40447,福岡県,朝倉郡,筑前町,209
2010,40448,福岡県,朝倉郡,東峰村,209
2010,40503,福岡県,三井郡,大刀洗町,209
2010,40522,福岡県,三潴郡,大木町,206
2010,40544,福岡県,八女郡,広川町,206
2010,40601,福岡県,田川郡,香春町,207
2010,40602,福岡県,田川郡,添田町,207
2010,40604,福岡県,田川郡,糸田町,207
2010,40605,福岡県,田川郡,川崎町,207
2010,40608,福岡県,田川郡,大任町,207
2010,40609,福岡県,田川郡,赤村,207
2010,40610,福岡県,田川郡,福智町,207
2010,40621,福岡県,京都郡,苅田町,203
2010,40625,福岡県,京都郡,みやこ町,203
2010,40642,福岡県,築上郡,吉富町,208
2010,40646,福岡県,築上郡,上毛町,208
2010,40647,福岡県,築上郡,築上町,203
2010,41201,佐賀県,,佐賀市,210
2010,41202,佐賀県,,唐津市,211
2010,41203,佐賀県,,鳥栖市,206
2010,41204,佐賀県,,多久市,210
2010,41205,佐賀県,,伊万里市,212
2010,41206,佐賀県,,武雄市,210
2010,41207,佐賀県,,鹿島市,210
2010,41208,佐賀県,,小城市,210
2010,41209,佐賀県,,嬉野市,210
2010,41210,佐賀県,,神埼市,210
2010,41327,佐賀県,神埼郡,吉野ヶ里町,206
2010,41341,佐賀県,三養基郡,基山町,206
2010,41345,佐賀県,三養基郡,上峰町,206
2010,41346,佐賀県,三養基郡,みやき町,206
2010,41387,佐賀県,東松浦郡,玄海町,211
2010,41401,佐賀県,西松浦郡,有田町,212
2010,41423,佐賀県,杵島郡,大町町,210
2010,41424,佐賀県,杵島郡,江北町,210
2010,41425,佐賀県,杵島郡,白石町,210
2010,41441,佐賀県,藤津郡,太良町,210
2010,42201,長崎県,,長崎市,213
2010,42202,長崎県,,佐世保市,212
2010,42203,長崎県,,島原市,214
2010,42204,長崎県,,諫早市,213
2010,42205,長崎県,,大村市,213
2010,42207,長崎県,,平戸市,212
2010,42208,長崎県,,松浦市,212
2010,42209,長崎県,,対馬市,253
2010,42210,長崎県,,壱岐市,254
2010,42211,長崎県,,五島市,255
2010,42212,長崎県,,西海市,213
2010,42213,長崎県,,雲仙市,213
2010,42214,長崎県,,南島原市,214
2010,42307,長崎県,西彼杵郡,長与町,213
2010,42308,長崎県,西彼杵郡,時津町,213
2010,42321,長崎県,東彼杵郡,東彼杵町,213
2010,42322,長崎県,東彼杵郡,川棚町,212
2010,42323,長崎県,東彼杵郡,波佐見町,212
2010,42383,長崎県,北松浦郡,小値賀町,256
2010,42391,長崎県,北松浦郡,佐々町,212
2010,42411,長崎県,南松浦郡,新上五島町,257
2010,43201,熊本県,,熊本市,215
2010,43202,熊本県,,八代市,215
2010,43203,熊本県,,人吉市,216
2010,43204,熊本県,,荒尾市,205
2010,43205,熊本県,,水俣市,217
2010,43206,熊本県,,玉名市,205
2010,43208,熊本県,,山鹿市,205
2010,43210,熊本県,,菊池市,215
2010,43211,熊本県,,宇土市,215
2010,43212,熊本県,,上天草市,218
2010,43213,熊本県,,宇城市,215
2010,43214,熊本県,,阿蘇市,219
2010,43215,熊本県,,天草市,218
2010,43216,熊本県,,合志市,215
2010,43348,熊本県,下益城郡,美里町,215
2010,43364,熊本県,玉名郡,玉東町,205
2010,43367,熊本県,玉名郡,南関町,205
2010,43368,熊本県,玉名郡,長洲町,205
2010,43369,熊本県,玉名郡,和水町,205
2010,43403,熊本県,菊池郡,大津町,215
2010,43404,熊本県,菊池郡,菊陽町,215
2010,43423,熊本県,阿蘇郡,南小国町,220
2010,43424,熊本県,阿蘇郡,小国町,220
2010,43425,熊本県,阿蘇郡,産山村,219
2010,43428,熊本県,阿蘇郡,高森町,219
2010,43432,熊本県,阿蘇郡,西原村,215
2010,43433,熊本県,阿蘇郡,南阿蘇村,219
2010,43441,熊本県,上益城郡,御船町,215
2010,43442,熊本県,上益城郡,嘉島町,215
2010,43443,熊本県,上益城郡,益城町,215
2010,43444,熊本県,上益城郡,甲佐町,215
2010,43447,熊本県,上益城郡,山都町,221
2010,43468,熊本県,八代郡,氷川町,215
2010,43482,熊本県,葦北郡,芦北町,217
2010,43484,熊本県,葦北郡,津奈木町,217
2010,43501,熊本県,球磨郡,錦町,216
2010,43505,熊本県,球磨郡,多良木町,216
2010,43506,熊本県,球磨郡,湯前町,216
2010,43507,熊本県,球磨郡,水上村,216
2010,43510,熊本県,球磨郡,相良村,216
2010,43511,熊本県,球磨郡,五木村,216
2010,43512,熊本県,球磨郡,山江村,216
2010,43513,熊本県,球磨郡,球磨村,216
2010,43514,熊本県,球磨郡,あさぎり町,216
2010,43531,熊本県,天草郡,苓北町,218
2010,44201,大分県,,大分市,222
2010,44202,大分県,,別府市,222
2010,44203,大分県,,中津市,208
2010,44204,大分県,,日田市,209
2010,44205,大分県,,佐伯市,222
2010,44206,大分県,,臼杵市,222
2010,44207,大分県,,津久見市,222
2010,44208,大分県,,竹田市,222
2010,44209,大分県,,豊後高田市,208
2010,44210,大分県,,杵築市,222
2010,44211,大分県,,宇佐市,208
2010,44212,大分県,,豊後大野市,222
2010,44213,大分県,,由布市,222
2010,44214,大分県,,国東市,222
2010,44322,大分県,東国東郡,姫島村,258
2010,44341,大分県,速見郡,日出町,222
2010,44461,大分県,玖珠郡,九重町,223
2010,44462,大分県,玖珠郡,玖珠町,223
2010,45201,宮崎県,,宮崎市,224
2010,45202,宮崎県,,都城市,225
2010,45203,宮崎県,,延岡市,226
2010,45204,宮崎県,,日南市,227
2010,45205,宮崎県,,小林市,225
2010,45206,宮崎県,,日向市,226
2010,45207,宮崎県,,串間市,227
2010,45208,宮崎県,,西都市,224
2010,45209,宮崎県,,えびの市,225
2010,45341,宮崎県,北諸県郡,三股町,225
2010,45361,宮崎県,西諸県郡,高原町,225
2010,45382,宮崎県,東諸県郡,国富町,224
2010,45383,宮崎県,東諸県郡,綾町,224
2010,45401,宮崎県,児湯郡,高鍋町,224
2010,45402,宮崎県,児湯郡,新富町,224
2010,45403,宮崎県,児湯郡,西米良村,228
2010,45404,宮崎県,児湯郡,木城町,224
2010,45405,宮崎県,児湯郡,川南町,224
2010,45406,宮崎県,児湯郡,都農町,224
2010,45421,宮崎県,東臼杵郡,門川町,226
2010,45429,宮崎県,東臼杵郡,諸塚村,226
2010,45430,宮崎県,東臼杵郡,椎葉村,229
2010,45431,宮崎県,東臼杵郡,美郷町,226
2010,45441,宮崎県,西臼杵郡,高千穂町,221
2010,45442,宮崎県,西臼杵郡,日之影町,221
2010,45443,宮崎県,西臼杵郡,五ヶ瀬町,221
2010,46201,鹿児島県,,鹿児島市,230
2010,46203,鹿児島県,,鹿屋市,231
2010,46204,鹿児島県,,枕崎市,232
2010,46206,鹿児島県,,阿久根市,233
2010,46208,鹿児島県,,出水市,233
2010,46210,鹿児島県,,指宿市,232
2010,46213,鹿児島県,,西之表市,259
2010,46214,鹿児島県,,垂水市,231
2010,46215,鹿児島県,,薩摩川内市,230
2010,46216,鹿児島県,,日置市,230
2010,46217,鹿児島県,,曽於市,225
2010,46218,鹿児島県,,霧島市,230
2010,46219,鹿児島県,,いちき串木野市,230
2010,46220,鹿児島県,,南さつま市,232
2010,46221,鹿児島県,,志布志市,231
2010,46222,鹿児島県,,奄美市,260
2010,46223,鹿児島県,,南九州市,232
2010,46224,鹿児島県,,伊佐市,230
2010,46225,鹿児島県,,姶良市,230
2010,46303,鹿児島県,鹿児島郡,三島村,261
2010,46304,鹿児島県,鹿児島郡,十島村,262
2010,46392,鹿児島県,薩摩郡,さつま町,230
2010,46404,鹿児島県,出水郡,長島町,233
2010,46452,鹿児島県,姶良郡,湧水町,230
2010,46468,鹿児島県,曽於郡,大崎町,231
2010,46482,鹿児島県,肝属郡,東串良町,231
2010,46490,鹿児島県,肝属郡,錦江町,231
2010,46491,鹿児島県,肝属郡,南大隅町,231
2010,46492,鹿児島県,肝属郡,肝付町,231
2010,46501,鹿児島県,熊毛郡,中種子町,259
2010,46502,鹿児島県,熊毛郡,南種子町,259
2010,46505,鹿児島県,熊毛郡,屋久島町,263
2010,46523,鹿児島県,大島郡,大和村,260
2010,46524,鹿児島県,大島郡,宇検村,260
2010,46525,鹿児島県,大島郡,瀬戸内町,260
2010,46527,鹿児島県,大島郡,龍郷町,260
2010,46529,鹿児島県,大島郡,喜界町,264
2010,46530,鹿児島県,大島郡,徳之島町,265
2010,46531,鹿児島県,大島郡,天城町,265
2010,46532,鹿児島県,大島郡,伊仙町,265
2010,46533,鹿児島県,大島郡,和泊町,266
2010,46534,鹿児島県,大島郡,知名町,266
2010,46535,鹿児島県,大島郡,与論町,267
2010,47201,沖縄県,,那覇市,268
2010,47205,沖縄県,,宜野湾市,268
2010,47207,沖縄県,,石垣市,270
2010,47208,沖縄県,,浦添市,268
2010,47209,沖縄県,,名護市,269
2010,47210,沖縄県,,糸満市,268
2010,47211,沖縄県,,沖縄市,268
2010,47212,沖縄県,,豊見城市,268
2010,47213,沖縄県,,うるま市,268
2010,47214,沖縄県,,宮古島市,271
2010,47215,沖縄県,,南城市,268
2010,47301,沖縄県,国頭郡,国頭村,269
2010,47302,沖縄県,国頭郡,大宜味村,269
2010,47303,沖縄県,国頭郡,東村,269
2010,47306,沖縄県,国頭郡,今帰仁村,269
2010,47308,沖縄県,国頭郡,本部町,269
2010,47311,沖縄県,国頭郡,恩納村,268
2010,47313,沖縄県,国頭郡,宜野座村,268
2010,47314,沖縄県,国頭郡,金武町,268
2010,47315,沖縄県,国頭郡,伊江村,272
2010,47324,沖縄県,中頭郡,読谷村,268
2010,47325,沖縄県,中頭郡,嘉手納町,268
2010,47326,沖縄県,中頭郡,北谷町,268
2010,47327,沖縄県,中頭郡,北中城村,268
2010,47328,沖縄県,中頭郡,中城村,268
2010,47329,沖縄県,中頭郡,西原町,268
2010,47348,沖縄県,島尻郡,与那原町,268
2010,47350,沖縄県,島尻郡,南風原町,268
2010,47353,沖縄県,島尻郡,渡嘉敷村,273
2010,47354,沖縄県,島尻郡,座間味村,274
2010,47355,沖縄県,島尻郡,粟国村,275
2010,47356,沖縄県,島尻郡,渡名喜村,276
2010,47357,沖縄県,島尻郡,南大東村,277
2010,47358,沖縄県,島尻郡,北大東村,278
2010,47359,沖縄県,島尻郡,伊平屋村,279
2010,47360,沖縄県,島尻郡,伊是名村,280
2010,47361,沖縄県,島尻郡,久米島町,281
2010,47362,沖縄県,島尻郡,八重瀬町,268
2010,47375,沖縄県,宮古郡,多良間村,282
2010,47381,沖縄県,八重山郡,竹富町,283
2010,47382,沖縄県,八重山郡,与那国町,284
2015,01100,北海道,,札幌市,1
2015,01202,北海道,,函館市,2
2015,01203,北海道,,小樽市,3
2015,01204,北海道,,旭川市,4
2015,01205,北海道,,室蘭市,5
2015,01206,北海道,,釧路市,6
2015,01207,北海道,,帯広市,7
2015,01208,北海道,,北見市,8
2015,01209,北海道,,夕張市,1
2015,01210,北海道,,岩見沢市,9
2015,01211,北海道,,網走市,8
2015,01212,北海道,,留萌市,10
2015,01213,北海道,,苫小牧市,11
2015,01214,北海道,,稚内市,12
2015,01215,北海道,,美唄市,9
2015,01216,北海道,,芦別市,13
2015,01217,北海道,,江別市,1
2015,01218,北海道,,赤平市,13
2015,01219,北海道,,紋別市,14
2015,01220,北海道,,士別市,15
2015,01221,北海道,,名寄市,16
2015,01222,北海道,,三笠市,9
2015,01223,北海道,,根室市,17
2015,01224,北海道,,千歳市,1
2015,01225,北海道,,滝川市,13
2015,01226,北海道,,砂川市,13
2015,01227,北海道,,歌志内市,13
2015,01228,北海道,,深川市,18
2015,01229,北海道,,富良野市,19
2015,01230,北海道,,登別市,5
2015,01231,北海道,,恵庭市,1
2015,01233,北海道,,伊達市,5
2015,01234,北海道,,北広島市,1
2015,01235,北海道,,石狩市,1
2015,01236,北海道,,北斗市,2
2015,01303,北海道,石狩振興局,当別町,1
2015,01304,北海道,石狩振興局,新篠津村,9
2015,01331,北海道,渡島総合振興局,松前町,20
2015,01332,北海道,渡島総合振興局,福島町,20
2015,01333,北海道,渡島総合振興局,知内町,2
2015,01334,北海道,渡島総合振興局,木古内町,2
2015,01337,北海道,渡島総合振興局,七飯町,2
2015,01343,北海道,渡島総合振興局,鹿部町,2
2015,01345,北海道,渡島総合振興局,森町,2
2015,01346,北海道,渡島総合振興局,八雲町,21
2015,01347,北海道,渡島総合振興局,長万部町,21
2015,01361,北海道,檜山振興局,江差町,22
2015,01362,北海道,檜山振興局,上ノ国町,22
2015,01363,北海道,檜山振興局,厚沢部町,22
2015,01364,北海道,檜山振興局,乙部町,22
2015,01367,北海道,檜山振興局,奥尻町,42
2015,01370,北海道,檜山振興局,今金町,23
2015,01371,北海道,檜山振興局,せたな町,23
2015,01391,北海道,後志総合振興局,島牧村,24
2015,01392,北海道,後志総合振興局,寿都町,24
2015,01393,北海道,後志総合振興局,黒松内町,24
2015,01394,北海道,後志総合振興局,蘭越町,25
2015,01395,北海道,後志総合振興局,ニセコ町,25
2015,01396,北海道,後志総合振興局,真狩村,25
2015,01397,北海道,後志総合振興局,留寿都村,25
2015,01398,北海道,後志総合振興局,喜茂別町,25
2015,01399,北海道,後志総合振興局,京極町,25
2015,01400,北海道,後志総合振興局,倶知安町,25
2015,01401,北海道,後志総合振興局,共和町,26
2015,01402,北海道,後志総合振興局,岩内町,26
2015,01403,北海道,後志総合振興局,泊村,26
2015,01404,北海道,後志総合振興局,神恵内村,26
2015,01405,北海道,後志総合振興局,積丹町,3
2015,01406,北海道,後志総合振興局,古平町,3
2015,01407,北海道,後志総合振興局,仁木町,3
2015,01408,北海道,後志総合振興局,余市町,3
2015,01409,北海道,後志総合振興局,赤井川村,3
2015,01423,北海道,空知総合振興局,南幌町,1
2015,01424,北海道,空知総合振興局,奈井江町,13
2015,01425,北海道,空知総合振興局,上砂川町,13
2015,01427,北海道,空知総合振興局,由仁町,1
2015,01428,北海道,空知総合振興局,長沼町,1
2015,01429,北海道,空知総合振興局,栗山町,1
2015,01430,北海道,空知総合振興局,月形町,9
2015,01431,北海道,空知総合振興局,浦臼町,13
2015,01432,北海道,空知総合振興局,新十津川町,13
2015,01433,北海道,空知総合振興局,妹背牛町,18
2015,01434,北海道,空知総合振興局,秩父別町,18
2015,01436,北海道,空知総合振興局,雨竜町,13
2015,01437,北海道,空知総合振興局,北竜町,18
2015,01438,北海道,空知総合振興局,沼田町,18
2015,01452,北海道,上川総合振興局,鷹栖町,4
2015,01453,北海道,上川総合振興局,東神楽町,4
2015,01454,北海道,上川総合振興局,当麻町,4
2015,01455,北海道,上川総合振興局,比布町,4
2015,01456,北海道,上川総合振興局,愛別町,4
2015,01457,北海道,上川総合振興局,上川町,4
2015,01458,北海道,上川総合振興局,東川町,4
2015,01459,北海道,上川総合振興局,美瑛町,4
2015,01460,北海道,上川総合振興局,上富良野町,19
2015,01461,北海道,上川総合振興局,中富良野町,19
2015,01462,北海道,上川総合振興局,南富良野町,19
2015,01463,北海道,上川総合振興局,占冠村,19
2015,01464,北海道,上川総合振興局,和寒町,15
2015,01465,北海道,上川総合振興局,剣淵町,15
2015,01468,北海道,上川総合振興局,下川町,16
2015,01469,北海道,上川総合振興局,美深町,16
2015,01470,北海道,上川総合振興局,音威子府村,16
2015,01471,北海道,上川総合振興局,中川町,16
2015,01472,北海道,上川総合振興局,幌加内町,27
2015,01481,北海道,留萌振興局,増毛町,10
2015,01482,北海道,留萌振興局,小平町,10
2015,01483,北海道,留萌振興局,苫前町,28
2015,01484,北海道,留萌振興局,羽幌町,28
2015,01485,北海道,留萌振興局,初山別村,28
2015,01486,北海道,留萌振興局,遠別町,29
2015,01487,北海道,留萌振興局,天塩町,12
2015,01511,北海道,宗谷総合振興局,猿払村,30
2015,01512,北海道,宗谷総合振興局,浜頓別町,30
2015,01513,北海道,宗谷総合振興局,中頓別町,30
2015,01514,北海道,宗谷総合振興局,枝幸町,30
2015,01516,北海道,宗谷総合振興局,豊富町,12
2015,01517,北海道,宗谷総合振興局,礼文町,43
2015,01518,北海道,宗谷総合振興局,利尻町,44
2015,01519,北海道,宗谷総合振興局,利尻富士町,44
2015,01520,北海道,宗谷総合振興局,幌延町,12
2015,01543,北海道,オホーツク総合振興局,美幌町,8
2015,01544,北海道,オホーツク総合振興局,津別町,8
2015,01545,北海道,オホーツク総合振興局,斜里町,31
2015,01546,北海道,オホーツク総合振興局,清里町,31
2015,01547,北海道,オホーツク総合振興局,小清水町,31
2015,01549,北海道,オホーツク総合振興局,訓子府町,8
2015,01550,北海道,オホーツク総合振興局,置戸町,8
2015,01552,北海道,オホーツク総合振興局,佐呂間町,32
2015,01555,北海道,オホーツク総合振興局,遠軽町,32
2015,01559,北海道,オホーツク総合振興局,湧別町,32
2015,01560,北海道,オホーツク総合振興局,滝上町,14
2015,01561,北海道,オホーツク総合振興局,興部町,14
2015,01562,北海道,オホーツク総合振興局,西興部村,14
2015,01563,北海道,オホーツク総合振興局,雄武町,14
2015,01564,北海道,オホーツク総合振興局,大空町,8
2015,01571,北海道,胆振総合振興局,豊浦町,5
2015,01575,北海道,胆振総合振興局,壮瞥町,5
2015,01578,北海道,胆振総合振興局,白老町,11
2015,01581,北海道,胆振総合振興局,厚真町,11
2015,01584,北海道,胆振総合振興局,洞爺湖町,5
2015,01585,北海道,胆振総合振興局,安平町,11
2015,01586,北海道,胆振総合振興局,むかわ町,11
2015,01601,北海道,日高振興局,日高町,33
2015,01602,北海道,日高振興局,平取町,33
2015,01604,北海道,日高振興局,新冠町,33
2015,01607,北海道,日高振興局,浦河町,34
2015,01608,北海道,日高振興局,様似町,34
2015,01609,北海道,日高振興局,えりも町,34
2015,01610,北海道,日高振興局,新ひだか町,33
2015,01631,北海道,十勝総合振興局,音更町,7
2015,01632,北海道,十勝総合振興局,士幌町,7
2015,01633,北海道,十勝総合振興局,上士幌町,7
2015,01634,北海道,十勝総合振興局,鹿追町,7
2015,01635,北海道,十勝総合振興局,新得町,7
2015,01636,北海道,十勝総合振興局,清水町,7
2015,01637,北海道,十勝総合振興局,芽室町,7
2015,01638,北海道,十勝総合振興局,中札内村,7
2015,01639,北海道,十勝総合振興局,更別村,7
2015,01641,北海道,十勝総合振興局,大樹町,35
2015,01642,北海道,十勝総合振興局,広尾町,35
2015,01643,北海道,十勝総合振興局,幕別町,7
2015,01644,北海道,十勝総合振興局,池田町,7
2015,01645,北海道,十勝総合振興局,豊頃町,36
2015,01646,北海道,十勝総合振興局,本別町,37
2015,01647,北海道,十勝総合振興局,足寄町,37
2015,01648,北海道,十勝総合振興局,陸別町,37
2015,01649,北海道,十勝総合振興局,浦幌町,36
2015,01661,北海道,釧路総合振興局,釧路町,6
2015,01662,北海道,釧路総合振興局,厚岸町,38
2015,01663,北海道,釧路総合振興局,浜中町,38
2015,01664,北海道,釧路総合振興局,標茶町,39
2015,01665,北海道,釧路総合振興局,弟子屈町,39
2015,01667,北海道,釧路総合振興局,鶴居村,6
2015,01668,北海道,釧路総合振興局,白糠町,6
2015,01691,北海道,根室振興局,別海町,40
2015,01692,北海道,根室振興局,中標津町,40
2015,01693,北海道,根室振興局,標津町,40
2015,01694,北海道,根室振興局,羅臼町,41
2015,01695,北海道,根室振興局,色丹村,NA
2015,01696,北海道,根室振興局,泊村,NA
2015,01698,北海道,根室振興局,留別村,NA
2015,02201,青森県,,青森市,45
2015,02202,青森県,,弘前市,46
2015,02203,青森県,,八戸市,47
2015,02204,青森県,,黒石市,46
2015,02205,青森県,,五所川原市,48
2015,02206,青森県,,十和田市,49
2015,02207,青森県,,三沢市,49
2015,02208,青森県,,むつ市,50
2015,02209,青森県,,つがる市,48
2015,02210,青森県,,平川市,46
2015,02301,青森県,東津軽郡,平内町,45
2015,02303,青森県,東津軽郡,今別町,45
2015,02304,青森県,東津軽郡,蓬田村,45
2015,02307,青森県,東津軽郡,外ヶ浜町,45
2015,02321,青森県,西津軽郡,鰺ヶ沢町,48
2015,02323,青森県,西津軽郡,深浦町,48
2015,02343,青森県,中津軽郡,西目屋村,46
2015,02361,青森県,南津軽郡,藤崎町,46
2015,02362,青森県,南津軽郡,大鰐町,46
2015,02367,青森県,南津軽郡,田舎館村,46
2015,02381,青森県,北津軽郡,板柳町,46
2015,02384,青森県,北津軽郡,鶴田町,48
2015,02387,青森県,北津軽郡,中泊町,48
2015,02401,青森県,上北郡,野辺地町,49
2015,02402,青森県,上北郡,七戸町,49
2015,02405,青森県,上北郡,六戸町,49
2015,02406,青森県,上北郡,横浜町,50
2015,02408,青森県,上北郡,東北町,49
2015,02411,青森県,上北郡,六ヶ所村,49
2015,02412,青森県,上北郡,おいらせ町,49
2015,02423,青森県,下北郡,大間町,50
2015,02424,青森県,下北郡,東通村,50
2015,02425,青森県,下北郡,風間浦村,50
2015,02426,青森県,下北郡,佐井村,50
2015,02441,青森県,三戸郡,三戸町,47
2015,02442,青森県,三戸郡,五戸町,47
2015,02443,青森県,三戸郡,田子町,47
2015,02445,青森県,三戸郡,南部町,47
2015,02446,青森県,三戸郡,階上町,47
2015,02450,青森県,三戸郡,新郷村,47
2015,03201,岩手県,,盛岡市,51
2015,03202,岩手県,,宮古市,52
2015,03203,岩手県,,大船渡市,53
2015,03205,岩手県,,花巻市,54
2015,03206,岩手県,,北上市,54
2015,03207,岩手県,,久慈市,55
2015,03208,岩手県,,遠野市,53
2015,03209,岩手県,,一関市,54
2015,03210,岩手県,,陸前高田市,53
2015,03211,岩手県,,釜石市,52
2015,03213,岩手県,,二戸市,56
2015,03214,岩手県,,八幡平市,51
2015,03215,岩手県,,奥州市,54
2015,03216,岩手県,,滝沢市,51
2015,03301,岩手県,岩手郡,雫石町,51
2015,03302,岩手県,岩手郡,葛巻町,51
2015,03303,岩手県,岩手郡,岩手町,51
2015,03321,岩手県,紫波郡,紫波町,51
2015,03322,岩手県,紫波郡,矢巾町,51
2015,03366,岩手県,和賀郡,西和賀町,54
2015,03381,岩手県,胆沢郡,金ヶ崎町,54
2015,03402,岩手県,西磐井郡,平泉町,54
2015,03441,岩手県,気仙郡,住田町,53
2015,03461,岩手県,上閉伊郡,大槌町,52
2015,03482,岩手県,下閉伊郡,山田町,52
2015,03483,岩手県,下閉伊郡,岩泉町,57
2015,03484,岩手県,下閉伊郡,田野畑村,57
2015,03485,岩手県,下閉伊郡,普代村,55
2015,03501,岩手県,九戸郡,軽米町,56
2015,03503,岩手県,九戸郡,野田村,55
2015,03506,岩手県,九戸郡,九戸村,56
2015,03507,岩手県,九戸郡,洋野町,55
2015,03524,岩手県,二戸郡,一戸町,56
2015,04100,宮城県,,仙台市,58
2015,04202,宮城県,,石巻市,59
2015,04203,宮城県,,塩竈市,58
2015,04205,宮城県,,気仙沼市,60
2015,04206,宮城県,,白石市,61
2015,04207,宮城県,,名取市,58
2015,04208,宮城県,,角田市,61
2015,04209,宮城県,,多賀城市,58
2015,04211,宮城県,,岩沼市,58
2015,04212,宮城県,,登米市,60
2015,04213,宮城県,,栗原市,60
2015,04214,宮城県,,東松島市,59
2015,04215,宮城県,,大崎市,58
2015,04301,宮城県,刈田郡,蔵王町,61
2015,04302,宮城県,刈田郡,七ヶ宿町,61
2015,04321,宮城県,柴田郡,大河原町,61
2015,04322,宮城県,柴田郡,村田町,61
2015,04323,宮城県,柴田郡,柴田町,61
2015,04324,宮城県,柴田郡,川崎町,61
2015,04341,宮城県,伊具郡,丸森町,61
2015,04361,宮城県,亘理郡,亘理町,58
2015,04362,宮城県,亘理郡,山元町,58
2015,04401,宮城県,宮城郡,松島町,58
2015,04404,宮城県,宮城郡,七ヶ浜町,58
2015,04406,宮城県,宮城郡,利府町,58
2015,04421,宮城県,黒川郡,大和町,58
2015,04422,宮城県,黒川郡,大郷町,58
2015,04423,宮城県,黒川郡,富谷町,58
2015,04424,宮城県,黒川郡,大衡村,58
2015,04444,宮城県,加美郡,色麻町,58
2015,04445,宮城県,加美郡,加美町,58
2015,04501,宮城県,遠田郡,涌谷町,58
2015,04505,宮城県,遠田郡,美里町,58
2015,04581,宮城県,牡鹿郡,女川町,59
2015,04606,宮城県,本吉郡,南三陸町,60
2015,05201,秋田県,,秋田市,62
2015,05202,秋田県,,能代市,63
2015,05203,秋田県,,横手市,64
2015,05204,秋田県,,大館市,65
2015,05206,秋田県,,男鹿市,62
2015,05207,秋田県,,湯沢市,64
2015,05209,秋田県,,鹿角市,65
2015,05210,秋田県,,由利本荘市,66
2015,05211,秋田県,,潟上市,62
2015,05212,秋田県,,大仙市,64
2015,05213,秋田県,,北秋田市,65
2015,05214,秋田県,,にかほ市,66
2015,05215,秋田県,,仙北市,64
2015,05303,秋田県,鹿角郡,小坂町,65
2015,05327,秋田県,北秋田郡,上小阿仁村,65
2015,05346,秋田県,山本郡,藤里町,63
2015,05348,秋田県,山本郡,三種町,63
2015,05349,秋田県,山本郡,八峰町,63
2015,05361,秋田県,南秋田郡,五城目町,62
2015,05363,秋田県,南秋田郡,八郎潟町,62
2015,05366,秋田県,南秋田郡,井川町,62
2015,05368,秋田県,南秋田郡,大潟村,62
2015,05434,秋田県,仙北郡,美郷町,64
2015,05463,秋田県,雄勝郡,羽後町,64
2015,05464,秋田県,雄勝郡,東成瀬村,64
2015,06201,山形県,,山形市,67
2015,06202,山形県,,米沢市,68
2015,06203,山形県,,鶴岡市,69
2015,06204,山形県,,酒田市,69
2015,06205,山形県,,新庄市,70
2015,06206,山形県,,寒河江市,67
2015,06207,山形県,,上山市,67
2015,06208,山形県,,村山市,67
2015,06209,山形県,,長井市,68
2015,06210,山形県,,天童市,67
2015,06211,山形県,,東根市,67
2015,06212,山形県,,尾花沢市,67
2015,06213,山形県,,南陽市,68
2015,06301,山形県,東村山郡,山辺町,67
2015,06302,山形県,東村山郡,中山町,67
2015,06321,山形県,西村山郡,河北町,67
2015,06322,山形県,西村山郡,西川町,67
2015,06323,山形県,西村山郡,朝日町,67
2015,06324,山形県,西村山郡,大江町,67
2015,06341,山形県,北村山郡,大石田町,67
2015,06361,山形県,最上郡,金山町,70
2015,06362,山形県,最上郡,最上町,70
2015,06363,山形県,最上郡,舟形町,70
2015,06364,山形県,最上郡,真室川町,70
2015,06365,山形県,最上郡,大蔵村,70
2015,06366,山形県,最上郡,鮭川村,70
2015,06367,山形県,最上郡,戸沢村,70
2015,06381,山形県,東置賜郡,高畠町,68
2015,06382,山形県,東置賜郡,川西町,68
2015,06401,山形県,西置賜郡,小国町,71
2015,06402,山形県,西置賜郡,白鷹町,68
2015,06403,山形県,西置賜郡,飯豊町,68
2015,06426,山形県,東田川郡,三川町,69
2015,06428,山形県,東田川郡,庄内町,69
2015,06461,山形県,飽海郡,遊佐町,69
2015,07201,福島県,,福島市,72
2015,07202,福島県,,会津若松市,73
2015,07203,福島県,,郡山市,72
2015,07204,福島県,,いわき市,72
2015,07205,福島県,,白河市,74
2015,07207,福島県,,須賀川市,74
2015,07208,福島県,,喜多方市,73
2015,07209,福島県,,相馬市,75
2015,07210,福島県,,二本松市,72
2015,07211,福島県,,田村市,72
2015,07212,福島県,,南相馬市,75
2015,07213,福島県,,伊達市,72
2015,07214,福島県,,本宮市,72
2015,07301,福島県,伊達郡,桑折町,72
2015,07303,福島県,伊達郡,国見町,72
2015,07308,福島県,伊達郡,川俣町,72
2015,07322,福島県,安達郡,大玉村,72
2015,07342,福島県,岩瀬郡,鏡石町,74
2015,07344,福島県,岩瀬郡,天栄村,74
2015,07362,福島県,南会津郡,下郷町,76
2015,07364,福島県,南会津郡,檜枝岐村,76
2015,07367,福島県,南会津郡,只見町,76
2015,07368,福島県,南会津郡,南会津町,76
2015,07402,福島県,耶麻郡,北塩原村,73
2015,07405,福島県,耶麻郡,西会津町,73
2015,07407,福島県,耶麻郡,磐梯町,73
2015,07408,福島県,耶麻郡,猪苗代町,73
2015,07421,福島県,河沼郡,会津坂下町,73
2015,07422,福島県,河沼郡,湯川村,73
2015,07423,福島県,河沼郡,柳津町,73
2015,07444,福島県,大沼郡,三島町,73
2015,07445,福島県,大沼郡,金山町,77
2015,07446,福島県,大沼郡,昭和村,77
2015,07447,福島県,大沼郡,会津美里町,73
2015,07461,福島県,西白河郡,西郷村,74
2015,07464,福島県,西白河郡,泉崎村,74
2015,07465,福島県,西白河郡,中島村,74
2015,07466,福島県,西白河郡,矢吹町,74
2015,07481,福島県,東白川郡,棚倉町,74
2015,07482,福島県,東白川郡,矢祭町,74
2015,07483,福島県,東白川郡,塙町,74
2015,07484,福島県,東白川郡,鮫川村,74
2015,07501,福島県,石川郡,石川町,74
2015,07502,福島県,石川郡,玉川村,74
2015,07503,福島県,石川郡,平田村,72
2015,07504,福島県,石川郡,浅川町,74
2015,07505,福島県,石川郡,古殿町,74
2015,07521,福島県,田村郡,三春町,72
2015,07522,福島県,田村郡,小野町,72
2015,07541,福島県,双葉郡,広野町,72
2015,07542,福島県,双葉郡,楢葉町,72
2015,07543,福島県,双葉郡,富岡町,NA
2015,07544,福島県,双葉郡,川内村,72
2015,07545,福島県,双葉郡,大熊町,NA
2015,07546,福島県,双葉郡,双葉町,NA
2015,07547,福島県,双葉郡,浪江町,NA
2015,07548,福島県,双葉郡,葛尾村,72
2015,07561,福島県,相馬郡,新地町,75
2015,07564,福島県,相馬郡,飯舘村,NA
2015,08201,茨城県,,水戸市,78
2015,08202,茨城県,,日立市,78
2015,08203,茨城県,,土浦市,79
2015,08204,茨城県,,古河市,80
2015,08205,茨城県,,石岡市,78
2015,08207,茨城県,,結城市,81
2015,08208,茨城県,,龍ヶ崎市,79
2015,08210,茨城県,,下妻市,81
2015,08211,茨城県,,常総市,79
2015,08212,茨城県,,常陸太田市,78
2015,08214,茨城県,,高萩市,78
2015,08215,茨城県,,北茨城市,78
2015,08216,茨城県,,笠間市,78
2015,08217,茨城県,,取手市,79
2015,08219,茨城県,,牛久市,79
2015,08220,茨城県,,つくば市,79
2015,08221,茨城県,,ひたちなか市,78
2015,08222,茨城県,,鹿嶋市,82
2015,08223,茨城県,,潮来市,82
2015,08224,茨城県,,守谷市,79
2015,08225,茨城県,,常陸大宮市,78
2015,08226,茨城県,,那珂市,78
2015,08227,茨城県,,筑西市,81
2015,08228,茨城県,,坂東市,79
2015,08229,茨城県,,稲敷市,79
2015,08230,茨城県,,かすみがうら市,79
2015,08231,茨城県,,桜川市,81
2015,08232,茨城県,,神栖市,82
2015,08233,茨城県,,行方市,82
2015,08234,茨城県,,鉾田市,82
2015,08235,茨城県,,つくばみらい市,79
2015,08236,茨城県,,小美玉市,78
2015,08302,茨城県,東茨城郡,茨城町,78
2015,08309,茨城県,東茨城郡,大洗町,78
2015,08310,茨城県,東茨城郡,城里町,78
2015,08341,茨城県,那珂郡,東海村,78
2015,08364,茨城県,久慈郡,大子町,78
2015,08442,茨城県,稲敷郡,美浦村,79
2015,08443,茨城県,稲敷郡,阿見町,79
2015,08447,茨城県,稲敷郡,河内町,79
2015,08521,茨城県,結城郡,八千代町,81
2015,08542,茨城県,猿島郡,五霞町,80
2015,08546,茨城県,猿島郡,境町,80
2015,08564,茨城県,北相馬郡,利根町,79
2015,09201,栃木県,,宇都宮市,83
2015,09202,栃木県,,足利市,84
2015,09203,栃木県,,栃木市,81
2015,09204,栃木県,,佐野市,84
2015,09205,栃木県,,鹿沼市,83
2015,09206,栃木県,,日光市,83
2015,09208,栃木県,,小山市,81
2015,09209,栃木県,,真岡市,83
2015,09210,栃木県,,大田原市,85
2015,09211,栃木県,,矢板市,85
2015,09213,栃木県,,那須塩原市,85
2015,09214,栃木県,,さくら市,83
2015,09215,栃木県,,那須烏山市,83
2015,09216,栃木県,,下野市,83
2015,09301,栃木県,河内郡,上三川町,83
2015,09342,栃木県,芳賀郡,益子町,83
2015,09343,栃木県,芳賀郡,茂木町,83
2015,09344,栃木県,芳賀郡,市貝町,83
2015,09345,栃木県,芳賀郡,芳賀町,83
2015,09361,栃木県,下都賀郡,壬生町,81
2015,09364,栃木県,下都賀郡,野木町,81
2015,09384,栃木県,塩谷郡,塩谷町,85
2015,09386,栃木県,塩谷郡,高根沢町,83
2015,09407,栃木県,那須郡,那須町,85
2015,09411,栃木県,那須郡,那珂川町,83
2015,10201,群馬県,,前橋市,86
2015,10202,群馬県,,高崎市,87
2015,10203,群馬県,,桐生市,86
2015,10204,群馬県,,伊勢崎市,86
2015,10205,群馬県,,太田市,84
2015,10206,群馬県,,沼田市,88
2015,10207,群馬県,,館林市,84
2015,10208,群馬県,,渋川市,86
2015,10209,群馬県,,藤岡市,87
2015,10210,群馬県,,富岡市,87
2015,10211,群馬県,,安中市,87
2015,10212,群馬県,,みどり市,86
2015,10344,群馬県,北群馬郡,榛東村,86
2015,10345,群馬県,北群馬郡,吉岡町,86
2015,10366,群馬県,多野郡,上野村,87
2015,10367,群馬県,多野郡,神流町,87
2015,10382,群馬県,甘楽郡,下仁田町,87
2015,10383,群馬県,甘楽郡,南牧村,87
2015,10384,群馬県,甘楽郡,甘楽町,87
2015,10421,群馬県,吾妻郡,中之条町,86
2015,10424,群馬県,吾妻郡,長野原町,89
2015,10425,群馬県,吾妻郡,嬬恋村,89
2015,10426,群馬県,吾妻郡,草津町,89
2015,10428,群馬県,吾妻郡,高山村,86
2015,10429,群馬県,吾妻郡,東吾妻町,86
2015,10443,群馬県,利根郡,片品村,88
2015,10444,群馬県,利根郡,川場村,88
2015,10448,群馬県,利根郡,昭和村,88
2015,10449,群馬県,利根郡,みなかみ町,88
2015,10464,群馬県,佐波郡,玉村町,86
2015,10521,群馬県,邑楽郡,板倉町,84
2015,10522,群馬県,邑楽郡,明和町,84
2015,10523,群馬県,邑楽郡,千代田町,84
2015,10524,群馬県,邑楽郡,大泉町,84
2015,10525,群馬県,邑楽郡,邑楽町,84
2015,11100,埼玉県,,さいたま市,90
2015,11201,埼玉県,,川越市,91
2015,11202,埼玉県,,熊谷市,92
2015,11203,埼玉県,,川口市,90
2015,11206,埼玉県,,行田市,92
2015,11207,埼玉県,,秩父市,92
2015,11208,埼玉県,,所沢市,91
2015,11209,埼玉県,,飯能市,91
2015,11210,埼玉県,,加須市,80
2015,11211,埼玉県,,本庄市,92
2015,11212,埼玉県,,東松山市,91
2015,11214,埼玉県,,春日部市,80
2015,11215,埼玉県,,狭山市,91
2015,11216,埼玉県,,羽生市,80
2015,11217,埼玉県,,鴻巣市,90
2015,11218,埼玉県,,深谷市,92
2015,11219,埼玉県,,上尾市,90
2015,11221,埼玉県,,草加市,93
2015,11222,埼玉県,,越谷市,93
2015,11223,埼玉県,,蕨市,90
2015,11224,埼玉県,,戸田市,90
2015,11225,埼玉県,,入間市,91
2015,11227,埼玉県,,朝霞市,94
2015,11228,埼玉県,,志木市,94
2015,11229,埼玉県,,和光市,94
2015,11230,埼玉県,,新座市,94
2015,11231,埼玉県,,桶川市,90
2015,11232,埼玉県,,久喜市,80
2015,11233,埼玉県,,北本市,90
2015,11234,埼玉県,,八潮市,93
2015,11235,埼玉県,,富士見市,94
2015,11237,埼玉県,,三郷市,93
2015,11238,埼玉県,,蓮田市,90
2015,11239,埼玉県,,坂戸市,91
2015,11240,埼玉県,,幸手市,80
2015,11241,埼玉県,,鶴ヶ島市,91
2015,11242,埼玉県,,日高市,91
2015,11243,埼玉県,,吉川市,93
2015,11245,埼玉県,,ふじみ野市,94
2015,11246,埼玉県,,白岡市,90
2015,11301,埼玉県,北足立郡,伊奈町,90
2015,11324,埼玉県,入間郡,三芳町,94
2015,11326,埼玉県,入間郡,毛呂山町,91
2015,11327,埼玉県,入間郡,越生町,91
2015,11341,埼玉県,比企郡,滑川町,91
2015,11342,埼玉県,比企郡,嵐山町,91
2015,11343,埼玉県,比企郡,小川町,91
2015,11346,埼玉県,比企郡,川島町,91
2015,11347,埼玉県,比企郡,吉見町,90
2015,11348,埼玉県,比企郡,鳩山町,91
2015,11349,埼玉県,比企郡,ときがわ町,91
2015,11361,埼玉県,秩父郡,横瀬町,92
2015,11362,埼玉県,秩父郡,皆野町,92
2015,11363,埼玉県,秩父郡,長瀞町,92
2015,11365,埼玉県,秩父郡,小鹿野町,92
2015,11369,埼玉県,秩父郡,東秩父村,91
2015,11381,埼玉県,児玉郡,美里町,92
2015,11383,埼玉県,児玉郡,神川町,92
2015,11385,埼玉県,児玉郡,上里町,92
2015,11408,埼玉県,大里郡,寄居町,92
2015,11442,埼玉県,南埼玉郡,宮代町,80
2015,11464,埼玉県,北葛飾郡,杉戸町,80
2015,11465,埼玉県,北葛飾郡,松伏町,93
2015,12100,千葉県,,千葉市,95
2015,12202,千葉県,,銚子市,82
2015,12203,千葉県,,市川市,94
2015,12204,千葉県,,船橋市,96
2015,12205,千葉県,,館山市,97
2015,12206,千葉県,,木更津市,98
2015,12207,千葉県,,松戸市,96
2015,12208,千葉県,,野田市,96
2015,12210,千葉県,,茂原市,95
2015,12211,千葉県,,成田市,99
2015,12212,千葉県,,佐倉市,99
2015,12213,千葉県,,東金市,95
2015,12215,千葉県,,旭市,99
2015,12216,千葉県,,習志野市,96
2015,12217,千葉県,,柏市,96
2015,12218,千葉県,,勝浦市,95
2015,12219,千葉県,,市原市,98
2015,12220,千葉県,,流山市,96
2015,12221,千葉県,,八千代市,96
2015,12222,千葉県,,我孫子市,96
2015,12223,千葉県,,鴨川市,97
2015,12224,千葉県,,鎌ヶ谷市,96
2015,12225,千葉県,,君津市,98
2015,12226,千葉県,,富津市,98
2015,12227,千葉県,,浦安市,94
2015,12228,千葉県,,四街道市,95
2015,12229,千葉県,,袖ヶ浦市,98
2015,12230,千葉県,,八街市,99
2015,12231,千葉県,,印西市,96
2015,12232,千葉県,,白井市,96
2015,12233,千葉県,,富里市,99
2015,12234,千葉県,,南房総市,97
2015,12235,千葉県,,匝瑳市,99
2015,12236,千葉県,,香取市,99
2015,12237,千葉県,,山武市,99
2015,12238,千葉県,,いすみ市,95
2015,12239,千葉県,,大網白里市,95
2015,12322,千葉県,印旛郡,酒々井町,99
2015,12329,千葉県,印旛郡,栄町,96
2015,12342,千葉県,香取郡,神崎町,99
2015,12347,千葉県,香取郡,多古町,99
2015,12349,千葉県,香取郡,東庄町,82
2015,12403,千葉県,山武郡,九十九里町,95
2015,12409,千葉県,山武郡,芝山町,99
2015,12410,千葉県,山武郡,横芝光町,99
2015,12421,千葉県,長生郡,一宮町,95
2015,12422,千葉県,長生郡,睦沢町,95
2015,12423,千葉県,長生郡,長生村,95
2015,12424,千葉県,長生郡,白子町,95
2015,12426,千葉県,長生郡,長柄町,95
2015,12427,千葉県,長生郡,長南町,95
2015,12441,千葉県,夷隅郡,大多喜町,95
2015,12443,千葉県,夷隅郡,御宿町,95
2015,12463,千葉県,安房郡,鋸南町,97
2015,13101,東京都,,千代田区,94
2015,13102,東京都,,中央区,94
2015,13103,東京都,,港区,94
2015,13104,東京都,,新宿区,94
2015,13105,東京都,,文京区,94
2015,13106,東京都,,台東区,94
2015,13107,東京都,,墨田区,94
2015,13108,東京都,,江東区,94
2015,13109,東京都,,品川区,94
2015,13110,東京都,,目黒区,94
2015,13111,東京都,,大田区,94
2015,13112,東京都,,世田谷区,94
2015,13113,東京都,,渋谷区,94
2015,13114,東京都,,中野区,94
2015,13115,東京都,,杉並区,94
2015,13116,東京都,,豊島区,94
2015,13117,東京都,,北区,94
2015,13118,東京都,,荒川区,94
2015,13119,東京都,,板橋区,94
2015,13120,東京都,,練馬区,94
2015,13121,東京都,,足立区,94
2015,13122,東京都,,葛飾区,94
2015,13123,東京都,,江戸川区,94
2015,13201,東京都,,八王子市,94
2015,13202,東京都,,立川市,100
2015,13203,東京都,,武蔵野市,94
2015,13204,東京都,,三鷹市,94
2015,13205,東京都,,青梅市,100
2015,13206,東京都,,府中市,94
2015,13207,東京都,,昭島市,100
2015,13208,東京都,,調布市,94
2015,13209,東京都,,町田市,94
2015,13210,東京都,,小金井市,94
2015,13211,東京都,,小平市,94
2015,13212,東京都,,日野市,94
2015,13213,東京都,,東村山市,94
2015,13214,東京都,,国分寺市,94
2015,13215,東京都,,国立市,94
2015,13218,東京都,,福生市,100
2015,13219,東京都,,狛江市,94
2015,13220,東京都,,東大和市,100
2015,13221,東京都,,清瀬市,94
2015,13222,東京都,,東久留米市,94
2015,13223,東京都,,武蔵村山市,100
2015,13224,東京都,,多摩市,94
2015,13225,東京都,,稲城市,94
2015,13227,東京都,,羽村市,100
2015,13228,東京都,,あきる野市,100
2015,13229,東京都,,西東京市,94
2015,13303,東京都,西多摩郡,瑞穂町,100
2015,13305,東京都,西多摩郡,日の出町,100
2015,13307,東京都,西多摩郡,檜原村,100
2015,13308,東京都,西多摩郡,奥多摩町,100
2015,13361,東京都,大島支庁,大島町,225
2015,13362,東京都,大島支庁,利島村,226
2015,13363,東京都,大島支庁,新島村,227
2015,13364,東京都,大島支庁,神津島村,228
2015,13381,東京都,三宅支庁,三宅村,229
2015,13382,東京都,三宅支庁,御蔵島村,230
2015,13401,東京都,八丈支庁,八丈町,231
2015,13402,東京都,八丈支庁,青ヶ島村,232
2015,13421,東京都,小笠原支庁,小笠原村,233
2015,14100,神奈川県,,横浜市,101
2015,14130,神奈川県,,川崎市,94
2015,14150,神奈川県,,相模原市,101
2015,14201,神奈川県,,横須賀市,101
2015,14203,神奈川県,,平塚市,101
2015,14204,神奈川県,,鎌倉市,101
2015,14205,神奈川県,,藤沢市,101
2015,14206,神奈川県,,小田原市,102
2015,14207,神奈川県,,茅ヶ崎市,101
2015,14208,神奈川県,,逗子市,101
2015,14210,神奈川県,,三浦市,101
2015,14211,神奈川県,,秦野市,102
2015,14212,神奈川県,,厚木市,101
2015,14213,神奈川県,,大和市,101
2015,14214,神奈川県,,伊勢原市,101
2015,14215,神奈川県,,海老名市,101
2015,14216,神奈川県,,座間市,101
2015,14217,神奈川県,,南足柄市,102
2015,14218,神奈川県,,綾瀬市,101
2015,14301,神奈川県,三浦郡,葉山町,101
2015,14321,神奈川県,高座郡,寒川町,101
2015,14341,神奈川県,中郡,大磯町,101
2015,14342,神奈川県,中郡,二宮町,101
2015,14361,神奈川県,足柄上郡,中井町,102
2015,14362,神奈川県,足柄上郡,大井町,102
2015,14363,神奈川県,足柄上郡,松田町,102
2015,14364,神奈川県,足柄上郡,山北町,102
2015,14366,神奈川県,足柄上郡,開成町,102
2015,14382,神奈川県,足柄下郡,箱根町,102
2015,14383,神奈川県,足柄下郡,真鶴町,102
2015,14384,神奈川県,足柄下郡,湯河原町,102
2015,14401,神奈川県,愛甲郡,愛川町,101
2015,14402,神奈川県,愛甲郡,清川村,101
2015,15100,新潟県,,新潟市,103
2015,15202,新潟県,,長岡市,104
2015,15204,新潟県,,三条市,103
2015,15205,新潟県,,柏崎市,104
2015,15206,新潟県,,新発田市,103
2015,15208,新潟県,,小千谷市,104
2015,15209,新潟県,,加茂市,103
2015,15210,新潟県,,十日町市,105
2015,15211,新潟県,,見附市,104
2015,15212,新潟県,,村上市,71
2015,15213,新潟県,,燕市,103
2015,15216,新潟県,,糸魚川市,106
2015,15217,新潟県,,妙高市,106
2015,15218,新潟県,,五泉市,103
2015,15222,新潟県,,上越市,106
2015,15223,新潟県,,阿賀野市,103
2015,15224,新潟県,,佐渡市,234
2015,15225,新潟県,,魚沼市,107
2015,15226,新潟県,,南魚沼市,107
2015,15227,新潟県,,胎内市,71
2015,15307,新潟県,北蒲原郡,聖籠町,103
2015,15342,新潟県,西蒲原郡,弥彦村,103
2015,15361,新潟県,南蒲原郡,田上町,103
2015,15385,新潟県,東蒲原郡,阿賀町,103
2015,15405,新潟県,三島郡,出雲崎町,104
2015,15461,新潟県,南魚沼郡,湯沢町,107
2015,15482,新潟県,中魚沼郡,津南町,105
2015,15504,新潟県,刈羽郡,刈羽村,104
2015,15581,新潟県,岩船郡,関川村,71
2015,15586,新潟県,岩船郡,粟島浦村,235
2015,16201,富山県,,富山市,108
2015,16202,富山県,,高岡市,109
2015,16204,富山県,,魚津市,108
2015,16205,富山県,,氷見市,109
2015,16206,富山県,,滑川市,108
2015,16207,富山県,,黒部市,108
2015,16208,富山県,,砺波市,109
2015,16209,富山県,,小矢部市,109
2015,16210,富山県,,南砺市,109
2015,16211,富山県,,射水市,109
2015,16321,富山県,中新川郡,舟橋村,108
2015,16322,富山県,中新川郡,上市町,108
2015,16323,富山県,中新川郡,立山町,108
2015,16342,富山県,下新川郡,入善町,108
2015,16343,富山県,下新川郡,朝日町,108
2015,17201,石川県,,金沢市,110
2015,17202,石川県,,七尾市,111
2015,17203,石川県,,小松市,110
2015,17204,石川県,,輪島市,112
2015,17205,石川県,,珠洲市,112
2015,17206,石川県,,加賀市,110
2015,17207,石川県,,羽咋市,111
2015,17209,石川県,,かほく市,110
2015,17210,石川県,,白山市,110
2015,17211,石川県,,能美市,110
2015,17212,石川県,,野々市市,110
2015,17324,石川県,能美郡,川北町,110
2015,17361,石川県,河北郡,津幡町,110
2015,17365,石川県,河北郡,内灘町,110
2015,17384,石川県,羽咋郡,志賀町,111
2015,17386,石川県,羽咋郡,宝達志水町,111
2015,17407,石川県,鹿島郡,中能登町,111
2015,17461,石川県,鳳珠郡,穴水町,112
2015,17463,石川県,鳳珠郡,能登町,112
2015,18201,福井県,,福井市,113
2015,18202,福井県,,敦賀市,114
2015,18204,福井県,,小浜市,114
2015,18205,福井県,,大野市,113
2015,18206,福井県,,勝山市,113
2015,18207,福井県,,鯖江市,113
2015,18208,福井県,,あわら市,113
2015,18209,福井県,,越前市,113
2015,18210,福井県,,坂井市,113
2015,18322,福井県,吉田郡,永平寺町,113
2015,18382,福井県,今立郡,池田町,113
2015,18404,福井県,南条郡,南越前町,113
2015,18423,福井県,丹生郡,越前町,113
2015,18442,福井県,三方郡,美浜町,114
2015,18481,福井県,大飯郡,高浜町,114
2015,18483,福井県,大飯郡,おおい町,114
2015,18501,福井県,三方上中郡,若狭町,114
2015,19201,山梨県,,甲府市,115
2015,19202,山梨県,,富士吉田市,116
2015,19204,山梨県,,都留市,116
2015,19205,山梨県,,山梨市,115
2015,19206,山梨県,,大月市,116
2015,19207,山梨県,,韮崎市,115
2015,19208,山梨県,,南アルプス市,115
2015,19209,山梨県,,北杜市,115
2015,19210,山梨県,,甲斐市,115
2015,19211,山梨県,,笛吹市,115
2015,19212,山梨県,,上野原市,117
2015,19213,山梨県,,甲州市,115
2015,19214,山梨県,,中央市,115
2015,19346,山梨県,西八代郡,市川三郷町,115
2015,19364,山梨県,南巨摩郡,早川町,115
2015,19365,山梨県,南巨摩郡,身延町,115
2015,19366,山梨県,南巨摩郡,南部町,118
2015,19368,山梨県,南巨摩郡,富士川町,115
2015,19384,山梨県,中巨摩郡,昭和町,115
2015,19422,山梨県,南都留郡,道志村,116
2015,19423,山梨県,南都留郡,西桂町,116
2015,19424,山梨県,南都留郡,忍野村,116
2015,19425,山梨県,南都留郡,山中湖村,116
2015,19429,山梨県,南都留郡,鳴沢村,116
2015,19430,山梨県,南都留郡,富士河口湖町,116
2015,19442,山梨県,北都留郡,小菅村,117
2015,19443,山梨県,北都留郡,丹波山村,117
2015,20201,長野県,,長野市,119
2015,20202,長野県,,松本市,120
2015,20203,長野県,,上田市,121
2015,20204,長野県,,岡谷市,122
2015,20205,長野県,,飯田市,123
2015,20206,長野県,,諏訪市,122
2015,20207,長野県,,須坂市,119
2015,20208,長野県,,小諸市,124
2015,20209,長野県,,伊那市,125
2015,20210,長野県,,駒ヶ根市,125
2015,20211,長野県,,中野市,119
2015,20212,長野県,,大町市,120
2015,20213,長野県,,飯山市,119
2015,20214,長野県,,茅野市,122
2015,20215,長野県,,塩尻市,120
2015,20217,長野県,,佐久市,124
2015,20218,長野県,,千曲市,121
2015,20219,長野県,,東御市,121
2015,20220,長野県,,安曇野市,120
2015,20303,長野県,南佐久郡,小海町,124
2015,20304,長野県,南佐久郡,川上村,124
2015,20305,長野県,南佐久郡,南牧村,124
2015,20306,長野県,南佐久郡,南相木村,124
2015,20307,長野県,南佐久郡,北相木村,124
2015,20309,長野県,南佐久郡,佐久穂町,124
2015,20321,長野県,北佐久郡,軽井沢町,124
2015,20323,長野県,北佐久郡,御代田町,124
2015,20324,長野県,北佐久郡,立科町,121
2015,20349,長野県,小県郡,青木村,121
2015,20350,長野県,小県郡,長和町,121
2015,20361,長野県,諏訪郡,下諏訪町,122
2015,20362,長野県,諏訪郡,富士見町,122
2015,20363,長野県,諏訪郡,原村,122
2015,20382,長野県,上伊那郡,辰野町,125
2015,20383,長野県,上伊那郡,箕輪町,125
2015,20384,長野県,上伊那郡,飯島町,125
2015,20385,長野県,上伊那郡,南箕輪村,125
2015,20386,長野県,上伊那郡,中川村,125
2015,20388,長野県,上伊那郡,宮田村,125
2015,20402,長野県,下伊那郡,松川町,123
2015,20403,長野県,下伊那郡,高森町,123
2015,20404,長野県,下伊那郡,阿南町,123
2015,20407,長野県,下伊那郡,阿智村,123
2015,20409,長野県,下伊那郡,平谷村,123
2015,20410,長野県,下伊那郡,根羽村,123
2015,20411,長野県,下伊那郡,下條村,123
2015,20412,長野県,下伊那郡,売木村,123
2015,20413,長野県,下伊那郡,天龍村,123
2015,20414,長野県,下伊那郡,泰阜村,123
2015,20415,長野県,下伊那郡,喬木村,123
2015,20416,長野県,下伊那郡,豊丘村,123
2015,20417,長野県,下伊那郡,大鹿村,123
2015,20422,長野県,木曽郡,上松町,126
2015,20423,長野県,木曽郡,南木曽町,127
2015,20425,長野県,木曽郡,木祖村,126
2015,20429,長野県,木曽郡,王滝村,126
2015,20430,長野県,木曽郡,大桑村,126
2015,20432,長野県,木曽郡,木曽町,126
2015,20446,長野県,東筑摩郡,麻績村,120
2015,20448,長野県,東筑摩郡,生坂村,120
2015,20450,長野県,東筑摩郡,山形村,120
2015,20451,長野県,東筑摩郡,朝日村,120
2015,20452,長野県,東筑摩郡,筑北村,120
2015,20481,長野県,北安曇郡,池田町,120
2015,20482,長野県,北安曇郡,松川村,120
2015,20485,長野県,北安曇郡,白馬村,128
2015,20486,長野県,北安曇郡,小谷村,128
2015,20521,長野県,埴科郡,坂城町,121
2015,20541,長野県,上高井郡,小布施町,119
2015,20543,長野県,上高井郡,高山村,119
2015,20561,長野県,下高井郡,山ノ内町,119
2015,20562,長野県,下高井郡,木島平村,119
2015,20563,長野県,下高井郡,野沢温泉村,119
2015,20583,長野県,上水内郡,信濃町,119
2015,20588,長野県,上水内郡,小川村,119
2015,20590,長野県,上水内郡,飯綱町,119
2015,20602,長野県,下水内郡,栄村,105
2015,21201,岐阜県,,岐阜市,129
2015,21202,岐阜県,,大垣市,129
2015,21203,岐阜県,,高山市,130
2015,21204,岐阜県,,多治見市,127
2015,21205,岐阜県,,関市,131
2015,21206,岐阜県,,中津川市,127
2015,21207,岐阜県,,美濃市,131
2015,21208,岐阜県,,瑞浪市,127
2015,21209,岐阜県,,羽島市,129
2015,21210,岐阜県,,恵那市,127
2015,21211,岐阜県,,美濃加茂市,131
2015,21212,岐阜県,,土岐市,127
2015,21213,岐阜県,,各務原市,129
2015,21214,岐阜県,,可児市,131
2015,21215,岐阜県,,山県市,129
2015,21216,岐阜県,,瑞穂市,129
2015,21217,岐阜県,,飛騨市,130
2015,21218,岐阜県,,本巣市,129
2015,21219,岐阜県,,郡上市,132
2015,21220,岐阜県,,下呂市,133
2015,21221,岐阜県,,海津市,129
2015,21302,岐阜県,羽島郡,岐南町,129
2015,21303,岐阜県,羽島郡,笠松町,129
2015,21341,岐阜県,養老郡,養老町,129
2015,21361,岐阜県,不破郡,垂井町,129
2015,21362,岐阜県,不破郡,関ヶ原町,129
2015,21381,岐阜県,安八郡,神戸町,129
2015,21382,岐阜県,安八郡,輪之内町,129
2015,21383,岐阜県,安八郡,安八町,129
2015,21401,岐阜県,揖斐郡,揖斐川町,129
2015,21403,岐阜県,揖斐郡,大野町,129
2015,21404,岐阜県,揖斐郡,池田町,129
2015,21421,岐阜県,本巣郡,北方町,129
2015,21501,岐阜県,加茂郡,坂祝町,131
2015,21502,岐阜県,加茂郡,富加町,131
2015,21503,岐阜県,加茂郡,川辺町,131
2015,21504,岐阜県,加茂郡,七宗町,131
2015,21505,岐阜県,加茂郡,八百津町,131
2015,21506,岐阜県,加茂郡,白川町,133
2015,21507,岐阜県,加茂郡,東白川村,133
2015,21521,岐阜県,可児郡,御嵩町,131
2015,21604,岐阜県,大野郡,白川村,130
2015,22100,静岡県,,静岡市,134
2015,22130,静岡県,,浜松市,135
2015,22203,静岡県,,沼津市,136
2015,22205,静岡県,,熱海市,102
2015,22206,静岡県,,三島市,136
2015,22207,静岡県,,富士宮市,118
2015,22208,静岡県,,伊東市,137
2015,22209,静岡県,,島田市,134
2015,22210,静岡県,,富士市,118
2015,22211,静岡県,,磐田市,135
2015,22212,静岡県,,焼津市,134
2015,22213,静岡県,,掛川市,135
2015,22214,静岡県,,藤枝市,134
2015,22215,静岡県,,御殿場市,136
2015,22216,静岡県,,袋井市,135
2015,22219,静岡県,,下田市,137
2015,22220,静岡県,,裾野市,136
2015,22221,静岡県,,湖西市,138
2015,22222,静岡県,,伊豆市,136
2015,22223,静岡県,,御前崎市,135
2015,22224,静岡県,,菊川市,135
2015,22225,静岡県,,伊豆の国市,136
2015,22226,静岡県,,牧之原市,134
2015,22301,静岡県,賀茂郡,東伊豆町,137
2015,22302,静岡県,賀茂郡,河津町,137
2015,22304,静岡県,賀茂郡,南伊豆町,137
2015,22305,静岡県,賀茂郡,松崎町,137
2015,22306,静岡県,賀茂郡,西伊豆町,137
2015,22325,静岡県,田方郡,函南町,136
2015,22341,静岡県,駿東郡,清水町,136
2015,22342,静岡県,駿東郡,長泉町,136
2015,22344,静岡県,駿東郡,小山町,136
2015,22424,静岡県,榛原郡,吉田町,134
2015,22429,静岡県,榛原郡,川根本町,134
2015,22461,静岡県,周智郡,森町,135
2015,23100,愛知県,,名古屋市,139
2015,23201,愛知県,,豊橋市,138
2015,23202,愛知県,,岡崎市,140
2015,23203,愛知県,,一宮市,139
2015,23204,愛知県,,瀬戸市,139
2015,23205,愛知県,,半田市,141
2015,23206,愛知県,,春日井市,139
2015,23207,愛知県,,豊川市,138
2015,23208,愛知県,,津島市,139
2015,23209,愛知県,,碧南市,140
2015,23210,愛知県,,刈谷市,140
2015,23211,愛知県,,豊田市,139
2015,23212,愛知県,,安城市,140
2015,23213,愛知県,,西尾市,140
2015,23214,愛知県,,蒲郡市,140
2015,23215,愛知県,,犬山市,139
2015,23216,愛知県,,常滑市,141
2015,23217,愛知県,,江南市,139
2015,23219,愛知県,,小牧市,139
2015,23220,愛知県,,稲沢市,139
2015,23221,愛知県,,新城市,138
2015,23222,愛知県,,東海市,141
2015,23223,愛知県,,大府市,141
2015,23224,愛知県,,知多市,141
2015,23225,愛知県,,知立市,140
2015,23226,愛知県,,尾張旭市,139
2015,23227,愛知県,,高浜市,140
2015,23228,愛知県,,岩倉市,139
2015,23229,愛知県,,豊明市,139
2015,23230,愛知県,,日進市,139
2015,23231,愛知県,,田原市,138
2015,23232,愛知県,,愛西市,139
2015,23233,愛知県,,清須市,139
2015,23234,愛知県,,北名古屋市,139
2015,23235,愛知県,,弥富市,139
2015,23236,愛知県,,みよし市,139
2015,23237,愛知県,,あま市,139
2015,23238,愛知県,,長久手市,139
2015,23302,愛知県,愛知郡,東郷町,139
2015,23342,愛知県,西春日井郡,豊山町,139
2015,23361,愛知県,丹羽郡,大口町,139
2015,23362,愛知県,丹羽郡,扶桑町,139
2015,23424,愛知県,海部郡,大治町,139
2015,23425,愛知県,海部郡,蟹江町,139
2015,23427,愛知県,海部郡,飛島村,139
2015,23441,愛知県,知多郡,阿久比町,141
2015,23442,愛知県,知多郡,東浦町,141
2015,23445,愛知県,知多郡,南知多町,141
2015,23446,愛知県,知多郡,美浜町,141
2015,23447,愛知県,知多郡,武豊町,141
2015,23501,愛知県,額田郡,幸田町,140
2015,23561,愛知県,北設楽郡,設楽町,138
2015,23562,愛知県,北設楽郡,東栄町,138
2015,23563,愛知県,北設楽郡,豊根村,138
2015,24201,三重県,,津市,142
2015,24202,三重県,,四日市市,142
2015,24203,三重県,,伊勢市,143
2015,24204,三重県,,松阪市,143
2015,24205,三重県,,桑名市,142
2015,24207,三重県,,鈴鹿市,142
2015,24208,三重県,,名張市,144
2015,24209,三重県,,尾鷲市,145
2015,24210,三重県,,亀山市,142
2015,24211,三重県,,鳥羽市,143
2015,24212,三重県,,熊野市,146
2015,24214,三重県,,いなべ市,142
2015,24215,三重県,,志摩市,143
2015,24216,三重県,,伊賀市,144
2015,24303,三重県,桑名郡,木曽岬町,139
2015,24324,三重県,員弁郡,東員町,142
2015,24341,三重県,三重郡,菰野町,142
2015,24343,三重県,三重郡,朝日町,142
2015,24344,三重県,三重郡,川越町,142
2015,24441,三重県,多気郡,多気町,143
2015,24442,三重県,多気郡,明和町,143
2015,24443,三重県,多気郡,大台町,143
2015,24461,三重県,度会郡,玉城町,143
2015,24470,三重県,度会郡,度会町,143
2015,24471,三重県,度会郡,大紀町,143
2015,24472,三重県,度会郡,南伊勢町,143
2015,24543,三重県,北牟婁郡,紀北町,145
2015,24561,三重県,南牟婁郡,御浜町,146
2015,24562,三重県,南牟婁郡,紀宝町,146
2015,25201,滋賀県,,大津市,147
2015,25202,滋賀県,,彦根市,147
2015,25203,滋賀県,,長浜市,147
2015,25204,滋賀県,,近江八幡市,147
2015,25206,滋賀県,,草津市,147
2015,25207,滋賀県,,守山市,147
2015,25208,滋賀県,,栗東市,147
2015,25209,滋賀県,,甲賀市,147
2015,25210,滋賀県,,野洲市,147
2015,25211,滋賀県,,湖南市,147
2015,25212,滋賀県,,高島市,148
2015,25213,滋賀県,,東近江市,147
2015,25214,滋賀県,,米原市,147
2015,25383,滋賀県,蒲生郡,日野町,147
2015,25384,滋賀県,蒲生郡,竜王町,147
2015,25425,滋賀県,愛知郡,愛荘町,147
2015,25441,滋賀県,犬上郡,豊郷町,147
2015,25442,滋賀県,犬上郡,甲良町,147
2015,25443,滋賀県,犬上郡,多賀町,147
2015,26100,京都府,,京都市,149
2015,26201,京都府,,福知山市,150
2015,26202,京都府,,舞鶴市,114
2015,26203,京都府,,綾部市,150
2015,26204,京都府,,宇治市,149
2015,26205,京都府,,宮津市,151
2015,26206,京都府,,亀岡市,150
2015,26207,京都府,,城陽市,149
2015,26208,京都府,,向日市,149
2015,26209,京都府,,長岡京市,149
2015,26210,京都府,,八幡市,152
2015,26211,京都府,,京田辺市,149
2015,26212,京都府,,京丹後市,151
2015,26213,京都府,,南丹市,150
2015,26214,京都府,,木津川市,149
2015,26303,京都府,乙訓郡,大山崎町,149
2015,26322,京都府,久世郡,久御山町,149
2015,26343,京都府,綴喜郡,井手町,149
2015,26344,京都府,綴喜郡,宇治田原町,149
2015,26364,京都府,相楽郡,笠置町,149
2015,26365,京都府,相楽郡,和束町,149
2015,26366,京都府,相楽郡,精華町,149
2015,26367,京都府,相楽郡,南山城村,144
2015,26407,京都府,船井郡,京丹波町,150
2015,26463,京都府,与謝郡,伊根町,151
2015,26465,京都府,与謝郡,与謝野町,151
2015,27100,大阪府,,大阪市,152
2015,27140,大阪府,,堺市,153
2015,27202,大阪府,,岸和田市,153
2015,27203,大阪府,,豊中市,152
2015,27204,大阪府,,池田市,152
2015,27205,大阪府,,吹田市,152
2015,27206,大阪府,,泉大津市,153
2015,27207,大阪府,,高槻市,152
2015,27208,大阪府,,貝塚市,153
2015,27209,大阪府,,守口市,152
2015,27210,大阪府,,枚方市,152
2015,27211,大阪府,,茨木市,152
2015,27212,大阪府,,八尾市,154
2015,27213,大阪府,,泉佐野市,153
2015,27214,大阪府,,富田林市,154
2015,27215,大阪府,,寝屋川市,152
2015,27216,大阪府,,河内長野市,154
2015,27217,大阪府,,松原市,154
2015,27218,大阪府,,大東市,152
2015,27219,大阪府,,和泉市,153
2015,27220,大阪府,,箕面市,152
2015,27221,大阪府,,柏原市,154
2015,27222,大阪府,,羽曳野市,154
2015,27223,大阪府,,門真市,152
2015,27224,大阪府,,摂津市,152
2015,27225,大阪府,,高石市,153
2015,27226,大阪府,,藤井寺市,154
2015,27227,大阪府,,東大阪市,152
2015,27228,大阪府,,泉南市,153
2015,27229,大阪府,,四條畷市,152
2015,27230,大阪府,,交野市,152
2015,27231,大阪府,,大阪狭山市,153
2015,27232,大阪府,,阪南市,153
2015,27301,大阪府,三島郡,島本町,152
2015,27321,大阪府,豊能郡,豊能町,152
2015,27322,大阪府,豊能郡,能勢町,152
2015,27341,大阪府,泉北郡,忠岡町,153
2015,27361,大阪府,泉南郡,熊取町,153
2015,27362,大阪府,泉南郡,田尻町,153
2015,27366,大阪府,泉南郡,岬町,153
2015,27381,大阪府,南河内郡,太子町,154
2015,27382,大阪府,南河内郡,河南町,154
2015,27383,大阪府,南河内郡,千早赤阪村,154
2015,28100,兵庫県,,神戸市,155
2015,28201,兵庫県,,姫路市,156
2015,28202,兵庫県,,尼崎市,152
2015,28203,兵庫県,,明石市,155
2015,28204,兵庫県,,西宮市,152
2015,28205,兵庫県,,洲本市,157
2015,28206,兵庫県,,芦屋市,152
2015,28207,兵庫県,,伊丹市,152
2015,28208,兵庫県,,相生市,156
2015,28209,兵庫県,,豊岡市,158
2015,28210,兵庫県,,加古川市,155
2015,28212,兵庫県,,赤穂市,156
2015,28213,兵庫県,,西脇市,155
2015,28214,兵庫県,,宝塚市,152
2015,28215,兵庫県,,三木市,155
2015,28216,兵庫県,,高砂市,155
2015,28217,兵庫県,,川西市,152
2015,28218,兵庫県,,小野市,155
2015,28219,兵庫県,,三田市,159
2015,28220,兵庫県,,加西市,155
2015,28221,兵庫県,,篠山市,159
2015,28222,兵庫県,,養父市,158
2015,28223,兵庫県,,丹波市,159
2015,28224,兵庫県,,南あわじ市,157
2015,28225,兵庫県,,朝来市,158
2015,28226,兵庫県,,淡路市,157
2015,28227,兵庫県,,宍粟市,156
2015,28228,兵庫県,,加東市,155
2015,28229,兵庫県,,たつの市,156
2015,28301,兵庫県,川辺郡,猪名川町,152
2015,28365,兵庫県,多可郡,多可町,155
2015,28381,兵庫県,加古郡,稲美町,155
2015,28382,兵庫県,加古郡,播磨町,155
2015,28442,兵庫県,神崎郡,市川町,156
2015,28443,兵庫県,神崎郡,福崎町,156
2015,28446,兵庫県,神崎郡,神河町,156
2015,28464,兵庫県,揖保郡,太子町,156
2015,28481,兵庫県,赤穂郡,上郡町,156
2015,28501,兵庫県,佐用郡,佐用町,156
2015,28585,兵庫県,美方郡,香美町,158
2015,28586,兵庫県,美方郡,新温泉町,158
2015,29201,奈良県,,奈良市,160
2015,29202,奈良県,,大和高田市,161
2015,29203,奈良県,,大和郡山市,160
2015,29204,奈良県,,天理市,160
2015,29205,奈良県,,橿原市,161
2015,29206,奈良県,,桜井市,144
2015,29207,奈良県,,五條市,161
2015,29208,奈良県,,御所市,161
2015,29209,奈良県,,生駒市,160
2015,29210,奈良県,,香芝市,160
2015,29211,奈良県,,葛城市,161
2015,29212,奈良県,,宇陀市,144
2015,29322,奈良県,山辺郡,山添村,144
2015,29342,奈良県,生駒郡,平群町,160
2015,29343,奈良県,生駒郡,三郷町,160
2015,29344,奈良県,生駒郡,斑鳩町,160
2015,29345,奈良県,生駒郡,安堵町,160
2015,29361,奈良県,磯城郡,川西町,160
2015,29362,奈良県,磯城郡,三宅町,160
2015,29363,奈良県,磯城郡,田原本町,160
2015,29385,奈良県,宇陀郡,曽爾村,144
2015,29386,奈良県,宇陀郡,御杖村,144
2015,29401,奈良県,高市郡,高取町,161
2015,29402,奈良県,高市郡,明日香村,161
2015,29424,奈良県,北葛城郡,上牧町,160
2015,29425,奈良県,北葛城郡,王寺町,160
2015,29426,奈良県,北葛城郡,広陵町,160
2015,29427,奈良県,北葛城郡,河合町,160
2015,29441,奈良県,吉野郡,吉野町,161
2015,29442,奈良県,吉野郡,大淀町,161
2015,29443,奈良県,吉野郡,下市町,161
2015,29444,奈良県,吉野郡,黒滝村,161
2015,29446,奈良県,吉野郡,天川村,161
2015,29447,奈良県,吉野郡,野迫川村,162
2015,29449,奈良県,吉野郡,十津川村,163
2015,29450,奈良県,吉野郡,下北山村,146
2015,29451,奈良県,吉野郡,上北山村,146
2015,29452,奈良県,吉野郡,川上村,161
2015,29453,奈良県,吉野郡,東吉野村,144
2015,30201,和歌山県,,和歌山市,164
2015,30202,和歌山県,,海南市,164
2015,30203,和歌山県,,橋本市,162
2015,30204,和歌山県,,有田市,164
2015,30205,和歌山県,,御坊市,165
2015,30206,和歌山県,,田辺市,166
2015,30207,和歌山県,,新宮市,146
2015,30208,和歌山県,,紀の川市,164
2015,30209,和歌山県,,岩出市,164
2015,30304,和歌山県,海草郡,紀美野町,164
2015,30341,和歌山県,伊都郡,かつらぎ町,162
2015,30343,和歌山県,伊都郡,九度山町,162
2015,30344,和歌山県,伊都郡,高野町,162
2015,30361,和歌山県,有田郡,湯浅町,164
2015,30362,和歌山県,有田郡,広川町,164
2015,30366,和歌山県,有田郡,有田川町,164
2015,30381,和歌山県,日高郡,美浜町,165
2015,30382,和歌山県,日高郡,日高町,165
2015,30383,和歌山県,日高郡,由良町,165
2015,30390,和歌山県,日高郡,印南町,165
2015,30391,和歌山県,日高郡,みなべ町,166
2015,30392,和歌山県,日高郡,日高川町,165
2015,30401,和歌山県,西牟婁郡,白浜町,166
2015,30404,和歌山県,西牟婁郡,上富田町,166
2015,30406,和歌山県,西牟婁郡,すさみ町,166
2015,30421,和歌山県,東牟婁郡,那智勝浦町,146
2015,30422,和歌山県,東牟婁郡,太地町,146
2015,30424,和歌山県,東牟婁郡,古座川町,146
2015,30427,和歌山県,東牟婁郡,北山村,146
2015,30428,和歌山県,東牟婁郡,串本町,146
2015,31201,鳥取県,,鳥取市,167
2015,31202,鳥取県,,米子市,168
2015,31203,鳥取県,,倉吉市,169
2015,31204,鳥取県,,境港市,168
2015,31302,鳥取県,岩美郡,岩美町,167
2015,31325,鳥取県,八頭郡,若桜町,167
2015,31328,鳥取県,八頭郡,智頭町,167
2015,31329,鳥取県,八頭郡,八頭町,167
2015,31364,鳥取県,東伯郡,三朝町,169
2015,31370,鳥取県,東伯郡,湯梨浜町,169
2015,31371,鳥取県,東伯郡,琴浦町,169
2015,31372,鳥取県,東伯郡,北栄町,169
2015,31384,鳥取県,西伯郡,日吉津村,168
2015,31386,鳥取県,西伯郡,大山町,168
2015,31389,鳥取県,西伯郡,南部町,168
2015,31390,鳥取県,西伯郡,伯耆町,168
2015,31401,鳥取県,日野郡,日南町,168
2015,31402,鳥取県,日野郡,日野町,168
2015,31403,鳥取県,日野郡,江府町,168
2015,32201,島根県,,松江市,170
2015,32202,島根県,,浜田市,171
2015,32203,島根県,,出雲市,170
2015,32204,島根県,,益田市,172
2015,32205,島根県,,大田市,171
2015,32206,島根県,,安来市,170
2015,32207,島根県,,江津市,171
2015,32209,島根県,,雲南市,170
2015,32343,島根県,仁多郡,奥出雲町,170
2015,32386,島根県,飯石郡,飯南町,170
2015,32441,島根県,邑智郡,川本町,171
2015,32448,島根県,邑智郡,美郷町,171
2015,32449,島根県,邑智郡,邑南町,171
2015,32501,島根県,鹿足郡,津和野町,172
2015,32505,島根県,鹿足郡,吉賀町,172
2015,32525,島根県,隠岐郡,海士町,236
2015,32526,島根県,隠岐郡,西ノ島町,237
2015,32527,島根県,隠岐郡,知夫村,238
2015,32528,島根県,隠岐郡,隠岐の島町,239
2015,33100,岡山県,,岡山市,173
2015,33202,岡山県,,倉敷市,173
2015,33203,岡山県,,津山市,174
2015,33204,岡山県,,玉野市,173
2015,33205,岡山県,,笠岡市,173
2015,33207,岡山県,,井原市,173
2015,33208,岡山県,,総社市,173
2015,33209,岡山県,,高梁市,175
2015,33210,岡山県,,新見市,175
2015,33211,岡山県,,備前市,173
2015,33212,岡山県,,瀬戸内市,173
2015,33213,岡山県,,赤磐市,173
2015,33214,岡山県,,真庭市,176
2015,33215,岡山県,,美作市,174
2015,33216,岡山県,,浅口市,173
2015,33346,岡山県,和気郡,和気町,173
2015,33423,岡山県,都窪郡,早島町,173
2015,33445,岡山県,浅口郡,里庄町,173
2015,33461,岡山県,小田郡,矢掛町,173
2015,33586,岡山県,真庭郡,新庄村,176
2015,33606,岡山県,苫田郡,鏡野町,174
2015,33622,岡山県,勝田郡,勝央町,174
2015,33623,岡山県,勝田郡,奈義町,174
2015,33643,岡山県,英田郡,西粟倉村,174
2015,33663,岡山県,久米郡,久米南町,174
2015,33666,岡山県,久米郡,美咲町,174
2015,33681,岡山県,加賀郡,吉備中央町,175
2015,34100,広島県,,広島市,177
2015,34202,広島県,,呉市,177
2015,34203,広島県,,竹原市,178
2015,34204,広島県,,三原市,178
2015,34205,広島県,,尾道市,178
2015,34207,広島県,,福山市,178
2015,34208,広島県,,府中市,178
2015,34209,広島県,,三次市,179
2015,34210,広島県,,庄原市,179
2015,34211,広島県,,大竹市,180
2015,34212,広島県,,東広島市,178
2015,34213,広島県,,廿日市市,177
2015,34214,広島県,,安芸高田市,177
2015,34215,広島県,,江田島市,177
2015,34302,広島県,安芸郡,府中町,177
2015,34304,広島県,安芸郡,海田町,177
2015,34307,広島県,安芸郡,熊野町,177
2015,34309,広島県,安芸郡,坂町,177
2015,34368,広島県,山県郡,安芸太田町,177
2015,34369,広島県,山県郡,北広島町,177
2015,34431,広島県,豊田郡,大崎上島町,240
2015,34462,広島県,世羅郡,世羅町,178
2015,34545,広島県,神石郡,神石高原町,178
2015,35201,山口県,,下関市,181
2015,35202,山口県,,宇部市,181
2015,35203,山口県,,山口市,181
2015,35204,山口県,,萩市,182
2015,35206,山口県,,防府市,181
2015,35207,山口県,,下松市,180
2015,35208,山口県,,岩国市,180
2015,35210,山口県,,光市,180
2015,35211,山口県,,長門市,182
2015,35212,山口県,,柳井市,180
2015,35213,山口県,,美祢市,181
2015,35215,山口県,,周南市,180
2015,35216,山口県,,山陽小野田市,181
2015,35305,山口県,大島郡,周防大島町,180
2015,35321,山口県,玖珂郡,和木町,180
2015,35341,山口県,熊毛郡,上関町,180
2015,35343,山口県,熊毛郡,田布施町,180
2015,35344,山口県,熊毛郡,平生町,180
2015,35502,山口県,阿武郡,阿武町,182
2015,36201,徳島県,,徳島市,183
2015,36202,徳島県,,鳴門市,183
2015,36203,徳島県,,小松島市,184
2015,36204,徳島県,,阿南市,184
2015,36205,徳島県,,吉野川市,183
2015,36206,徳島県,,阿波市,183
2015,36207,徳島県,,美馬市,185
2015,36208,徳島県,,三好市,185
2015,36301,徳島県,勝浦郡,勝浦町,184
2015,36302,徳島県,勝浦郡,上勝町,184
2015,36321,徳島県,名東郡,佐那河内村,183
2015,36341,徳島県,名西郡,石井町,183
2015,36342,徳島県,名西郡,神山町,183
2015,36368,徳島県,那賀郡,那賀町,184
2015,36383,徳島県,海部郡,牟岐町,184
2015,36387,徳島県,海部郡,美波町,184
2015,36388,徳島県,海部郡,海陽町,184
2015,36401,徳島県,板野郡,松茂町,183
2015,36402,徳島県,板野郡,北島町,183
2015,36403,徳島県,板野郡,藍住町,183
2015,36404,徳島県,板野郡,板野町,183
2015,36405,徳島県,板野郡,上板町,183
2015,36468,徳島県,美馬郡,つるぎ町,185
2015,36489,徳島県,三好郡,東みよし町,185
2015,37201,香川県,,高松市,186
2015,37202,香川県,,丸亀市,186
2015,37203,香川県,,坂出市,186
2015,37204,香川県,,善通寺市,186
2015,37205,香川県,,観音寺市,186
2015,37206,香川県,,さぬき市,186
2015,37207,香川県,,東かがわ市,186
2015,37208,香川県,,三豊市,186
2015,37322,香川県,小豆郡,土庄町,241
2015,37324,香川県,小豆郡,小豆島町,241
2015,37341,香川県,木田郡,三木町,186
2015,37364,香川県,香川郡,直島町,242
2015,37386,香川県,綾歌郡,宇多津町,186
2015,37387,香川県,綾歌郡,綾川町,186
2015,37403,香川県,仲多度郡,琴平町,186
2015,37404,香川県,仲多度郡,多度津町,186
2015,37406,香川県,仲多度郡,まんのう町,186
2015,38201,愛媛県,,松山市,187
2015,38202,愛媛県,,今治市,188
2015,38203,愛媛県,,宇和島市,189
2015,38204,愛媛県,,八幡浜市,190
2015,38205,愛媛県,,新居浜市,188
2015,38206,愛媛県,,西条市,188
2015,38207,愛媛県,,大洲市,190
2015,38210,愛媛県,,伊予市,187
2015,38213,愛媛県,,四国中央市,188
2015,38214,愛媛県,,西予市,190
2015,38215,愛媛県,,東温市,187
2015,38356,愛媛県,越智郡,上島町,243
2015,38386,愛媛県,上浮穴郡,久万高原町,187
2015,38401,愛媛県,伊予郡,松前町,187
2015,38402,愛媛県,伊予郡,砥部町,187
2015,38422,愛媛県,喜多郡,内子町,190
2015,38442,愛媛県,西宇和郡,伊方町,190
2015,38484,愛媛県,北宇和郡,松野町,189
2015,38488,愛媛県,北宇和郡,鬼北町,189
2015,38506,愛媛県,南宇和郡,愛南町,189
2015,39201,高知県,,高知市,191
2015,39202,高知県,,室戸市,192
2015,39203,高知県,,安芸市,192
2015,39204,高知県,,南国市,191
2015,39205,高知県,,土佐市,191
2015,39206,高知県,,須崎市,193
2015,39208,高知県,,宿毛市,194
2015,39209,高知県,,土佐清水市,194
2015,39210,高知県,,四万十市,194
2015,39211,高知県,,香南市,191
2015,39212,高知県,,香美市,191
2015,39301,高知県,安芸郡,東洋町,184
2015,39302,高知県,安芸郡,奈半利町,192
2015,39303,高知県,安芸郡,田野町,192
2015,39304,高知県,安芸郡,安田町,192
2015,39305,高知県,安芸郡,北川村,192
2015,39306,高知県,安芸郡,馬路村,192
2015,39307,高知県,安芸郡,芸西村,192
2015,39341,高知県,長岡郡,本山町,195
2015,39344,高知県,長岡郡,大豊町,195
2015,39363,高知県,土佐郡,土佐町,195
2015,39364,高知県,土佐郡,大川村,195
2015,39386,高知県,吾川郡,いの町,191
2015,39387,高知県,吾川郡,仁淀川町,191
2015,39401,高知県,高岡郡,中土佐町,193
2015,39402,高知県,高岡郡,佐川町,191
2015,39403,高知県,高岡郡,越知町,191
2015,39405,高知県,高岡郡,檮原町,193
2015,39410,高知県,高岡郡,日高村,191
2015,39411,高知県,高岡郡,津野町,193
2015,39412,高知県,高岡郡,四万十町,193
2015,39424,高知県,幡多郡,大月町,194
2015,39427,高知県,幡多郡,三原村,194
2015,39428,高知県,幡多郡,黒潮町,194
2015,40100,福岡県,,北九州市,196
2015,40130,福岡県,,福岡市,197
2015,40202,福岡県,,大牟田市,198
2015,40203,福岡県,,久留米市,199
2015,40204,福岡県,,直方市,196
2015,40205,福岡県,,飯塚市,200
2015,40206,福岡県,,田川市,200
2015,40207,福岡県,,柳川市,199
2015,40210,福岡県,,八女市,199
2015,40211,福岡県,,筑後市,199
2015,40212,福岡県,,大川市,199
2015,40213,福岡県,,行橋市,196
2015,40214,福岡県,,豊前市,201
2015,40215,福岡県,,中間市,196
2015,40216,福岡県,,小郡市,199
2015,40217,福岡県,,筑紫野市,197
2015,40218,福岡県,,春日市,197
2015,40219,福岡県,,大野城市,197
2015,40220,福岡県,,宗像市,196
2015,40221,福岡県,,太宰府市,197
2015,40223,福岡県,,古賀市,197
2015,40224,福岡県,,福津市,197
2015,40225,福岡県,,うきは市,199
2015,40226,福岡県,,宮若市,196
2015,40227,福岡県,,嘉麻市,200
2015,40228,福岡県,,朝倉市,199
2015,40229,福岡県,,みやま市,199
2015,40230,福岡県,,糸島市,197
2015,40305,福岡県,筑紫郡,那珂川町,197
2015,40341,福岡県,糟屋郡,宇美町,197
2015,40342,福岡県,糟屋郡,篠栗町,197
2015,40343,福岡県,糟屋郡,志免町,197
2015,40344,福岡県,糟屋郡,須恵町,197
2015,40345,福岡県,糟屋郡,新宮町,197
2015,40348,福岡県,糟屋郡,久山町,197
2015,40349,福岡県,糟屋郡,粕屋町,197
2015,40381,福岡県,遠賀郡,芦屋町,196
2015,40382,福岡県,遠賀郡,水巻町,196
2015,40383,福岡県,遠賀郡,岡垣町,196
2015,40384,福岡県,遠賀郡,遠賀町,196
2015,40401,福岡県,鞍手郡,小竹町,196
2015,40402,福岡県,鞍手郡,鞍手町,196
2015,40421,福岡県,嘉穂郡,桂川町,200
2015,40447,福岡県,朝倉郡,筑前町,199
2015,40448,福岡県,朝倉郡,東峰村,202
2015,40503,福岡県,三井郡,大刀洗町,199
2015,40522,福岡県,三潴郡,大木町,199
2015,40544,福岡県,八女郡,広川町,199
2015,40601,福岡県,田川郡,香春町,200
2015,40602,福岡県,田川郡,添田町,200
2015,40604,福岡県,田川郡,糸田町,200
2015,40605,福岡県,田川郡,川崎町,200
2015,40608,福岡県,田川郡,大任町,200
2015,40609,福岡県,田川郡,赤村,200
2015,40610,福岡県,田川郡,福智町,200
2015,40621,福岡県,京都郡,苅田町,196
2015,40625,福岡県,京都郡,みやこ町,196
2015,40642,福岡県,築上郡,吉富町,201
2015,40646,福岡県,築上郡,上毛町,201
2015,40647,福岡県,築上郡,築上町,196
2015,41201,佐賀県,,佐賀市,203
2015,41202,佐賀県,,唐津市,204
2015,41203,佐賀県,,鳥栖市,199
2015,41204,佐賀県,,多久市,203
2015,41205,佐賀県,,伊万里市,204
2015,41206,佐賀県,,武雄市,203
2015,41207,佐賀県,,鹿島市,203
2015,41208,佐賀県,,小城市,203
2015,41209,佐賀県,,嬉野市,203
2015,41210,佐賀県,,神埼市,203
2015,41327,佐賀県,神埼郡,吉野ヶ里町,199
2015,41341,佐賀県,三養基郡,基山町,199
2015,41345,佐賀県,三養基郡,上峰町,199
2015,41346,佐賀県,三養基郡,みやき町,199
2015,41387,佐賀県,東松浦郡,玄海町,204
2015,41401,佐賀県,西松浦郡,有田町,204
2015,41423,佐賀県,杵島郡,大町町,203
2015,41424,佐賀県,杵島郡,江北町,203
2015,41425,佐賀県,杵島郡,白石町,203
2015,41441,佐賀県,藤津郡,太良町,203
2015,42201,長崎県,,長崎市,205
2015,42202,長崎県,,佐世保市,206
2015,42203,長崎県,,島原市,207
2015,42204,長崎県,,諫早市,205
2015,42205,長崎県,,大村市,205
2015,42207,長崎県,,平戸市,206
2015,42208,長崎県,,松浦市,206
2015,42209,長崎県,,対馬市,244
2015,42210,長崎県,,壱岐市,245
2015,42211,長崎県,,五島市,246
2015,42212,長崎県,,西海市,206
2015,42213,長崎県,,雲仙市,205
2015,42214,長崎県,,南島原市,207
2015,42307,長崎県,西彼杵郡,長与町,205
2015,42308,長崎県,西彼杵郡,時津町,205
2015,42321,長崎県,東彼杵郡,東彼杵町,205
2015,42322,長崎県,東彼杵郡,川棚町,206
2015,42323,長崎県,東彼杵郡,波佐見町,206
2015,42383,長崎県,北松浦郡,小値賀町,247
2015,42391,長崎県,北松浦郡,佐々町,206
2015,42411,長崎県,南松浦郡,新上五島町,248
2015,43100,熊本県,,熊本市,208
2015,43202,熊本県,,八代市,208
2015,43203,熊本県,,人吉市,209
2015,43204,熊本県,,荒尾市,198
2015,43205,熊本県,,水俣市,210
2015,43206,熊本県,,玉名市,198
2015,43208,熊本県,,山鹿市,198
2015,43210,熊本県,,菊池市,208
2015,43211,熊本県,,宇土市,208
2015,43212,熊本県,,上天草市,211
2015,43213,熊本県,,宇城市,208
2015,43214,熊本県,,阿蘇市,212
2015,43215,熊本県,,天草市,211
2015,43216,熊本県,,合志市,208
2015,43348,熊本県,下益城郡,美里町,208
2015,43364,熊本県,玉名郡,玉東町,198
2015,43367,熊本県,玉名郡,南関町,198
2015,43368,熊本県,玉名郡,長洲町,198
2015,43369,熊本県,玉名郡,和水町,198
2015,43403,熊本県,菊池郡,大津町,208
2015,43404,熊本県,菊池郡,菊陽町,208
2015,43423,熊本県,阿蘇郡,南小国町,212
2015,43424,熊本県,阿蘇郡,小国町,212
2015,43425,熊本県,阿蘇郡,産山村,212
2015,43428,熊本県,阿蘇郡,高森町,212
2015,43432,熊本県,阿蘇郡,西原村,208
2015,43433,熊本県,阿蘇郡,南阿蘇村,212
2015,43441,熊本県,上益城郡,御船町,208
2015,43442,熊本県,上益城郡,嘉島町,208
2015,43443,熊本県,上益城郡,益城町,208
2015,43444,熊本県,上益城郡,甲佐町,208
2015,43447,熊本県,上益城郡,山都町,213
2015,43468,熊本県,八代郡,氷川町,208
2015,43482,熊本県,葦北郡,芦北町,210
2015,43484,熊本県,葦北郡,津奈木町,210
2015,43501,熊本県,球磨郡,錦町,209
2015,43505,熊本県,球磨郡,多良木町,209
2015,43506,熊本県,球磨郡,湯前町,209
2015,43507,熊本県,球磨郡,水上村,209
2015,43510,熊本県,球磨郡,相良村,209
2015,43511,熊本県,球磨郡,五木村,209
2015,43512,熊本県,球磨郡,山江村,209
2015,43513,熊本県,球磨郡,球磨村,209
2015,43514,熊本県,球磨郡,あさぎり町,209
2015,43531,熊本県,天草郡,苓北町,211
2015,44201,大分県,,大分市,214
2015,44202,大分県,,別府市,214
2015,44203,大分県,,中津市,201
2015,44204,大分県,,日田市,202
2015,44205,大分県,,佐伯市,214
2015,44206,大分県,,臼杵市,214
2015,44207,大分県,,津久見市,214
2015,44208,大分県,,竹田市,214
2015,44209,大分県,,豊後高田市,201
2015,44210,大分県,,杵築市,214
2015,44211,大分県,,宇佐市,201
2015,44212,大分県,,豊後大野市,214
2015,44213,大分県,,由布市,214
2015,44214,大分県,,国東市,214
2015,44322,大分県,東国東郡,姫島村,249
2015,44341,大分県,速見郡,日出町,214
2015,44461,大分県,玖珠郡,九重町,202
2015,44462,大分県,玖珠郡,玖珠町,202
2015,45201,宮崎県,,宮崎市,215
2015,45202,宮崎県,,都城市,216
2015,45203,宮崎県,,延岡市,217
2015,45204,宮崎県,,日南市,218
2015,45205,宮崎県,,小林市,216
2015,45206,宮崎県,,日向市,217
2015,45207,宮崎県,,串間市,218
2015,45208,宮崎県,,西都市,215
2015,45209,宮崎県,,えびの市,216
2015,45341,宮崎県,北諸県郡,三股町,216
2015,45361,宮崎県,西諸県郡,高原町,216
2015,45382,宮崎県,東諸県郡,国富町,215
2015,45383,宮崎県,東諸県郡,綾町,215
2015,45401,宮崎県,児湯郡,高鍋町,215
2015,45402,宮崎県,児湯郡,新富町,215
2015,45403,宮崎県,児湯郡,西米良村,219
2015,45404,宮崎県,児湯郡,木城町,215
2015,45405,宮崎県,児湯郡,川南町,215
2015,45406,宮崎県,児湯郡,都農町,215
2015,45421,宮崎県,東臼杵郡,門川町,217
2015,45429,宮崎県,東臼杵郡,諸塚村,217
2015,45430,宮崎県,東臼杵郡,椎葉村,220
2015,45431,宮崎県,東臼杵郡,美郷町,217
2015,45441,宮崎県,西臼杵郡,高千穂町,213
2015,45442,宮崎県,西臼杵郡,日之影町,213
2015,45443,宮崎県,西臼杵郡,五ヶ瀬町,213
2015,46201,鹿児島県,,鹿児島市,221
2015,46203,鹿児島県,,鹿屋市,222
2015,46204,鹿児島県,,枕崎市,221
2015,46206,鹿児島県,,阿久根市,223
2015,46208,鹿児島県,,出水市,223
2015,46210,鹿児島県,,指宿市,221
2015,46213,鹿児島県,,西之表市,250
2015,46214,鹿児島県,,垂水市,222
2015,46215,鹿児島県,,薩摩川内市,221
2015,46216,鹿児島県,,日置市,221
2015,46217,鹿児島県,,曽於市,216
2015,46218,鹿児島県,,霧島市,224
2015,46219,鹿児島県,,いちき串木野市,221
2015,46220,鹿児島県,,南さつま市,221
2015,46221,鹿児島県,,志布志市,222
2015,46222,鹿児島県,,奄美市,251
2015,46223,鹿児島県,,南九州市,221
2015,46224,鹿児島県,,伊佐市,224
2015,46225,鹿児島県,,姶良市,224
2015,46303,鹿児島県,鹿児島郡,三島村,252
2015,46304,鹿児島県,鹿児島郡,十島村,253
2015,46392,鹿児島県,薩摩郡,さつま町,221
2015,46404,鹿児島県,出水郡,長島町,223
2015,46452,鹿児島県,姶良郡,湧水町,224
2015,46468,鹿児島県,曽於郡,大崎町,222
2015,46482,鹿児島県,肝属郡,東串良町,222
2015,46490,鹿児島県,肝属郡,錦江町,222
2015,46491,鹿児島県,肝属郡,南大隅町,222
2015,46492,鹿児島県,肝属郡,肝付町,222
2015,46501,鹿児島県,熊毛郡,中種子町,250
2015,46502,鹿児島県,熊毛郡,南種子町,250
2015,46505,鹿児島県,熊毛郡,屋久島町,254
2015,46523,鹿児島県,大島郡,大和村,251
2015,46524,鹿児島県,大島郡,宇検村,251
2015,46525,鹿児島県,大島郡,瀬戸内町,251
2015,46527,鹿児島県,大島郡,龍郷町,251
2015,46529,鹿児島県,大島郡,喜界町,255
2015,46530,鹿児島県,大島郡,徳之島町,256
2015,46531,鹿児島県,大島郡,天城町,256
2015,46532,鹿児島県,大島郡,伊仙町,256
2015,46533,鹿児島県,大島郡,和泊町,257
2015,46534,鹿児島県,大島郡,知名町,257
2015,46535,鹿児島県,大島郡,与論町,258
2015,47201,沖縄県,,那覇市,259
2015,47205,沖縄県,,宜野湾市,259
2015,47207,沖縄県,,石垣市,261
2015,47208,沖縄県,,浦添市,259
2015,47209,沖縄県,,名護市,260
2015,47210,沖縄県,,糸満市,259
2015,47211,沖縄県,,沖縄市,259
2015,47212,沖縄県,,豊見城市,259
2015,47213,沖縄県,,うるま市,259
2015,47214,沖縄県,,宮古島市,262
2015,47215,沖縄県,,南城市,259
2015,47301,沖縄県,国頭郡,国頭村,260
2015,47302,沖縄県,国頭郡,大宜味村,260
2015,47303,沖縄県,国頭郡,東村,260
2015,47306,沖縄県,国頭郡,今帰仁村,260
2015,47308,沖縄県,国頭郡,本部町,260
2015,47311,沖縄県,国頭郡,恩納村,259
2015,47313,沖縄県,国頭郡,宜野座村,259
2015,47314,沖縄県,国頭郡,金武町,259
2015,47315,沖縄県,国頭郡,伊江村,263
2015,47324,沖縄県,中頭郡,読谷村,259
2015,47325,沖縄県,中頭郡,嘉手納町,259
2015,47326,沖縄県,中頭郡,北谷町,259
2015,47327,沖縄県,中頭郡,北中城村,259
2015,47328,沖縄県,中頭郡,中城村,259
2015,47329,沖縄県,中頭郡,西原町,259
2015,47348,沖縄県,島尻郡,与那原町,259
2015,47350,沖縄県,島尻郡,南風原町,259
2015,47353,沖縄県,島尻郡,渡嘉敷村,264
2015,47354,沖縄県,島尻郡,座間味村,265
2015,47355,沖縄県,島尻郡,粟国村,266
2015,47356,沖縄県,島尻郡,渡名喜村,267
2015,47357,沖縄県,島尻郡,南大東村,268
2015,47358,沖縄県,島尻郡,北大東村,269
2015,47359,沖縄県,島尻郡,伊平屋村,270
2015,47360,沖縄県,島尻郡,伊是名村,271
2015,47361,沖縄県,島尻郡,久米島町,272
2015,47362,沖縄県,島尻郡,八重瀬町,259
2015,47375,沖縄県,宮古郡,多良間村,273
2015,47381,沖縄県,八重山郡,竹富町,274
2015,47382,沖縄県,八重山郡,与那国町,275
2020,01100,北海道,,札幌市,1
2020,01202,北海道,,函館市,2
2020,01203,北海道,,小樽市,3
2020,01204,北海道,,旭川市,4
2020,01205,北海道,,室蘭市,5
2020,01206,北海道,,釧路市,6
2020,01207,北海道,,帯広市,7
2020,01208,北海道,,北見市,8
2020,01209,北海道,,夕張市,1
2020,01210,北海道,,岩見沢市,1
2020,01211,北海道,,網走市,8
2020,01212,北海道,,留萌市,9
2020,01213,北海道,,苫小牧市,10
2020,01214,北海道,,稚内市,11
2020,01215,北海道,,美唄市,1
2020,01216,北海道,,芦別市,12
2020,01217,北海道,,江別市,1
2020,01218,北海道,,赤平市,12
2020,01219,北海道,,紋別市,13
2020,01220,北海道,,士別市,14
2020,01221,北海道,,名寄市,15
2020,01222,北海道,,三笠市,1
2020,01223,北海道,,根室市,16
2020,01224,北海道,,千歳市,10
2020,01225,北海道,,滝川市,12
2020,01226,北海道,,砂川市,12
2020,01227,北海道,,歌志内市,12
2020,01228,北海道,,深川市,17
2020,01229,北海道,,富良野市,18
2020,01230,北海道,,登別市,5
2020,01231,北海道,,恵庭市,10
2020,01233,北海道,,伊達市,5
2020,01234,北海道,,北広島市,1
2020,01235,北海道,,石狩市,1
2020,01236,北海道,,北斗市,2
2020,01303,北海道,石狩振興局,当別町,1
2020,01304,北海道,石狩振興局,新篠津村,1
2020,01331,北海道,渡島総合振興局,松前町,19
2020,01332,北海道,渡島総合振興局,福島町,19
2020,01333,北海道,渡島総合振興局,知内町,2
2020,01334,北海道,渡島総合振興局,木古内町,2
2020,01337,北海道,渡島総合振興局,七飯町,2
2020,01343,北海道,渡島総合振興局,鹿部町,2
2020,01345,北海道,渡島総合振興局,森町,2
2020,01346,北海道,渡島総合振興局,八雲町,20
2020,01347,北海道,渡島総合振興局,長万部町,20
2020,01361,北海道,檜山振興局,江差町,21
2020,01362,北海道,檜山振興局,上ノ国町,21
2020,01363,北海道,檜山振興局,厚沢部町,21
2020,01364,北海道,檜山振興局,乙部町,21
2020,01367,北海道,檜山振興局,奥尻町,42
2020,01370,北海道,檜山振興局,今金町,22
2020,01371,北海道,檜山振興局,せたな町,22
2020,01391,北海道,後志総合振興局,島牧村,23
2020,01392,北海道,後志総合振興局,寿都町,23
2020,01393,北海道,後志総合振興局,黒松内町,23
2020,01394,北海道,後志総合振興局,蘭越町,24
2020,01395,北海道,後志総合振興局,ニセコ町,24
2020,01396,北海道,後志総合振興局,真狩村,24
2020,01397,北海道,後志総合振興局,留寿都村,24
2020,01398,北海道,後志総合振興局,喜茂別町,24
2020,01399,北海道,後志総合振興局,京極町,24
2020,01400,北海道,後志総合振興局,倶知安町,24
2020,01401,北海道,後志総合振興局,共和町,25
2020,01402,北海道,後志総合振興局,岩内町,25
2020,01403,北海道,後志総合振興局,泊村,25
2020,01404,北海道,後志総合振興局,神恵内村,25
2020,01405,北海道,後志総合振興局,積丹町,3
2020,01406,北海道,後志総合振興局,古平町,3
2020,01407,北海道,後志総合振興局,仁木町,3
2020,01408,北海道,後志総合振興局,余市町,3
2020,01409,北海道,後志総合振興局,赤井川村,3
2020,01423,北海道,空知総合振興局,南幌町,1
2020,01424,北海道,空知総合振興局,奈井江町,12
2020,01425,北海道,空知総合振興局,上砂川町,12
2020,01427,北海道,空知総合振興局,由仁町,1
2020,01428,北海道,空知総合振興局,長沼町,1
2020,01429,北海道,空知総合振興局,栗山町,1
2020,01430,北海道,空知総合振興局,月形町,1
2020,01431,北海道,空知総合振興局,浦臼町,12
2020,01432,北海道,空知総合振興局,新十津川町,12
2020,01433,北海道,空知総合振興局,妹背牛町,17
2020,01434,北海道,空知総合振興局,秩父別町,17
2020,01436,北海道,空知総合振興局,雨竜町,12
2020,01437,北海道,空知総合振興局,北竜町,17
2020,01438,北海道,空知総合振興局,沼田町,17
2020,01452,北海道,上川総合振興局,鷹栖町,4
2020,01453,北海道,上川総合振興局,東神楽町,4
2020,01454,北海道,上川総合振興局,当麻町,4
2020,01455,北海道,上川総合振興局,比布町,4
2020,01456,北海道,上川総合振興局,愛別町,4
2020,01457,北海道,上川総合振興局,上川町,4
2020,01458,北海道,上川総合振興局,東川町,4
2020,01459,北海道,上川総合振興局,美瑛町,4
2020,01460,北海道,上川総合振興局,上富良野町,18
2020,01461,北海道,上川総合振興局,中富良野町,18
2020,01462,北海道,上川総合振興局,南富良野町,18
2020,01463,北海道,上川総合振興局,占冠村,18
2020,01464,北海道,上川総合振興局,和寒町,14
2020,01465,北海道,上川総合振興局,剣淵町,14
2020,01468,北海道,上川総合振興局,下川町,15
2020,01469,北海道,上川総合振興局,美深町,15
2020,01470,北海道,上川総合振興局,音威子府村,15
2020,01471,北海道,上川総合振興局,中川町,26
2020,01472,北海道,上川総合振興局,幌加内町,27
2020,01481,北海道,留萌振興局,増毛町,9
2020,01482,北海道,留萌振興局,小平町,9
2020,01483,北海道,留萌振興局,苫前町,28
2020,01484,北海道,留萌振興局,羽幌町,28
2020,01485,北海道,留萌振興局,初山別村,28
2020,01486,北海道,留萌振興局,遠別町,29
2020,01487,北海道,留萌振興局,天塩町,29
2020,01511,北海道,宗谷総合振興局,猿払村,30
2020,01512,北海道,宗谷総合振興局,浜頓別町,30
2020,01513,北海道,宗谷総合振興局,中頓別町,30
2020,01514,北海道,宗谷総合振興局,枝幸町,30
2020,01516,北海道,宗谷総合振興局,豊富町,11
2020,01517,北海道,宗谷総合振興局,礼文町,43
2020,01518,北海道,宗谷総合振興局,利尻町,44
2020,01519,北海道,宗谷総合振興局,利尻富士町,44
2020,01520,北海道,宗谷総合振興局,幌延町,11
2020,01543,北海道,オホーツク総合振興局,美幌町,8
2020,01544,北海道,オホーツク総合振興局,津別町,8
2020,01545,北海道,オホーツク総合振興局,斜里町,31
2020,01546,北海道,オホーツク総合振興局,清里町,31
2020,01547,北海道,オホーツク総合振興局,小清水町,31
2020,01549,北海道,オホーツク総合振興局,訓子府町,8
2020,01550,北海道,オホーツク総合振興局,置戸町,8
2020,01552,北海道,オホーツク総合振興局,佐呂間町,32
2020,01555,北海道,オホーツク総合振興局,遠軽町,32
2020,01559,北海道,オホーツク総合振興局,湧別町,32
2020,01560,北海道,オホーツク総合振興局,滝上町,13
2020,01561,北海道,オホーツク総合振興局,興部町,13
2020,01562,北海道,オホーツク総合振興局,西興部村,13
2020,01563,北海道,オホーツク総合振興局,雄武町,13
2020,01564,北海道,オホーツク総合振興局,大空町,8
2020,01571,北海道,胆振総合振興局,豊浦町,5
2020,01575,北海道,胆振総合振興局,壮瞥町,5
2020,01578,北海道,胆振総合振興局,白老町,10
2020,01581,北海道,胆振総合振興局,厚真町,10
2020,01584,北海道,胆振総合振興局,洞爺湖町,5
2020,01585,北海道,胆振総合振興局,安平町,10
2020,01586,北海道,胆振総合振興局,むかわ町,10
2020,01601,北海道,日高振興局,日高町,33
2020,01602,北海道,日高振興局,平取町,33
2020,01604,北海道,日高振興局,新冠町,33
2020,01607,北海道,日高振興局,浦河町,34
2020,01608,北海道,日高振興局,様似町,34
2020,01609,北海道,日高振興局,えりも町,34
2020,01610,北海道,日高振興局,新ひだか町,33
2020,01631,北海道,十勝総合振興局,音更町,7
2020,01632,北海道,十勝総合振興局,士幌町,7
2020,01633,北海道,十勝総合振興局,上士幌町,7
2020,01634,北海道,十勝総合振興局,鹿追町,7
2020,01635,北海道,十勝総合振興局,新得町,7
2020,01636,北海道,十勝総合振興局,清水町,7
2020,01637,北海道,十勝総合振興局,芽室町,7
2020,01638,北海道,十勝総合振興局,中札内村,7
2020,01639,北海道,十勝総合振興局,更別村,7
2020,01641,北海道,十勝総合振興局,大樹町,35
2020,01642,北海道,十勝総合振興局,広尾町,35
2020,01643,北海道,十勝総合振興局,幕別町,7
2020,01644,北海道,十勝総合振興局,池田町,7
2020,01645,北海道,十勝総合振興局,豊頃町,36
2020,01646,北海道,十勝総合振興局,本別町,37
2020,01647,北海道,十勝総合振興局,足寄町,37
2020,01648,北海道,十勝総合振興局,陸別町,37
2020,01649,北海道,十勝総合振興局,浦幌町,36
2020,01661,北海道,釧路総合振興局,釧路町,6
2020,01662,北海道,釧路総合振興局,厚岸町,38
2020,01663,北海道,釧路総合振興局,浜中町,38
2020,01664,北海道,釧路総合振興局,標茶町,39
2020,01665,北海道,釧路総合振興局,弟子屈町,39
2020,01667,北海道,釧路総合振興局,鶴居村,6
2020,01668,北海道,釧路総合振興局,白糠町,6
2020,01691,北海道,根室振興局,別海町,40
2020,01692,北海道,根室振興局,中標津町,40
2020,01693,北海道,根室振興局,標津町,40
2020,01694,北海道,根室振興局,羅臼町,41
2020,01695,北海道,根室振興局,色丹村,NA
2020,01696,北海道,根室振興局,泊村,NA
2020,01698,北海道,根室振興局,留別村,NA
2020,02201,青森県,,青森市,45
2020,02202,青森県,,弘前市,46
2020,02203,青森県,,八戸市,47
2020,02204,青森県,,黒石市,46
2020,02205,青森県,,五所川原市,48
2020,02206,青森県,,十和田市,49
2020,02207,青森県,,三沢市,49
2020,02208,青森県,,むつ市,50
2020,02209,青森県,,つがる市,48
2020,02210,青森県,,平川市,46
2020,02301,青森県,東津軽郡,平内町,45
2020,02303,青森県,東津軽郡,今別町,45
2020,02304,青森県,東津軽郡,蓬田村,45
2020,02307,青森県,東津軽郡,外ヶ浜町,45
2020,02321,青森県,西津軽郡,鰺ヶ沢町,48
2020,02323,青森県,西津軽郡,深浦町,48
2020,02343,青森県,中津軽郡,西目屋村,46
2020,02361,青森県,南津軽郡,藤崎町,46
2020,02362,青森県,南津軽郡,大鰐町,46
2020,02367,青森県,南津軽郡,田舎館村,46
2020,02381,青森県,北津軽郡,板柳町,46
2020,02384,青森県,北津軽郡,鶴田町,48
2020,02387,青森県,北津軽郡,中泊町,48
2020,02401,青森県,上北郡,野辺地町,49
2020,02402,青森県,上北郡,七戸町,49
2020,02405,青森県,上北郡,六戸町,49
2020,02406,青森県,上北郡,横浜町,50
2020,02408,青森県,上北郡,東北町,49
2020,02411,青森県,上北郡,六ヶ所村,49
2020,02412,青森県,上北郡,おいらせ町,49
2020,02423,青森県,下北郡,大間町,50
2020,02424,青森県,下北郡,東通村,50
2020,02425,青森県,下北郡,風間浦村,50
2020,02426,青森県,下北郡,佐井村,50
2020,02441,青森県,三戸郡,三戸町,47
2020,02442,青森県,三戸郡,五戸町,47
2020,02443,青森県,三戸郡,田子町,47
2020,02445,青森県,三戸郡,南部町,47
2020,02446,青森県,三戸郡,階上町,47
2020,02450,青森県,三戸郡,新郷村,47
2020,03201,岩手県,,盛岡市,51
2020,03202,岩手県,,宮古市,52
2020,03203,岩手県,,大船渡市,53
2020,03205,岩手県,,花巻市,51
2020,03206,岩手県,,北上市,54
2020,03207,岩手県,,久慈市,55
2020,03208,岩手県,,遠野市,53
2020,03209,岩手県,,一関市,54
2020,03210,岩手県,,陸前高田市,53
2020,03211,岩手県,,釜石市,52
2020,03213,岩手県,,二戸市,56
2020,03214,岩手県,,八幡平市,51
2020,03215,岩手県,,奥州市,54
2020,03216,岩手県,,滝沢市,51
2020,03301,岩手県,岩手郡,雫石町,51
2020,03302,岩手県,岩手郡,葛巻町,56
2020,03303,岩手県,岩手郡,岩手町,51
2020,03321,岩手県,紫波郡,紫波町,51
2020,03322,岩手県,紫波郡,矢巾町,51
2020,03366,岩手県,和賀郡,西和賀町,54
2020,03381,岩手県,胆沢郡,金ヶ崎町,54
2020,03402,岩手県,西磐井郡,平泉町,54
2020,03441,岩手県,気仙郡,住田町,53
2020,03461,岩手県,上閉伊郡,大槌町,52
2020,03482,岩手県,下閉伊郡,山田町,52
2020,03483,岩手県,下閉伊郡,岩泉町,55
2020,03484,岩手県,下閉伊郡,田野畑村,55
2020,03485,岩手県,下閉伊郡,普代村,55
2020,03501,岩手県,九戸郡,軽米町,56
2020,03503,岩手県,九戸郡,野田村,55
2020,03506,岩手県,九戸郡,九戸村,56
2020,03507,岩手県,九戸郡,洋野町,55
2020,03524,岩手県,二戸郡,一戸町,56
2020,04100,宮城県,,仙台市,57
2020,04202,宮城県,,石巻市,58
2020,04203,宮城県,,塩竈市,57
2020,04205,宮城県,,気仙沼市,59
2020,04206,宮城県,,白石市,60
2020,04207,宮城県,,名取市,57
2020,04208,宮城県,,角田市,60
2020,04209,宮城県,,多賀城市,57
2020,04211,宮城県,,岩沼市,57
2020,04212,宮城県,,登米市,59
2020,04213,宮城県,,栗原市,59
2020,04214,宮城県,,東松島市,58
2020,04215,宮城県,,大崎市,57
2020,04216,宮城県,,富谷市,57
2020,04301,宮城県,刈田郡,蔵王町,60
2020,04302,宮城県,刈田郡,七ヶ宿町,60
2020,04321,宮城県,柴田郡,大河原町,60
2020,04322,宮城県,柴田郡,村田町,60
2020,04323,宮城県,柴田郡,柴田町,60
2020,04324,宮城県,柴田郡,川崎町,60
2020,04341,宮城県,伊具郡,丸森町,60
2020,04361,宮城県,亘理郡,亘理町,60
2020,04362,宮城県,亘理郡,山元町,60
2020,04401,宮城県,宮城郡,松島町,57
2020,04404,宮城県,宮城郡,七ヶ浜町,57
2020,04406,宮城県,宮城郡,利府町,57
2020,04421,宮城県,黒川郡,大和町,57
2020,04422,宮城県,黒川郡,大郷町,57
2020,04424,宮城県,黒川郡,大衡村,57
2020,04444,宮城県,加美郡,色麻町,57
2020,04445,宮城県,加美郡,加美町,57
2020,04501,宮城県,遠田郡,涌谷町,57
2020,04505,宮城県,遠田郡,美里町,57
2020,04581,宮城県,牡鹿郡,女川町,58
2020,04606,宮城県,本吉郡,南三陸町,59
2020,05201,秋田県,,秋田市,61
2020,05202,秋田県,,能代市,62
2020,05203,秋田県,,横手市,63
2020,05204,秋田県,,大館市,64
2020,05206,秋田県,,男鹿市,61
2020,05207,秋田県,,湯沢市,63
2020,05209,秋田県,,鹿角市,64
2020,05210,秋田県,,由利本荘市,65
2020,05211,秋田県,,潟上市,61
2020,05212,秋田県,,大仙市,63
2020,05213,秋田県,,北秋田市,64
2020,05214,秋田県,,にかほ市,65
2020,05215,秋田県,,仙北市,63
2020,05303,秋田県,鹿角郡,小坂町,64
2020,05327,秋田県,北秋田郡,上小阿仁村,64
2020,05346,秋田県,山本郡,藤里町,62
2020,05348,秋田県,山本郡,三種町,62
2020,05349,秋田県,山本郡,八峰町,62
2020,05361,秋田県,南秋田郡,五城目町,61
2020,05363,秋田県,南秋田郡,八郎潟町,61
2020,05366,秋田県,南秋田郡,井川町,61
2020,05368,秋田県,南秋田郡,大潟村,61
2020,05434,秋田県,仙北郡,美郷町,63
2020,05463,秋田県,雄勝郡,羽後町,63
2020,05464,秋田県,雄勝郡,東成瀬村,63
2020,06201,山形県,,山形市,66
2020,06202,山形県,,米沢市,67
2020,06203,山形県,,鶴岡市,68
2020,06204,山形県,,酒田市,68
2020,06205,山形県,,新庄市,69
2020,06206,山形県,,寒河江市,66
2020,06207,山形県,,上山市,66
2020,06208,山形県,,村山市,66
2020,06209,山形県,,長井市,67
2020,06210,山形県,,天童市,66
2020,06211,山形県,,東根市,66
2020,06212,山形県,,尾花沢市,66
2020,06213,山形県,,南陽市,67
2020,06301,山形県,東村山郡,山辺町,66
2020,06302,山形県,東村山郡,中山町,66
2020,06321,山形県,西村山郡,河北町,66
2020,06322,山形県,西村山郡,西川町,66
2020,06323,山形県,西村山郡,朝日町,66
2020,06324,山形県,西村山郡,大江町,66
2020,06341,山形県,北村山郡,大石田町,66
2020,06361,山形県,最上郡,金山町,69
2020,06362,山形県,最上郡,最上町,69
2020,06363,山形県,最上郡,舟形町,69
2020,06364,山形県,最上郡,真室川町,69
2020,06365,山形県,最上郡,大蔵村,69
2020,06366,山形県,最上郡,鮭川村,69
2020,06367,山形県,最上郡,戸沢村,69
2020,06381,山形県,東置賜郡,高畠町,67
2020,06382,山形県,東置賜郡,川西町,67
2020,06401,山形県,西置賜郡,小国町,70
2020,06402,山形県,西置賜郡,白鷹町,67
2020,06403,山形県,西置賜郡,飯豊町,67
2020,06426,山形県,東田川郡,三川町,68
2020,06428,山形県,東田川郡,庄内町,68
2020,06461,山形県,飽海郡,遊佐町,68
2020,07201,福島県,,福島市,71
2020,07202,福島県,,会津若松市,72
2020,07203,福島県,,郡山市,73
2020,07204,福島県,,いわき市,74
2020,07205,福島県,,白河市,75
2020,07207,福島県,,須賀川市,75
2020,07208,福島県,,喜多方市,72
2020,07209,福島県,,相馬市,74
2020,07210,福島県,,二本松市,73
2020,07211,福島県,,田村市,73
2020,07212,福島県,,南相馬市,74
2020,07213,福島県,,伊達市,71
2020,07214,福島県,,本宮市,73
2020,07301,福島県,伊達郡,桑折町,71
2020,07303,福島県,伊達郡,国見町,71
2020,07308,福島県,伊達郡,川俣町,71
2020,07322,福島県,安達郡,大玉村,73
2020,07342,福島県,岩瀬郡,鏡石町,75
2020,07344,福島県,岩瀬郡,天栄村,75
2020,07362,福島県,南会津郡,下郷町,76
2020,07364,福島県,南会津郡,檜枝岐村,76
2020,07367,福島県,南会津郡,只見町,76
2020,07368,福島県,南会津郡,南会津町,76
2020,07402,福島県,耶麻郡,北塩原村,72
2020,07405,福島県,耶麻郡,西会津町,72
2020,07407,福島県,耶麻郡,磐梯町,72
2020,07408,福島県,耶麻郡,猪苗代町,72
2020,07421,福島県,河沼郡,会津坂下町,72
2020,07422,福島県,河沼郡,湯川村,72
2020,07423,福島県,河沼郡,柳津町,72
2020,07444,福島県,大沼郡,三島町,72
2020,07445,福島県,大沼郡,金山町,77
2020,07446,福島県,大沼郡,昭和村,77
2020,07447,福島県,大沼郡,会津美里町,72
2020,07461,福島県,西白河郡,西郷村,75
2020,07464,福島県,西白河郡,泉崎村,75
2020,07465,福島県,西白河郡,中島村,75
2020,07466,福島県,西白河郡,矢吹町,75
2020,07481,福島県,東白川郡,棚倉町,75
2020,07482,福島県,東白川郡,矢祭町,75
2020,07483,福島県,東白川郡,塙町,75
2020,07484,福島県,東白川郡,鮫川村,75
2020,07501,福島県,石川郡,石川町,75
2020,07502,福島県,石川郡,玉川村,75
2020,07503,福島県,石川郡,平田村,73
2020,07504,福島県,石川郡,浅川町,75
2020,07505,福島県,石川郡,古殿町,75
2020,07521,福島県,田村郡,三春町,73
2020,07522,福島県,田村郡,小野町,73
2020,07541,福島県,双葉郡,広野町,74
2020,07542,福島県,双葉郡,楢葉町,74
2020,07543,福島県,双葉郡,富岡町,74
2020,07544,福島県,双葉郡,川内村,73
2020,07545,福島県,双葉郡,大熊町,74
2020,07546,福島県,双葉郡,双葉町,NA
2020,07547,福島県,双葉郡,浪江町,74
2020,07548,福島県,双葉郡,葛尾村,73
2020,07561,福島県,相馬郡,新地町,74
2020,07564,福島県,相馬郡,飯舘村,71
2020,08201,茨城県,,水戸市,78
2020,08202,茨城県,,日立市,78
2020,08203,茨城県,,土浦市,79
2020,08204,茨城県,,古河市,80
2020,08205,茨城県,,石岡市,79
2020,08207,茨城県,,結城市,81
2020,08208,茨城県,,龍ヶ崎市,79
2020,08210,茨城県,,下妻市,81
2020,08211,茨城県,,常総市,79
2020,08212,茨城県,,常陸太田市,78
2020,08214,茨城県,,高萩市,78
2020,08215,茨城県,,北茨城市,78
2020,08216,茨城県,,笠間市,78
2020,08217,茨城県,,取手市,79
2020,08219,茨城県,,牛久市,79
2020,08220,茨城県,,つくば市,79
2020,08221,茨城県,,ひたちなか市,78
2020,08222,茨城県,,鹿嶋市,82
2020,08223,茨城県,,潮来市,82
2020,08224,茨城県,,守谷市,79
2020,08225,茨城県,,常陸大宮市,78
2020,08226,茨城県,,那珂市,78
2020,08227,茨城県,,筑西市,81
2020,08228,茨城県,,坂東市,79
2020,08229,茨城県,,稲敷市,79
2020,08230,茨城県,,かすみがうら市,79
2020,08231,茨城県,,桜川市,81
2020,08232,茨城県,,神栖市,82
2020,08233,茨城県,,行方市,82
2020,08234,茨城県,,鉾田市,82
2020,08235,茨城県,,つくばみらい市,79
2020,08236,茨城県,,小美玉市,79
2020,08302,茨城県,東茨城郡,茨城町,78
2020,08309,茨城県,東茨城郡,大洗町,78
2020,08310,茨城県,東茨城郡,城里町,78
2020,08341,茨城県,那珂郡,東海村,78
2020,08364,茨城県,久慈郡,大子町,78
2020,08442,茨城県,稲敷郡,美浦村,79
2020,08443,茨城県,稲敷郡,阿見町,79
2020,08447,茨城県,稲敷郡,河内町,79
2020,08521,茨城県,結城郡,八千代町,81
2020,08542,茨城県,猿島郡,五霞町,80
2020,08546,茨城県,猿島郡,境町,80
2020,08564,茨城県,北相馬郡,利根町,79
2020,09201,栃木県,,宇都宮市,83
2020,09202,栃木県,,足利市,84
2020,09203,栃木県,,栃木市,81
2020,09204,栃木県,,佐野市,84
2020,09205,栃木県,,鹿沼市,83
2020,09206,栃木県,,日光市,83
2020,09208,栃木県,,小山市,81
2020,09209,栃木県,,真岡市,83
2020,09210,栃木県,,大田原市,83
2020,09211,栃木県,,矢板市,83
2020,09213,栃木県,,那須塩原市,83
2020,09214,栃木県,,さくら市,83
2020,09215,栃木県,,那須烏山市,83
2020,09216,栃木県,,下野市,83
2020,09301,栃木県,河内郡,上三川町,83
2020,09342,栃木県,芳賀郡,益子町,83
2020,09343,栃木県,芳賀郡,茂木町,83
2020,09344,栃木県,芳賀郡,市貝町,83
2020,09345,栃木県,芳賀郡,芳賀町,83
2020,09361,栃木県,下都賀郡,壬生町,81
2020,09364,栃木県,下都賀郡,野木町,81
2020,09384,栃木県,塩谷郡,塩谷町,83
2020,09386,栃木県,塩谷郡,高根沢町,83
2020,09407,栃木県,那須郡,那須町,83
2020,09411,栃木県,那須郡,那珂川町,83
2020,10201,群馬県,,前橋市,85
2020,10202,群馬県,,高崎市,85
2020,10203,群馬県,,桐生市,84
2020,10204,群馬県,,伊勢崎市,85
2020,10205,群馬県,,太田市,84
2020,10206,群馬県,,沼田市,86
2020,10207,群馬県,,館林市,84
2020,10208,群馬県,,渋川市,85
2020,10209,群馬県,,藤岡市,85
2020,10210,群馬県,,富岡市,85
2020,10211,群馬県,,安中市,85
2020,10212,群馬県,,みどり市,84
2020,10344,群馬県,北群馬郡,榛東村,85
2020,10345,群馬県,北群馬郡,吉岡町,85
2020,10366,群馬県,多野郡,上野村,85
2020,10367,群馬県,多野郡,神流町,85
2020,10382,群馬県,甘楽郡,下仁田町,85
2020,10383,群馬県,甘楽郡,南牧村,85
2020,10384,群馬県,甘楽郡,甘楽町,85
2020,10421,群馬県,吾妻郡,中之条町,87
2020,10424,群馬県,吾妻郡,長野原町,87
2020,10425,群馬県,吾妻郡,嬬恋村,87
2020,10426,群馬県,吾妻郡,草津町,87
2020,10428,群馬県,吾妻郡,高山村,87
2020,10429,群馬県,吾妻郡,東吾妻町,87
2020,10443,群馬県,利根郡,片品村,86
2020,10444,群馬県,利根郡,川場村,86
2020,10448,群馬県,利根郡,昭和村,86
2020,10449,群馬県,利根郡,みなかみ町,86
2020,10464,群馬県,佐波郡,玉村町,85
2020,10521,群馬県,邑楽郡,板倉町,84
2020,10522,群馬県,邑楽郡,明和町,84
2020,10523,群馬県,邑楽郡,千代田町,84
2020,10524,群馬県,邑楽郡,大泉町,84
2020,10525,群馬県,邑楽郡,邑楽町,84
2020,11100,埼玉県,,さいたま市,80
2020,11201,埼玉県,,川越市,88
2020,11202,埼玉県,,熊谷市,89
2020,11203,埼玉県,,川口市,90
2020,11206,埼玉県,,行田市,89
2020,11207,埼玉県,,秩父市,89
2020,11208,埼玉県,,所沢市,88
2020,11209,埼玉県,,飯能市,88
2020,11210,埼玉県,,加須市,80
2020,11211,埼玉県,,本庄市,89
2020,11212,埼玉県,,東松山市,88
2020,11214,埼玉県,,春日部市,80
2020,11215,埼玉県,,狭山市,88
2020,11216,埼玉県,,羽生市,80
2020,11217,埼玉県,,鴻巣市,80
2020,11218,埼玉県,,深谷市,89
2020,11219,埼玉県,,上尾市,80
2020,11221,埼玉県,,草加市,91
2020,11222,埼玉県,,越谷市,91
2020,11223,埼玉県,,蕨市,90
2020,11224,埼玉県,,戸田市,90
2020,11225,埼玉県,,入間市,88
2020,11227,埼玉県,,朝霞市,92
2020,11228,埼玉県,,志木市,92
2020,11229,埼玉県,,和光市,90
2020,11230,埼玉県,,新座市,92
2020,11231,埼玉県,,桶川市,80
2020,11232,埼玉県,,久喜市,80
2020,11233,埼玉県,,北本市,80
2020,11234,埼玉県,,八潮市,91
2020,11235,埼玉県,,富士見市,92
2020,11237,埼玉県,,三郷市,91
2020,11238,埼玉県,,蓮田市,80
2020,11239,埼玉県,,坂戸市,88
2020,11240,埼玉県,,幸手市,80
2020,11241,埼玉県,,鶴ヶ島市,88
2020,11242,埼玉県,,日高市,88
2020,11243,埼玉県,,吉川市,91
2020,11245,埼玉県,,ふじみ野市,92
2020,11246,埼玉県,,白岡市,80
2020,11301,埼玉県,北足立郡,伊奈町,80
2020,11324,埼玉県,入間郡,三芳町,92
2020,11326,埼玉県,入間郡,毛呂山町,88
2020,11327,埼玉県,入間郡,越生町,88
2020,11341,埼玉県,比企郡,滑川町,88
2020,11342,埼玉県,比企郡,嵐山町,88
2020,11343,埼玉県,比企郡,小川町,88
2020,11346,埼玉県,比企郡,川島町,88
2020,11347,埼玉県,比企郡,吉見町,88
2020,11348,埼玉県,比企郡,鳩山町,88
2020,11349,埼玉県,比企郡,ときがわ町,88
2020,11361,埼玉県,秩父郡,横瀬町,89
2020,11362,埼玉県,秩父郡,皆野町,89
2020,11363,埼玉県,秩父郡,長瀞町,89
2020,11365,埼玉県,秩父郡,小鹿野町,89
2020,11369,埼玉県,秩父郡,東秩父村,88
2020,11381,埼玉県,児玉郡,美里町,89
2020,11383,埼玉県,児玉郡,神川町,89
2020,11385,埼玉県,児玉郡,上里町,89
2020,11408,埼玉県,大里郡,寄居町,89
2020,11442,埼玉県,南埼玉郡,宮代町,80
2020,11464,埼玉県,北葛飾郡,杉戸町,80
2020,11465,埼玉県,北葛飾郡,松伏町,91
2020,12100,千葉県,,千葉市,93
2020,12202,千葉県,,銚子市,82
2020,12203,千葉県,,市川市,90
2020,12204,千葉県,,船橋市,94
2020,12205,千葉県,,館山市,95
2020,12206,千葉県,,木更津市,96
2020,12207,千葉県,,松戸市,94
2020,12208,千葉県,,野田市,94
2020,12210,千葉県,,茂原市,97
2020,12211,千葉県,,成田市,93
2020,12212,千葉県,,佐倉市,93
2020,12213,千葉県,,東金市,93
2020,12215,千葉県,,旭市,82
2020,12216,千葉県,,習志野市,94
2020,12217,千葉県,,柏市,94
2020,12218,千葉県,,勝浦市,97
2020,12219,千葉県,,市原市,96
2020,12220,千葉県,,流山市,94
2020,12221,千葉県,,八千代市,94
2020,12222,千葉県,,我孫子市,94
2020,12223,千葉県,,鴨川市,95
2020,12224,千葉県,,鎌ヶ谷市,94
2020,12225,千葉県,,君津市,96
2020,12226,千葉県,,富津市,96
2020,12227,千葉県,,浦安市,90
2020,12228,千葉県,,四街道市,93
2020,12229,千葉県,,袖ヶ浦市,96
2020,12230,千葉県,,八街市,93
2020,12231,千葉県,,印西市,93
2020,12232,千葉県,,白井市,94
2020,12233,千葉県,,富里市,93
2020,12234,千葉県,,南房総市,95
2020,12235,千葉県,,匝瑳市,82
2020,12236,千葉県,,香取市,93
2020,12237,千葉県,,山武市,93
2020,12238,千葉県,,いすみ市,97
2020,12239,千葉県,,大網白里市,93
2020,12322,千葉県,印旛郡,酒々井町,93
2020,12329,千葉県,印旛郡,栄町,93
2020,12342,千葉県,香取郡,神崎町,93
2020,12347,千葉県,香取郡,多古町,93
2020,12349,千葉県,香取郡,東庄町,82
2020,12403,千葉県,山武郡,九十九里町,93
2020,12409,千葉県,山武郡,芝山町,93
2020,12410,千葉県,山武郡,横芝光町,93
2020,12421,千葉県,長生郡,一宮町,97
2020,12422,千葉県,長生郡,睦沢町,97
2020,12423,千葉県,長生郡,長生村,97
2020,12424,千葉県,長生郡,白子町,97
2020,12426,千葉県,長生郡,長柄町,97
2020,12427,千葉県,長生郡,長南町,97
2020,12441,千葉県,夷隅郡,大多喜町,97
2020,12443,千葉県,夷隅郡,御宿町,97
2020,12463,千葉県,安房郡,鋸南町,95
2020,13101,東京都,,千代田区,90
2020,13102,東京都,,中央区,90
2020,13103,東京都,,港区,90
2020,13104,東京都,,新宿区,90
2020,13105,東京都,,文京区,90
2020,13106,東京都,,台東区,90
2020,13107,東京都,,墨田区,90
2020,13108,東京都,,江東区,90
2020,13109,東京都,,品川区,90
2020,13110,東京都,,目黒区,90
2020,13111,東京都,,大田区,90
2020,13112,東京都,,世田谷区,90
2020,13113,東京都,,渋谷区,90
2020,13114,東京都,,中野区,90
2020,13115,東京都,,杉並区,90
2020,13116,東京都,,豊島区,90
2020,13117,東京都,,北区,90
2020,13118,東京都,,荒川区,90
2020,13119,東京都,,板橋区,90
2020,13120,東京都,,練馬区,90
2020,13121,東京都,,足立区,90
2020,13122,東京都,,葛飾区,90
2020,13123,東京都,,江戸川区,90
2020,13201,東京都,,八王子市,90
2020,13202,東京都,,立川市,98
2020,13203,東京都,,武蔵野市,90
2020,13204,東京都,,三鷹市,90
2020,13205,東京都,,青梅市,98
2020,13206,東京都,,府中市,90
2020,13207,東京都,,昭島市,98
2020,13208,東京都,,調布市,90
2020,13209,東京都,,町田市,90
2020,13210,東京都,,小金井市,90
2020,13211,東京都,,小平市,90
2020,13212,東京都,,日野市,90
2020,13213,東京都,,東村山市,90
2020,13214,東京都,,国分寺市,90
2020,13215,東京都,,国立市,90
2020,13218,東京都,,福生市,98
2020,13219,東京都,,狛江市,90
2020,13220,東京都,,東大和市,98
2020,13221,東京都,,清瀬市,90
2020,13222,東京都,,東久留米市,90
2020,13223,東京都,,武蔵村山市,98
2020,13224,東京都,,多摩市,90
2020,13225,東京都,,稲城市,90
2020,13227,東京都,,羽村市,98
2020,13228,東京都,,あきる野市,98
2020,13229,東京都,,西東京市,90
2020,13303,東京都,西多摩郡,瑞穂町,98
2020,13305,東京都,西多摩郡,日の出町,98
2020,13307,東京都,西多摩郡,檜原村,98
2020,13308,東京都,西多摩郡,奥多摩町,98
2020,13361,東京都,大島支庁,大島町,225
2020,13362,東京都,大島支庁,利島村,226
2020,13363,東京都,大島支庁,新島村,227
2020,13364,東京都,大島支庁,神津島村,228
2020,13381,東京都,三宅支庁,三宅村,229
2020,13382,東京都,三宅支庁,御蔵島村,230
2020,13401,東京都,八丈支庁,八丈町,231
2020,13402,東京都,八丈支庁,青ヶ島村,232
2020,13421,東京都,小笠原支庁,小笠原村,233
2020,14100,神奈川県,,横浜市,99
2020,14130,神奈川県,,川崎市,90
2020,14150,神奈川県,,相模原市,99
2020,14201,神奈川県,,横須賀市,99
2020,14203,神奈川県,,平塚市,99
2020,14204,神奈川県,,鎌倉市,99
2020,14205,神奈川県,,藤沢市,99
2020,14206,神奈川県,,小田原市,100
2020,14207,神奈川県,,茅ヶ崎市,99
2020,14208,神奈川県,,逗子市,99
2020,14210,神奈川県,,三浦市,99
2020,14211,神奈川県,,秦野市,100
2020,14212,神奈川県,,厚木市,99
2020,14213,神奈川県,,大和市,99
2020,14214,神奈川県,,伊勢原市,99
2020,14215,神奈川県,,海老名市,99
2020,14216,神奈川県,,座間市,99
2020,14217,神奈川県,,南足柄市,100
2020,14218,神奈川県,,綾瀬市,99
2020,14301,神奈川県,三浦郡,葉山町,99
2020,14321,神奈川県,高座郡,寒川町,99
2020,14341,神奈川県,中郡,大磯町,99
2020,14342,神奈川県,中郡,二宮町,99
2020,14361,神奈川県,足柄上郡,中井町,100
2020,14362,神奈川県,足柄上郡,大井町,100
2020,14363,神奈川県,足柄上郡,松田町,100
2020,14364,神奈川県,足柄上郡,山北町,100
2020,14366,神奈川県,足柄上郡,開成町,100
2020,14382,神奈川県,足柄下郡,箱根町,100
2020,14383,神奈川県,足柄下郡,真鶴町,100
2020,14384,神奈川県,足柄下郡,湯河原町,100
2020,14401,神奈川県,愛甲郡,愛川町,99
2020,14402,神奈川県,愛甲郡,清川村,99
2020,15100,新潟県,,新潟市,101
2020,15202,新潟県,,長岡市,102
2020,15204,新潟県,,三条市,101
2020,15205,新潟県,,柏崎市,102
2020,15206,新潟県,,新発田市,101
2020,15208,新潟県,,小千谷市,102
2020,15209,新潟県,,加茂市,101
2020,15210,新潟県,,十日町市,103
2020,15211,新潟県,,見附市,102
2020,15212,新潟県,,村上市,70
2020,15213,新潟県,,燕市,101
2020,15216,新潟県,,糸魚川市,104
2020,15217,新潟県,,妙高市,104
2020,15218,新潟県,,五泉市,101
2020,15222,新潟県,,上越市,104
2020,15223,新潟県,,阿賀野市,101
2020,15224,新潟県,,佐渡市,234
2020,15225,新潟県,,魚沼市,105
2020,15226,新潟県,,南魚沼市,105
2020,15227,新潟県,,胎内市,70
2020,15307,新潟県,北蒲原郡,聖籠町,101
2020,15342,新潟県,西蒲原郡,弥彦村,101
2020,15361,新潟県,南蒲原郡,田上町,101
2020,15385,新潟県,東蒲原郡,阿賀町,101
2020,15405,新潟県,三島郡,出雲崎町,102
2020,15461,新潟県,南魚沼郡,湯沢町,105
2020,15482,新潟県,中魚沼郡,津南町,103
2020,15504,新潟県,刈羽郡,刈羽村,102
2020,15581,新潟県,岩船郡,関川村,70
2020,15586,新潟県,岩船郡,粟島浦村,235
2020,16201,富山県,,富山市,106
2020,16202,富山県,,高岡市,107
2020,16204,富山県,,魚津市,106
2020,16205,富山県,,氷見市,107
2020,16206,富山県,,滑川市,106
2020,16207,富山県,,黒部市,106
2020,16208,富山県,,砺波市,107
2020,16209,富山県,,小矢部市,107
2020,16210,富山県,,南砺市,107
2020,16211,富山県,,射水市,107
2020,16321,富山県,中新川郡,舟橋村,106
2020,16322,富山県,中新川郡,上市町,106
2020,16323,富山県,中新川郡,立山町,106
2020,16342,富山県,下新川郡,入善町,106
2020,16343,富山県,下新川郡,朝日町,106
2020,17201,石川県,,金沢市,108
2020,17202,石川県,,七尾市,109
2020,17203,石川県,,小松市,108
2020,17204,石川県,,輪島市,110
2020,17205,石川県,,珠洲市,110
2020,17206,石川県,,加賀市,108
2020,17207,石川県,,羽咋市,109
2020,17209,石川県,,かほく市,108
2020,17210,石川県,,白山市,108
2020,17211,石川県,,能美市,108
2020,17212,石川県,,野々市市,108
2020,17324,石川県,能美郡,川北町,108
2020,17361,石川県,河北郡,津幡町,108
2020,17365,石川県,河北郡,内灘町,108
2020,17384,石川県,羽咋郡,志賀町,109
2020,17386,石川県,羽咋郡,宝達志水町,109
2020,17407,石川県,鹿島郡,中能登町,109
2020,17461,石川県,鳳珠郡,穴水町,110
2020,17463,石川県,鳳珠郡,能登町,110
2020,18201,福井県,,福井市,111
2020,18202,福井県,,敦賀市,112
2020,18204,福井県,,小浜市,112
2020,18205,福井県,,大野市,111
2020,18206,福井県,,勝山市,111
2020,18207,福井県,,鯖江市,111
2020,18208,福井県,,あわら市,111
2020,18209,福井県,,越前市,111
2020,18210,福井県,,坂井市,111
2020,18322,福井県,吉田郡,永平寺町,111
2020,18382,福井県,今立郡,池田町,111
2020,18404,福井県,南条郡,南越前町,111
2020,18423,福井県,丹生郡,越前町,111
2020,18442,福井県,三方郡,美浜町,112
2020,18481,福井県,大飯郡,高浜町,112
2020,18483,福井県,大飯郡,おおい町,112
2020,18501,福井県,三方上中郡,若狭町,112
2020,19201,山梨県,,甲府市,113
2020,19202,山梨県,,富士吉田市,114
2020,19204,山梨県,,都留市,114
2020,19205,山梨県,,山梨市,113
2020,19206,山梨県,,大月市,114
2020,19207,山梨県,,韮崎市,113
2020,19208,山梨県,,南アルプス市,113
2020,19209,山梨県,,北杜市,113
2020,19210,山梨県,,甲斐市,113
2020,19211,山梨県,,笛吹市,113
2020,19212,山梨県,,上野原市,115
2020,19213,山梨県,,甲州市,113
2020,19214,山梨県,,中央市,113
2020,19346,山梨県,西八代郡,市川三郷町,113
2020,19364,山梨県,南巨摩郡,早川町,113
2020,19365,山梨県,南巨摩郡,身延町,113
2020,19366,山梨県,南巨摩郡,南部町,116
2020,19368,山梨県,南巨摩郡,富士川町,113
2020,19384,山梨県,中巨摩郡,昭和町,113
2020,19422,山梨県,南都留郡,道志村,114
2020,19423,山梨県,南都留郡,西桂町,114
2020,19424,山梨県,南都留郡,忍野村,114
2020,19425,山梨県,南都留郡,山中湖村,114
2020,19429,山梨県,南都留郡,鳴沢村,114
2020,19430,山梨県,南都留郡,富士河口湖町,114
2020,19442,山梨県,北都留郡,小菅村,115
2020,19443,山梨県,北都留郡,丹波山村,115
2020,20201,長野県,,長野市,117
2020,20202,長野県,,松本市,118
2020,20203,長野県,,上田市,119
2020,20204,長野県,,岡谷市,120
2020,20205,長野県,,飯田市,121
2020,20206,長野県,,諏訪市,120
2020,20207,長野県,,須坂市,117
2020,20208,長野県,,小諸市,122
2020,20209,長野県,,伊那市,123
2020,20210,長野県,,駒ヶ根市,123
2020,20211,長野県,,中野市,117
2020,20212,長野県,,大町市,118
2020,20213,長野県,,飯山市,117
2020,20214,長野県,,茅野市,120
2020,20215,長野県,,塩尻市,118
2020,20217,長野県,,佐久市,122
2020,20218,長野県,,千曲市,119
2020,20219,長野県,,東御市,119
2020,20220,長野県,,安曇野市,118
2020,20303,長野県,南佐久郡,小海町,122
2020,20304,長野県,南佐久郡,川上村,124
2020,20305,長野県,南佐久郡,南牧村,122
2020,20306,長野県,南佐久郡,南相木村,122
2020,20307,長野県,南佐久郡,北相木村,122
2020,20309,長野県,南佐久郡,佐久穂町,122
2020,20321,長野県,北佐久郡,軽井沢町,122
2020,20323,長野県,北佐久郡,御代田町,122
2020,20324,長野県,北佐久郡,立科町,119
2020,20349,長野県,小県郡,青木村,119
2020,20350,長野県,小県郡,長和町,119
2020,20361,長野県,諏訪郡,下諏訪町,120
2020,20362,長野県,諏訪郡,富士見町,120
2020,20363,長野県,諏訪郡,原村,120
2020,20382,長野県,上伊那郡,辰野町,123
2020,20383,長野県,上伊那郡,箕輪町,123
2020,20384,長野県,上伊那郡,飯島町,123
2020,20385,長野県,上伊那郡,南箕輪村,123
2020,20386,長野県,上伊那郡,中川村,123
2020,20388,長野県,上伊那郡,宮田村,123
2020,20402,長野県,下伊那郡,松川町,121
2020,20403,長野県,下伊那郡,高森町,121
2020,20404,長野県,下伊那郡,阿南町,121
2020,20407,長野県,下伊那郡,阿智村,121
2020,20409,長野県,下伊那郡,平谷村,121
2020,20410,長野県,下伊那郡,根羽村,121
2020,20411,長野県,下伊那郡,下條村,121
2020,20412,長野県,下伊那郡,売木村,121
2020,20413,長野県,下伊那郡,天龍村,121
2020,20414,長野県,下伊那郡,泰阜村,121
2020,20415,長野県,下伊那郡,喬木村,121
2020,20416,長野県,下伊那郡,豊丘村,121
2020,20417,長野県,下伊那郡,大鹿村,121
2020,20422,長野県,木曽郡,上松町,125
2020,20423,長野県,木曽郡,南木曽町,126
2020,20425,長野県,木曽郡,木祖村,125
2020,20429,長野県,木曽郡,王滝村,125
2020,20430,長野県,木曽郡,大桑村,125
2020,20432,長野県,木曽郡,木曽町,125
2020,20446,長野県,東筑摩郡,麻績村,118
2020,20448,長野県,東筑摩郡,生坂村,118
2020,20450,長野県,東筑摩郡,山形村,118
2020,20451,長野県,東筑摩郡,朝日村,118
2020,20452,長野県,東筑摩郡,筑北村,118
2020,20481,長野県,北安曇郡,池田町,118
2020,20482,長野県,北安曇郡,松川村,118
2020,20485,長野県,北安曇郡,白馬村,127
2020,20486,長野県,北安曇郡,小谷村,127
2020,20521,長野県,埴科郡,坂城町,119
2020,20541,長野県,上高井郡,小布施町,117
2020,20543,長野県,上高井郡,高山村,117
2020,20561,長野県,下高井郡,山ノ内町,117
2020,20562,長野県,下高井郡,木島平村,117
2020,20563,長野県,下高井郡,野沢温泉村,117
2020,20583,長野県,上水内郡,信濃町,117
2020,20588,長野県,上水内郡,小川村,117
2020,20590,長野県,上水内郡,飯綱町,117
2020,20602,長野県,下水内郡,栄村,103
2020,21201,岐阜県,,岐阜市,128
2020,21202,岐阜県,,大垣市,128
2020,21203,岐阜県,,高山市,129
2020,21204,岐阜県,,多治見市,126
2020,21205,岐阜県,,関市,130
2020,21206,岐阜県,,中津川市,126
2020,21207,岐阜県,,美濃市,130
2020,21208,岐阜県,,瑞浪市,126
2020,21209,岐阜県,,羽島市,128
2020,21210,岐阜県,,恵那市,126
2020,21211,岐阜県,,美濃加茂市,130
2020,21212,岐阜県,,土岐市,126
2020,21213,岐阜県,,各務原市,128
2020,21214,岐阜県,,可児市,130
2020,21215,岐阜県,,山県市,128
2020,21216,岐阜県,,瑞穂市,128
2020,21217,岐阜県,,飛騨市,129
2020,21218,岐阜県,,本巣市,128
2020,21219,岐阜県,,郡上市,131
2020,21220,岐阜県,,下呂市,132
2020,21221,岐阜県,,海津市,128
2020,21302,岐阜県,羽島郡,岐南町,128
2020,21303,岐阜県,羽島郡,笠松町,128
2020,21341,岐阜県,養老郡,養老町,128
2020,21361,岐阜県,不破郡,垂井町,128
2020,21362,岐阜県,不破郡,関ヶ原町,128
2020,21381,岐阜県,安八郡,神戸町,128
2020,21382,岐阜県,安八郡,輪之内町,128
2020,21383,岐阜県,安八郡,安八町,128
2020,21401,岐阜県,揖斐郡,揖斐川町,128
2020,21403,岐阜県,揖斐郡,大野町,128
2020,21404,岐阜県,揖斐郡,池田町,128
2020,21421,岐阜県,本巣郡,北方町,128
2020,21501,岐阜県,加茂郡,坂祝町,130
2020,21502,岐阜県,加茂郡,富加町,130
2020,21503,岐阜県,加茂郡,川辺町,130
2020,21504,岐阜県,加茂郡,七宗町,130
2020,21505,岐阜県,加茂郡,八百津町,130
2020,21506,岐阜県,加茂郡,白川町,132
2020,21507,岐阜県,加茂郡,東白川村,132
2020,21521,岐阜県,可児郡,御嵩町,130
2020,21604,岐阜県,大野郡,白川村,129
2020,22100,静岡県,,静岡市,133
2020,22130,静岡県,,浜松市,134
2020,22203,静岡県,,沼津市,135
2020,22205,静岡県,,熱海市,100
2020,22206,静岡県,,三島市,135
2020,22207,静岡県,,富士宮市,116
2020,22208,静岡県,,伊東市,136
2020,22209,静岡県,,島田市,133
2020,22210,静岡県,,富士市,116
2020,22211,静岡県,,磐田市,134
2020,22212,静岡県,,焼津市,133
2020,22213,静岡県,,掛川市,134
2020,22214,静岡県,,藤枝市,133
2020,22215,静岡県,,御殿場市,135
2020,22216,静岡県,,袋井市,134
2020,22219,静岡県,,下田市,136
2020,22220,静岡県,,裾野市,135
2020,22221,静岡県,,湖西市,134
2020,22222,静岡県,,伊豆市,135
2020,22223,静岡県,,御前崎市,134
2020,22224,静岡県,,菊川市,134
2020,22225,静岡県,,伊豆の国市,135
2020,22226,静岡県,,牧之原市,133
2020,22301,静岡県,賀茂郡,東伊豆町,136
2020,22302,静岡県,賀茂郡,河津町,136
2020,22304,静岡県,賀茂郡,南伊豆町,136
2020,22305,静岡県,賀茂郡,松崎町,136
2020,22306,静岡県,賀茂郡,西伊豆町,136
2020,22325,静岡県,田方郡,函南町,135
2020,22341,静岡県,駿東郡,清水町,135
2020,22342,静岡県,駿東郡,長泉町,135
2020,22344,静岡県,駿東郡,小山町,135
2020,22424,静岡県,榛原郡,吉田町,133
2020,22429,静岡県,榛原郡,川根本町,133
2020,22461,静岡県,周智郡,森町,134
2020,23100,愛知県,,名古屋市,137
2020,23201,愛知県,,豊橋市,138
2020,23202,愛知県,,岡崎市,139
2020,23203,愛知県,,一宮市,137
2020,23204,愛知県,,瀬戸市,137
2020,23205,愛知県,,半田市,140
2020,23206,愛知県,,春日井市,137
2020,23207,愛知県,,豊川市,138
2020,23208,愛知県,,津島市,137
2020,23209,愛知県,,碧南市,139
2020,23210,愛知県,,刈谷市,139
2020,23211,愛知県,,豊田市,137
2020,23212,愛知県,,安城市,139
2020,23213,愛知県,,西尾市,139
2020,23214,愛知県,,蒲郡市,139
2020,23215,愛知県,,犬山市,137
2020,23216,愛知県,,常滑市,140
2020,23217,愛知県,,江南市,137
2020,23219,愛知県,,小牧市,137
2020,23220,愛知県,,稲沢市,137
2020,23221,愛知県,,新城市,138
2020,23222,愛知県,,東海市,140
2020,23223,愛知県,,大府市,140
2020,23224,愛知県,,知多市,140
2020,23225,愛知県,,知立市,139
2020,23226,愛知県,,尾張旭市,137
2020,23227,愛知県,,高浜市,139
2020,23228,愛知県,,岩倉市,137
2020,23229,愛知県,,豊明市,137
2020,23230,愛知県,,日進市,137
2020,23231,愛知県,,田原市,138
2020,23232,愛知県,,愛西市,137
2020,23233,愛知県,,清須市,137
2020,23234,愛知県,,北名古屋市,137
2020,23235,愛知県,,弥富市,137
2020,23236,愛知県,,みよし市,137
2020,23237,愛知県,,あま市,137
2020,23238,愛知県,,長久手市,137
2020,23302,愛知県,愛知郡,東郷町,137
2020,23342,愛知県,西春日井郡,豊山町,137
2020,23361,愛知県,丹羽郡,大口町,137
2020,23362,愛知県,丹羽郡,扶桑町,137
2020,23424,愛知県,海部郡,大治町,137
2020,23425,愛知県,海部郡,蟹江町,137
2020,23427,愛知県,海部郡,飛島村,137
2020,23441,愛知県,知多郡,阿久比町,140
2020,23442,愛知県,知多郡,東浦町,140
2020,23445,愛知県,知多郡,南知多町,140
2020,23446,愛知県,知多郡,美浜町,140
2020,23447,愛知県,知多郡,武豊町,140
2020,23501,愛知県,額田郡,幸田町,139
2020,23561,愛知県,北設楽郡,設楽町,138
2020,23562,愛知県,北設楽郡,東栄町,138
2020,23563,愛知県,北設楽郡,豊根村,138
2020,24201,三重県,,津市,141
2020,24202,三重県,,四日市市,141
2020,24203,三重県,,伊勢市,142
2020,24204,三重県,,松阪市,142
2020,24205,三重県,,桑名市,141
2020,24207,三重県,,鈴鹿市,141
2020,24208,三重県,,名張市,143
2020,24209,三重県,,尾鷲市,144
2020,24210,三重県,,亀山市,141
2020,24211,三重県,,鳥羽市,142
2020,24212,三重県,,熊野市,145
2020,24214,三重県,,いなべ市,141
2020,24215,三重県,,志摩市,142
2020,24216,三重県,,伊賀市,143
2020,24303,三重県,桑名郡,木曽岬町,137
2020,24324,三重県,員弁郡,東員町,141
2020,24341,三重県,三重郡,菰野町,141
2020,24343,三重県,三重郡,朝日町,141
2020,24344,三重県,三重郡,川越町,141
2020,24441,三重県,多気郡,多気町,142
2020,24442,三重県,多気郡,明和町,142
2020,24443,三重県,多気郡,大台町,142
2020,24461,三重県,度会郡,玉城町,142
2020,24470,三重県,度会郡,度会町,142
2020,24471,三重県,度会郡,大紀町,142
2020,24472,三重県,度会郡,南伊勢町,142
2020,24543,三重県,北牟婁郡,紀北町,144
2020,24561,三重県,南牟婁郡,御浜町,145
2020,24562,三重県,南牟婁郡,紀宝町,145
2020,25201,滋賀県,,大津市,146
2020,25202,滋賀県,,彦根市,146
2020,25203,滋賀県,,長浜市,146
2020,25204,滋賀県,,近江八幡市,146
2020,25206,滋賀県,,草津市,146
2020,25207,滋賀県,,守山市,146
2020,25208,滋賀県,,栗東市,146
2020,25209,滋賀県,,甲賀市,146
2020,25210,滋賀県,,野洲市,146
2020,25211,滋賀県,,湖南市,146
2020,25212,滋賀県,,高島市,147
2020,25213,滋賀県,,東近江市,146
2020,25214,滋賀県,,米原市,146
2020,25383,滋賀県,蒲生郡,日野町,146
2020,25384,滋賀県,蒲生郡,竜王町,146
2020,25425,滋賀県,愛知郡,愛荘町,146
2020,25441,滋賀県,犬上郡,豊郷町,146
2020,25442,滋賀県,犬上郡,甲良町,146
2020,25443,滋賀県,犬上郡,多賀町,146
2020,26100,京都府,,京都市,148
2020,26201,京都府,,福知山市,149
2020,26202,京都府,,舞鶴市,112
2020,26203,京都府,,綾部市,149
2020,26204,京都府,,宇治市,148
2020,26205,京都府,,宮津市,150
2020,26206,京都府,,亀岡市,149
2020,26207,京都府,,城陽市,148
2020,26208,京都府,,向日市,148
2020,26209,京都府,,長岡京市,148
2020,26210,京都府,,八幡市,151
2020,26211,京都府,,京田辺市,148
2020,26212,京都府,,京丹後市,150
2020,26213,京都府,,南丹市,149
2020,26214,京都府,,木津川市,148
2020,26303,京都府,乙訓郡,大山崎町,148
2020,26322,京都府,久世郡,久御山町,148
2020,26343,京都府,綴喜郡,井手町,148
2020,26344,京都府,綴喜郡,宇治田原町,148
2020,26364,京都府,相楽郡,笠置町,148
2020,26365,京都府,相楽郡,和束町,148
2020,26366,京都府,相楽郡,精華町,148
2020,26367,京都府,相楽郡,南山城村,143
2020,26407,京都府,船井郡,京丹波町,149
2020,26463,京都府,与謝郡,伊根町,150
2020,26465,京都府,与謝郡,与謝野町,150
2020,27100,大阪府,,大阪市,151
2020,27140,大阪府,,堺市,152
2020,27202,大阪府,,岸和田市,152
2020,27203,大阪府,,豊中市,151
2020,27204,大阪府,,池田市,151
2020,27205,大阪府,,吹田市,151
2020,27206,大阪府,,泉大津市,152
2020,27207,大阪府,,高槻市,151
2020,27208,大阪府,,貝塚市,152
2020,27209,大阪府,,守口市,151
2020,27210,大阪府,,枚方市,151
2020,27211,大阪府,,茨木市,151
2020,27212,大阪府,,八尾市,153
2020,27213,大阪府,,泉佐野市,152
2020,27214,大阪府,,富田林市,153
2020,27215,大阪府,,寝屋川市,151
2020,27216,大阪府,,河内長野市,153
2020,27217,大阪府,,松原市,153
2020,27218,大阪府,,大東市,151
2020,27219,大阪府,,和泉市,152
2020,27220,大阪府,,箕面市,151
2020,27221,大阪府,,柏原市,153
2020,27222,大阪府,,羽曳野市,153
2020,27223,大阪府,,門真市,151
2020,27224,大阪府,,摂津市,151
2020,27225,大阪府,,高石市,152
2020,27226,大阪府,,藤井寺市,153
2020,27227,大阪府,,東大阪市,151
2020,27228,大阪府,,泉南市,152
2020,27229,大阪府,,四條畷市,151
2020,27230,大阪府,,交野市,151
2020,27231,大阪府,,大阪狭山市,152
2020,27232,大阪府,,阪南市,152
2020,27301,大阪府,三島郡,島本町,151
2020,27321,大阪府,豊能郡,豊能町,151
2020,27322,大阪府,豊能郡,能勢町,151
2020,27341,大阪府,泉北郡,忠岡町,152
2020,27361,大阪府,泉南郡,熊取町,152
2020,27362,大阪府,泉南郡,田尻町,152
2020,27366,大阪府,泉南郡,岬町,152
2020,27381,大阪府,南河内郡,太子町,153
2020,27382,大阪府,南河内郡,河南町,153
2020,27383,大阪府,南河内郡,千早赤阪村,153
2020,28100,兵庫県,,神戸市,154
2020,28201,兵庫県,,姫路市,155
2020,28202,兵庫県,,尼崎市,151
2020,28203,兵庫県,,明石市,154
2020,28204,兵庫県,,西宮市,151
2020,28205,兵庫県,,洲本市,156
2020,28206,兵庫県,,芦屋市,151
2020,28207,兵庫県,,伊丹市,151
2020,28208,兵庫県,,相生市,155
2020,28209,兵庫県,,豊岡市,157
2020,28210,兵庫県,,加古川市,154
2020,28212,兵庫県,,赤穂市,155
2020,28213,兵庫県,,西脇市,154
2020,28214,兵庫県,,宝塚市,151
2020,28215,兵庫県,,三木市,154
2020,28216,兵庫県,,高砂市,154
2020,28217,兵庫県,,川西市,151
2020,28218,兵庫県,,小野市,154
2020,28219,兵庫県,,三田市,158
2020,28220,兵庫県,,加西市,154
2020,28221,兵庫県,,篠山市,158
2020,28222,兵庫県,,養父市,157
2020,28223,兵庫県,,丹波市,158
2020,28224,兵庫県,,南あわじ市,156
2020,28225,兵庫県,,朝来市,157
2020,28226,兵庫県,,淡路市,156
2020,28227,兵庫県,,宍粟市,155
2020,28228,兵庫県,,加東市,154
2020,28229,兵庫県,,たつの市,155
2020,28301,兵庫県,川辺郡,猪名川町,151
2020,28365,兵庫県,多可郡,多可町,154
2020,28381,兵庫県,加古郡,稲美町,154
2020,28382,兵庫県,加古郡,播磨町,154
2020,28442,兵庫県,神崎郡,市川町,155
2020,28443,兵庫県,神崎郡,福崎町,155
2020,28446,兵庫県,神崎郡,神河町,155
2020,28464,兵庫県,揖保郡,太子町,155
2020,28481,兵庫県,赤穂郡,上郡町,155
2020,28501,兵庫県,佐用郡,佐用町,155
2020,28585,兵庫県,美方郡,香美町,157
2020,28586,兵庫県,美方郡,新温泉町,157
2020,29201,奈良県,,奈良市,159
2020,29202,奈良県,,大和高田市,160
2020,29203,奈良県,,大和郡山市,159
2020,29204,奈良県,,天理市,159
2020,29205,奈良県,,橿原市,160
2020,29206,奈良県,,桜井市,143
2020,29207,奈良県,,五條市,161
2020,29208,奈良県,,御所市,160
2020,29209,奈良県,,生駒市,159
2020,29210,奈良県,,香芝市,159
2020,29211,奈良県,,葛城市,160
2020,29212,奈良県,,宇陀市,143
2020,29322,奈良県,山辺郡,山添村,143
2020,29342,奈良県,生駒郡,平群町,159
2020,29343,奈良県,生駒郡,三郷町,159
2020,29344,奈良県,生駒郡,斑鳩町,159
2020,29345,奈良県,生駒郡,安堵町,159
2020,29361,奈良県,磯城郡,川西町,159
2020,29362,奈良県,磯城郡,三宅町,159
2020,29363,奈良県,磯城郡,田原本町,159
2020,29385,奈良県,宇陀郡,曽爾村,143
2020,29386,奈良県,宇陀郡,御杖村,143
2020,29401,奈良県,高市郡,高取町,160
2020,29402,奈良県,高市郡,明日香村,160
2020,29424,奈良県,北葛城郡,上牧町,159
2020,29425,奈良県,北葛城郡,王寺町,159
2020,29426,奈良県,北葛城郡,広陵町,159
2020,29427,奈良県,北葛城郡,河合町,159
2020,29441,奈良県,吉野郡,吉野町,160
2020,29442,奈良県,吉野郡,大淀町,160
2020,29443,奈良県,吉野郡,下市町,160
2020,29444,奈良県,吉野郡,黒滝村,160
2020,29446,奈良県,吉野郡,天川村,160
2020,29447,奈良県,吉野郡,野迫川村,161
2020,29449,奈良県,吉野郡,十津川村,162
2020,29450,奈良県,吉野郡,下北山村,145
2020,29451,奈良県,吉野郡,上北山村,145
2020,29452,奈良県,吉野郡,川上村,160
2020,29453,奈良県,吉野郡,東吉野村,143
2020,30201,和歌山県,,和歌山市,163
2020,30202,和歌山県,,海南市,163
2020,30203,和歌山県,,橋本市,161
2020,30204,和歌山県,,有田市,163
2020,30205,和歌山県,,御坊市,164
2020,30206,和歌山県,,田辺市,165
2020,30207,和歌山県,,新宮市,145
2020,30208,和歌山県,,紀の川市,163
2020,30209,和歌山県,,岩出市,163
2020,30304,和歌山県,海草郡,紀美野町,163
2020,30341,和歌山県,伊都郡,かつらぎ町,161
2020,30343,和歌山県,伊都郡,九度山町,161
2020,30344,和歌山県,伊都郡,高野町,161
2020,30361,和歌山県,有田郡,湯浅町,163
2020,30362,和歌山県,有田郡,広川町,163
2020,30366,和歌山県,有田郡,有田川町,163
2020,30381,和歌山県,日高郡,美浜町,164
2020,30382,和歌山県,日高郡,日高町,164
2020,30383,和歌山県,日高郡,由良町,164
2020,30390,和歌山県,日高郡,印南町,164
2020,30391,和歌山県,日高郡,みなべ町,165
2020,30392,和歌山県,日高郡,日高川町,164
2020,30401,和歌山県,西牟婁郡,白浜町,165
2020,30404,和歌山県,西牟婁郡,上富田町,165
2020,30406,和歌山県,西牟婁郡,すさみ町,165
2020,30421,和歌山県,東牟婁郡,那智勝浦町,145
2020,30422,和歌山県,東牟婁郡,太地町,145
2020,30424,和歌山県,東牟婁郡,古座川町,145
2020,30427,和歌山県,東牟婁郡,北山村,145
2020,30428,和歌山県,東牟婁郡,串本町,145
2020,31201,鳥取県,,鳥取市,166
2020,31202,鳥取県,,米子市,167
2020,31203,鳥取県,,倉吉市,168
2020,31204,鳥取県,,境港市,167
2020,31302,鳥取県,岩美郡,岩美町,166
2020,31325,鳥取県,八頭郡,若桜町,166
2020,31328,鳥取県,八頭郡,智頭町,166
2020,31329,鳥取県,八頭郡,八頭町,166
2020,31364,鳥取県,東伯郡,三朝町,168
2020,31370,鳥取県,東伯郡,湯梨浜町,168
2020,31371,鳥取県,東伯郡,琴浦町,168
2020,31372,鳥取県,東伯郡,北栄町,168
2020,31384,鳥取県,西伯郡,日吉津村,167
2020,31386,鳥取県,西伯郡,大山町,167
2020,31389,鳥取県,西伯郡,南部町,167
2020,31390,鳥取県,西伯郡,伯耆町,167
2020,31401,鳥取県,日野郡,日南町,167
2020,31402,鳥取県,日野郡,日野町,167
2020,31403,鳥取県,日野郡,江府町,167
2020,32201,島根県,,松江市,169
2020,32202,島根県,,浜田市,170
2020,32203,島根県,,出雲市,169
2020,32204,島根県,,益田市,171
2020,32205,島根県,,大田市,170
2020,32206,島根県,,安来市,169
2020,32207,島根県,,江津市,170
2020,32209,島根県,,雲南市,169
2020,32343,島根県,仁多郡,奥出雲町,169
2020,32386,島根県,飯石郡,飯南町,169
2020,32441,島根県,邑智郡,川本町,170
2020,32448,島根県,邑智郡,美郷町,170
2020,32449,島根県,邑智郡,邑南町,170
2020,32501,島根県,鹿足郡,津和野町,171
2020,32505,島根県,鹿足郡,吉賀町,171
2020,32525,島根県,隠岐郡,海士町,236
2020,32526,島根県,隠岐郡,西ノ島町,237
2020,32527,島根県,隠岐郡,知夫村,238
2020,32528,島根県,隠岐郡,隠岐の島町,239
2020,33100,岡山県,,岡山市,172
2020,33202,岡山県,,倉敷市,172
2020,33203,岡山県,,津山市,173
2020,33204,岡山県,,玉野市,172
2020,33205,岡山県,,笠岡市,172
2020,33207,岡山県,,井原市,172
2020,33208,岡山県,,総社市,172
2020,33209,岡山県,,高梁市,174
2020,33210,岡山県,,新見市,174
2020,33211,岡山県,,備前市,172
2020,33212,岡山県,,瀬戸内市,172
2020,33213,岡山県,,赤磐市,172
2020,33214,岡山県,,真庭市,175
2020,33215,岡山県,,美作市,173
2020,33216,岡山県,,浅口市,172
2020,33346,岡山県,和気郡,和気町,172
2020,33423,岡山県,都窪郡,早島町,172
2020,33445,岡山県,浅口郡,里庄町,172
2020,33461,岡山県,小田郡,矢掛町,172
2020,33586,岡山県,真庭郡,新庄村,175
2020,33606,岡山県,苫田郡,鏡野町,173
2020,33622,岡山県,勝田郡,勝央町,173
2020,33623,岡山県,勝田郡,奈義町,173
2020,33643,岡山県,英田郡,西粟倉村,173
2020,33663,岡山県,久米郡,久米南町,173
2020,33666,岡山県,久米郡,美咲町,173
2020,33681,岡山県,加賀郡,吉備中央町,174
2020,34100,広島県,,広島市,176
2020,34202,広島県,,呉市,176
2020,34203,広島県,,竹原市,177
2020,34204,広島県,,三原市,177
2020,34205,広島県,,尾道市,177
2020,34207,広島県,,福山市,177
2020,34208,広島県,,府中市,177
2020,34209,広島県,,三次市,178
2020,34210,広島県,,庄原市,178
2020,34211,広島県,,大竹市,179
2020,34212,広島県,,東広島市,177
2020,34213,広島県,,廿日市市,176
2020,34214,広島県,,安芸高田市,176
2020,34215,広島県,,江田島市,176
2020,34302,広島県,安芸郡,府中町,176
2020,34304,広島県,安芸郡,海田町,176
2020,34307,広島県,安芸郡,熊野町,176
2020,34309,広島県,安芸郡,坂町,176
2020,34368,広島県,山県郡,安芸太田町,176
2020,34369,広島県,山県郡,北広島町,176
2020,34431,広島県,豊田郡,大崎上島町,240
2020,34462,広島県,世羅郡,世羅町,177
2020,34545,広島県,神石郡,神石高原町,177
2020,35201,山口県,,下関市,180
2020,35202,山口県,,宇部市,180
2020,35203,山口県,,山口市,180
2020,35204,山口県,,萩市,181
2020,35206,山口県,,防府市,180
2020,35207,山口県,,下松市,179
2020,35208,山口県,,岩国市,179
2020,35210,山口県,,光市,179
2020,35211,山口県,,長門市,181
2020,35212,山口県,,柳井市,179
2020,35213,山口県,,美祢市,180
2020,35215,山口県,,周南市,179
2020,35216,山口県,,山陽小野田市,180
2020,35305,山口県,大島郡,周防大島町,179
2020,35321,山口県,玖珂郡,和木町,179
2020,35341,山口県,熊毛郡,上関町,179
2020,35343,山口県,熊毛郡,田布施町,179
2020,35344,山口県,熊毛郡,平生町,179
2020,35502,山口県,阿武郡,阿武町,181
2020,36201,徳島県,,徳島市,182
2020,36202,徳島県,,鳴門市,182
2020,36203,徳島県,,小松島市,183
2020,36204,徳島県,,阿南市,183
2020,36205,徳島県,,吉野川市,182
2020,36206,徳島県,,阿波市,182
2020,36207,徳島県,,美馬市,184
2020,36208,徳島県,,三好市,184
2020,36301,徳島県,勝浦郡,勝浦町,183
2020,36302,徳島県,勝浦郡,上勝町,183
2020,36321,徳島県,名東郡,佐那河内村,182
2020,36341,徳島県,名西郡,石井町,182
2020,36342,徳島県,名西郡,神山町,182
2020,36368,徳島県,那賀郡,那賀町,183
2020,36383,徳島県,海部郡,牟岐町,183
2020,36387,徳島県,海部郡,美波町,183
2020,36388,徳島県,海部郡,海陽町,183
2020,36401,徳島県,板野郡,松茂町,182
2020,36402,徳島県,板野郡,北島町,182
2020,36403,徳島県,板野郡,藍住町,182
2020,36404,徳島県,板野郡,板野町,182
2020,36405,徳島県,板野郡,上板町,182
2020,36468,徳島県,美馬郡,つるぎ町,184
2020,36489,徳島県,三好郡,東みよし町,184
2020,37201,香川県,,高松市,185
2020,37202,香川県,,丸亀市,185
2020,37203,香川県,,坂出市,185
2020,37204,香川県,,善通寺市,185
2020,37205,香川県,,観音寺市,185
2020,37206,香川県,,さぬき市,185
2020,37207,香川県,,東かがわ市,185
2020,37208,香川県,,三豊市,185
2020,37322,香川県,小豆郡,土庄町,241
2020,37324,香川県,小豆郡,小豆島町,241
2020,37341,香川県,木田郡,三木町,185
2020,37364,香川県,香川郡,直島町,242
2020,37386,香川県,綾歌郡,宇多津町,185
2020,37387,香川県,綾歌郡,綾川町,185
2020,37403,香川県,仲多度郡,琴平町,185
2020,37404,香川県,仲多度郡,多度津町,185
2020,37406,香川県,仲多度郡,まんのう町,185
2020,38201,愛媛県,,松山市,186
2020,38202,愛媛県,,今治市,187
2020,38203,愛媛県,,宇和島市,188
2020,38204,愛媛県,,八幡浜市,189
2020,38205,愛媛県,,新居浜市,187
2020,38206,愛媛県,,西条市,187
2020,38207,愛媛県,,大洲市,189
2020,38210,愛媛県,,伊予市,186
2020,38213,愛媛県,,四国中央市,187
2020,38214,愛媛県,,西予市,189
2020,38215,愛媛県,,東温市,186
2020,38356,愛媛県,越智郡,上島町,243
2020,38386,愛媛県,上浮穴郡,久万高原町,186
2020,38401,愛媛県,伊予郡,松前町,186
2020,38402,愛媛県,伊予郡,砥部町,186
2020,38422,愛媛県,喜多郡,内子町,189
2020,38442,愛媛県,西宇和郡,伊方町,189
2020,38484,愛媛県,北宇和郡,松野町,188
2020,38488,愛媛県,北宇和郡,鬼北町,188
2020,38506,愛媛県,南宇和郡,愛南町,188
2020,39201,高知県,,高知市,190
2020,39202,高知県,,室戸市,191
2020,39203,高知県,,安芸市,191
2020,39204,高知県,,南国市,190
2020,39205,高知県,,土佐市,190
2020,39206,高知県,,須崎市,192
2020,39208,高知県,,宿毛市,193
2020,39209,高知県,,土佐清水市,193
2020,39210,高知県,,四万十市,193
2020,39211,高知県,,香南市,190
2020,39212,高知県,,香美市,190
2020,39301,高知県,安芸郡,東洋町,183
2020,39302,高知県,安芸郡,奈半利町,191
2020,39303,高知県,安芸郡,田野町,191
2020,39304,高知県,安芸郡,安田町,191
2020,39305,高知県,安芸郡,北川村,191
2020,39306,高知県,安芸郡,馬路村,191
2020,39307,高知県,安芸郡,芸西村,191
2020,39341,高知県,長岡郡,本山町,194
2020,39344,高知県,長岡郡,大豊町,194
2020,39363,高知県,土佐郡,土佐町,194
2020,39364,高知県,土佐郡,大川村,194
2020,39386,高知県,吾川郡,いの町,190
2020,39387,高知県,吾川郡,仁淀川町,190
2020,39401,高知県,高岡郡,中土佐町,192
2020,39402,高知県,高岡郡,佐川町,190
2020,39403,高知県,高岡郡,越知町,190
2020,39405,高知県,高岡郡,檮原町,192
2020,39410,高知県,高岡郡,日高村,190
2020,39411,高知県,高岡郡,津野町,192
2020,39412,高知県,高岡郡,四万十町,192
2020,39424,高知県,幡多郡,大月町,193
2020,39427,高知県,幡多郡,三原村,193
2020,39428,高知県,幡多郡,黒潮町,193
2020,40100,福岡県,,北九州市,195
2020,40130,福岡県,,福岡市,196
2020,40202,福岡県,,大牟田市,197
2020,40203,福岡県,,久留米市,198
2020,40204,福岡県,,直方市,195
2020,40205,福岡県,,飯塚市,199
2020,40206,福岡県,,田川市,199
2020,40207,福岡県,,柳川市,198
2020,40210,福岡県,,八女市,198
2020,40211,福岡県,,筑後市,198
2020,40212,福岡県,,大川市,198
2020,40213,福岡県,,行橋市,200
2020,40214,福岡県,,豊前市,200
2020,40215,福岡県,,中間市,195
2020,40216,福岡県,,小郡市,201
2020,40217,福岡県,,筑紫野市,196
2020,40218,福岡県,,春日市,196
2020,40219,福岡県,,大野城市,196
2020,40220,福岡県,,宗像市,195
2020,40221,福岡県,,太宰府市,196
2020,40223,福岡県,,古賀市,196
2020,40224,福岡県,,福津市,195
2020,40225,福岡県,,うきは市,201
2020,40226,福岡県,,宮若市,195
2020,40227,福岡県,,嘉麻市,199
2020,40228,福岡県,,朝倉市,201
2020,40229,福岡県,,みやま市,198
2020,40230,福岡県,,糸島市,196
2020,40231,福岡県,,那珂川市,196
2020,40341,福岡県,糟屋郡,宇美町,196
2020,40342,福岡県,糟屋郡,篠栗町,196
2020,40343,福岡県,糟屋郡,志免町,196
2020,40344,福岡県,糟屋郡,須恵町,196
2020,40345,福岡県,糟屋郡,新宮町,196
2020,40348,福岡県,糟屋郡,久山町,196
2020,40349,福岡県,糟屋郡,粕屋町,196
2020,40381,福岡県,遠賀郡,芦屋町,195
2020,40382,福岡県,遠賀郡,水巻町,195
2020,40383,福岡県,遠賀郡,岡垣町,195
2020,40384,福岡県,遠賀郡,遠賀町,195
2020,40401,福岡県,鞍手郡,小竹町,195
2020,40402,福岡県,鞍手郡,鞍手町,195
2020,40421,福岡県,嘉穂郡,桂川町,199
2020,40447,福岡県,朝倉郡,筑前町,201
2020,40448,福岡県,朝倉郡,東峰村,201
2020,40503,福岡県,三井郡,大刀洗町,201
2020,40522,福岡県,三潴郡,大木町,198
2020,40544,福岡県,八女郡,広川町,198
2020,40601,福岡県,田川郡,香春町,199
2020,40602,福岡県,田川郡,添田町,199
2020,40604,福岡県,田川郡,糸田町,199
2020,40605,福岡県,田川郡,川崎町,199
2020,40608,福岡県,田川郡,大任町,199
2020,40609,福岡県,田川郡,赤村,199
2020,40610,福岡県,田川郡,福智町,199
2020,40621,福岡県,京都郡,苅田町,200
2020,40625,福岡県,京都郡,みやこ町,200
2020,40642,福岡県,築上郡,吉富町,200
2020,40646,福岡県,築上郡,上毛町,200
2020,40647,福岡県,築上郡,築上町,200
2020,41201,佐賀県,,佐賀市,202
2020,41202,佐賀県,,唐津市,203
2020,41203,佐賀県,,鳥栖市,198
2020,41204,佐賀県,,多久市,202
2020,41205,佐賀県,,伊万里市,203
2020,41206,佐賀県,,武雄市,202
2020,41207,佐賀県,,鹿島市,202
2020,41208,佐賀県,,小城市,202
2020,41209,佐賀県,,嬉野市,202
2020,41210,佐賀県,,神埼市,202
2020,41327,佐賀県,神埼郡,吉野ヶ里町,198
2020,41341,佐賀県,三養基郡,基山町,198
2020,41345,佐賀県,三養基郡,上峰町,198
2020,41346,佐賀県,三養基郡,みやき町,198
2020,41387,佐賀県,東松浦郡,玄海町,203
2020,41401,佐賀県,西松浦郡,有田町,203
2020,41423,佐賀県,杵島郡,大町町,202
2020,41424,佐賀県,杵島郡,江北町,202
2020,41425,佐賀県,杵島郡,白石町,202
2020,41441,佐賀県,藤津郡,太良町,202
2020,42201,長崎県,,長崎市,204
2020,42202,長崎県,,佐世保市,205
2020,42203,長崎県,,島原市,206
2020,42204,長崎県,,諫早市,204
2020,42205,長崎県,,大村市,204
2020,42207,長崎県,,平戸市,205
2020,42208,長崎県,,松浦市,205
2020,42209,長崎県,,対馬市,244
2020,42210,長崎県,,壱岐市,245
2020,42211,長崎県,,五島市,246
2020,42212,長崎県,,西海市,205
2020,42213,長崎県,,雲仙市,204
2020,42214,長崎県,,南島原市,206
2020,42307,長崎県,西彼杵郡,長与町,204
2020,42308,長崎県,西彼杵郡,時津町,204
2020,42321,長崎県,東彼杵郡,東彼杵町,204
2020,42322,長崎県,東彼杵郡,川棚町,205
2020,42323,長崎県,東彼杵郡,波佐見町,205
2020,42383,長崎県,北松浦郡,小値賀町,247
2020,42391,長崎県,北松浦郡,佐々町,205
2020,42411,長崎県,南松浦郡,新上五島町,248
2020,43100,熊本県,,熊本市,207
2020,43202,熊本県,,八代市,207
2020,43203,熊本県,,人吉市,208
2020,43204,熊本県,,荒尾市,197
2020,43205,熊本県,,水俣市,209
2020,43206,熊本県,,玉名市,197
2020,43208,熊本県,,山鹿市,197
2020,43210,熊本県,,菊池市,207
2020,43211,熊本県,,宇土市,207
2020,43212,熊本県,,上天草市,210
2020,43213,熊本県,,宇城市,207
2020,43214,熊本県,,阿蘇市,211
2020,43215,熊本県,,天草市,210
2020,43216,熊本県,,合志市,207
2020,43348,熊本県,下益城郡,美里町,207
2020,43364,熊本県,玉名郡,玉東町,197
2020,43367,熊本県,玉名郡,南関町,197
2020,43368,熊本県,玉名郡,長洲町,197
2020,43369,熊本県,玉名郡,和水町,197
2020,43403,熊本県,菊池郡,大津町,207
2020,43404,熊本県,菊池郡,菊陽町,207
2020,43423,熊本県,阿蘇郡,南小国町,211
2020,43424,熊本県,阿蘇郡,小国町,211
2020,43425,熊本県,阿蘇郡,産山村,211
2020,43428,熊本県,阿蘇郡,高森町,211
2020,43432,熊本県,阿蘇郡,西原村,207
2020,43433,熊本県,阿蘇郡,南阿蘇村,211
2020,43441,熊本県,上益城郡,御船町,207
2020,43442,熊本県,上益城郡,嘉島町,207
2020,43443,熊本県,上益城郡,益城町,207
2020,43444,熊本県,上益城郡,甲佐町,207
2020,43447,熊本県,上益城郡,山都町,212
2020,43468,熊本県,八代郡,氷川町,207
2020,43482,熊本県,葦北郡,芦北町,209
2020,43484,熊本県,葦北郡,津奈木町,209
2020,43501,熊本県,球磨郡,錦町,208
2020,43505,熊本県,球磨郡,多良木町,208
2020,43506,熊本県,球磨郡,湯前町,208
2020,43507,熊本県,球磨郡,水上村,208
2020,43510,熊本県,球磨郡,相良村,208
2020,43511,熊本県,球磨郡,五木村,208
2020,43512,熊本県,球磨郡,山江村,208
2020,43513,熊本県,球磨郡,球磨村,208
2020,43514,熊本県,球磨郡,あさぎり町,208
2020,43531,熊本県,天草郡,苓北町,210
2020,44201,大分県,,大分市,213
2020,44202,大分県,,別府市,213
2020,44203,大分県,,中津市,200
2020,44204,大分県,,日田市,201
2020,44205,大分県,,佐伯市,213
2020,44206,大分県,,臼杵市,213
2020,44207,大分県,,津久見市,213
2020,44208,大分県,,竹田市,213
2020,44209,大分県,,豊後高田市,200
2020,44210,大分県,,杵築市,213
2020,44211,大分県,,宇佐市,200
2020,44212,大分県,,豊後大野市,213
2020,44213,大分県,,由布市,213
2020,44214,大分県,,国東市,213
2020,44322,大分県,東国東郡,姫島村,249
2020,44341,大分県,速見郡,日出町,213
2020,44461,大分県,玖珠郡,九重町,214
2020,44462,大分県,玖珠郡,玖珠町,214
2020,45201,宮崎県,,宮崎市,215
2020,45202,宮崎県,,都城市,216
2020,45203,宮崎県,,延岡市,217
2020,45204,宮崎県,,日南市,218
2020,45205,宮崎県,,小林市,216
2020,45206,宮崎県,,日向市,217
2020,45207,宮崎県,,串間市,218
2020,45208,宮崎県,,西都市,215
2020,45209,宮崎県,,えびの市,216
2020,45341,宮崎県,北諸県郡,三股町,216
2020,45361,宮崎県,西諸県郡,高原町,216
2020,45382,宮崎県,東諸県郡,国富町,215
2020,45383,宮崎県,東諸県郡,綾町,215
2020,45401,宮崎県,児湯郡,高鍋町,215
2020,45402,宮崎県,児湯郡,新富町,215
2020,45403,宮崎県,児湯郡,西米良村,219
2020,45404,宮崎県,児湯郡,木城町,215
2020,45405,宮崎県,児湯郡,川南町,215
2020,45406,宮崎県,児湯郡,都農町,215
2020,45421,宮崎県,東臼杵郡,門川町,217
2020,45429,宮崎県,東臼杵郡,諸塚村,217
2020,45430,宮崎県,東臼杵郡,椎葉村,220
2020,45431,宮崎県,東臼杵郡,美郷町,217
2020,45441,宮崎県,西臼杵郡,高千穂町,212
2020,45442,宮崎県,西臼杵郡,日之影町,212
2020,45443,宮崎県,西臼杵郡,五ヶ瀬町,212
2020,46201,鹿児島県,,鹿児島市,221
2020,46203,鹿児島県,,鹿屋市,222
2020,46204,鹿児島県,,枕崎市,221
2020,46206,鹿児島県,,阿久根市,223
2020,46208,鹿児島県,,出水市,223
2020,46210,鹿児島県,,指宿市,221
2020,46213,鹿児島県,,西之表市,250
2020,46214,鹿児島県,,垂水市,222
2020,46215,鹿児島県,,薩摩川内市,221
2020,46216,鹿児島県,,日置市,221
2020,46217,鹿児島県,,曽於市,216
2020,46218,鹿児島県,,霧島市,224
2020,46219,鹿児島県,,いちき串木野市,221
2020,46220,鹿児島県,,南さつま市,221
2020,46221,鹿児島県,,志布志市,222
2020,46222,鹿児島県,,奄美市,251
2020,46223,鹿児島県,,南九州市,221
2020,46224,鹿児島県,,伊佐市,224
2020,46225,鹿児島県,,姶良市,224
2020,46303,鹿児島県,鹿児島郡,三島村,252
2020,46304,鹿児島県,鹿児島郡,十島村,253
2020,46392,鹿児島県,薩摩郡,さつま町,221
2020,46404,鹿児島県,出水郡,長島町,223
2020,46452,鹿児島県,姶良郡,湧水町,224
2020,46468,鹿児島県,曽於郡,大崎町,222
2020,46482,鹿児島県,肝属郡,東串良町,222
2020,46490,鹿児島県,肝属郡,錦江町,222
2020,46491,鹿児島県,肝属郡,南大隅町,222
2020,46492,鹿児島県,肝属郡,肝付町,222
2020,46501,鹿児島県,熊毛郡,中種子町,250
2020,46502,鹿児島県,熊毛郡,南種子町,250
2020,46505,鹿児島県,熊毛郡,屋久島町,254
2020,46523,鹿児島県,大島郡,大和村,251
2020,46524,鹿児島県,大島郡,宇検村,251
2020,46525,鹿児島県,大島郡,瀬戸内町,251
2020,46527,鹿児島県,大島郡,龍郷町,251
2020,46529,鹿児島県,大島郡,喜界町,255
2020,46530,鹿児島県,大島郡,徳之島町,256
2020,46531,鹿児島県,大島郡,天城町,256
2020,46532,鹿児島県,大島郡,伊仙町,256
2020,46533,鹿児島県,大島郡,和泊町,257
2020,46534,鹿児島県,大島郡,知名町,257
2020,46535,鹿児島県,大島郡,与論町,258
2020,47201,沖縄県,,那覇市,259
2020,47205,沖縄県,,宜野湾市,259
2020,47207,沖縄県,,石垣市,261
2020,47208,沖縄県,,浦添市,259
2020,47209,沖縄県,,名護市,260
2020,47210,沖縄県,,糸満市,259
2020,47211,沖縄県,,沖縄市,259
2020,47212,沖縄県,,豊見城市,259
2020,47213,沖縄県,,うるま市,259
2020,47214,沖縄県,,宮古島市,262
2020,47215,沖縄県,,南城市,259
2020,47301,沖縄県,国頭郡,国頭村,260
2020,47302,沖縄県,国頭郡,大宜味村,260
2020,47303,沖縄県,国頭郡,東村,260
2020,47306,沖縄県,国頭郡,今帰仁村,260
2020,47308,沖縄県,国頭郡,本部町,260
2020,47311,沖縄県,国頭郡,恩納村,259
2020,47313,沖縄県,国頭郡,宜野座村,260
2020,47314,沖縄県,国頭郡,金武町,259
2020,47315,沖縄県,国頭郡,伊江村,263
2020,47324,沖縄県,中頭郡,読谷村,259
2020,47325,沖縄県,中頭郡,嘉手納町,259
2020,47326,沖縄県,中頭郡,北谷町,259
2020,47327,沖縄県,中頭郡,北中城村,259
2020,47328,沖縄県,中頭郡,中城村,259
2020,47329,沖縄県,中頭郡,西原町,259
2020,47348,沖縄県,島尻郡,与那原町,259
2020,47350,沖縄県,島尻郡,南風原町,259
2020,47353,沖縄県,島尻郡,渡嘉敷村,264
2020,47354,沖縄県,島尻郡,座間味村,265
2020,47355,沖縄県,島尻郡,粟国村,266
2020,47356,沖縄県,島尻郡,渡名喜村,267
2020,47357,沖縄県,島尻郡,南大東村,268
2020,47358,沖縄県,島尻郡,北大東村,269
2020,47359,沖縄県,島尻郡,伊平屋村,270
2020,47360,沖縄県,島尻郡,伊是名村,271
2020,47361,沖縄県,島尻郡,久米島町,272
2020,47362,沖縄県,島尻郡,八重瀬町,259
2020,47375,沖縄県,宮古郡,多良間村,273
2020,47381,沖縄県,八重山郡,竹富町,274
2020,47382,沖縄県,八重山郡,与那国町,275
